reportNumber,incidentYear,cause,installationYear,material
20100001,2010,MECHANICAL_DAMAGE,2000,MATERIAL OTHER THAN CARBON STEEL
20100002,2010,OTHER,,CARBON STEEL
20100003,2010,EXTERNAL_CORROSION,1955,CARBON STEEL
20100004,2010,MECHANICAL_DAMAGE,,MATERIAL OTHER THAN CARBON STEEL
20100005,2010,INTERNAL_CORROSION,1928,CARBON STEEL
20100006,2010,OTHER,2003,CARBON STEEL
20100007,2010,OTHER,,CARBON STEEL
20100008,2010,OTHER,1977,CARBON STEEL
20100009,2010,MECHANICAL_DAMAGE,2000,CARBON STEEL
20100010,2010,MECHANICAL_DAMAGE,,
20100011,2010,OTHER,,
20100012,2010,MECHANICAL_DAMAGE,2005,CARBON STEEL
20100013,2010,MECHANICAL_DAMAGE,1959,MATERIAL OTHER THAN CARBON STEEL
20100014,2010,INTERNAL_CORROSION,1976,CARBON STEEL
20100015,2010,MECHANICAL_DAMAGE,,CARBON STEEL
20100016,2010,OTHER,2009,CARBON STEEL
20100017,2010,MECHANICAL_DAMAGE,1980,CARBON STEEL
20100018,2010,OTHER,,CARBON STEEL
20100019,2010,MECHANICAL_DAMAGE,,
20100020,2010,MECHANICAL_DAMAGE,2004,CARBON STEEL
20100021,2010,MATERIAL_FAILURE,1956,CARBON STEEL
20100022,2010,MECHANICAL_DAMAGE,,
20100023,2010,MATERIAL_FAILURE,,
20100024,2010,OTHER,,CARBON STEEL
20100025,2010,OTHER,,CARBON STEEL
20100026,2010,OTHER,,MATERIAL OTHER THAN CARBON STEEL
20100027,2010,OTHER,,CARBON STEEL
20100028,2010,MECHANICAL_DAMAGE,2010,CARBON STEEL
20100030,2010,MECHANICAL_DAMAGE,1964,CARBON STEEL
20100031,2010,MECHANICAL_DAMAGE,,
20100032,2010,MECHANICAL_DAMAGE,,
20100034,2010,OTHER,,
20100035,2010,OTHER,1967,CARBON STEEL
20100036,2010,MECHANICAL_DAMAGE,,MATERIAL OTHER THAN CARBON STEEL
20100037,2010,MATERIAL_FAILURE,1977,CARBON STEEL
20100038,2010,MECHANICAL_DAMAGE,,MATERIAL OTHER THAN CARBON STEEL
20100039,2010,MECHANICAL_DAMAGE,,MATERIAL OTHER THAN CARBON STEEL
20100040,2010,MECHANICAL_DAMAGE,,CARBON STEEL
20100041,2010,EXTERNAL_CORROSION,1940,CARBON STEEL
20100042,2010,INTERNAL_CORROSION,1987,CARBON STEEL
20100043,2010,MECHANICAL_DAMAGE,,
20100044,2010,MECHANICAL_DAMAGE,2005,MATERIAL OTHER THAN CARBON STEEL
20100045,2010,OTHER,1968,CARBON STEEL
20100046,2010,INTERNAL_CORROSION,,
20100048,2010,INTERNAL_CORROSION,1982,CARBON STEEL
20100049,2010,MECHANICAL_DAMAGE,,
20100050,2010,MECHANICAL_DAMAGE,,
20100051,2010,MECHANICAL_DAMAGE,1959,CARBON STEEL
20100052,2010,OTHER,,MATERIAL OTHER THAN CARBON STEEL
20100054,2010,MECHANICAL_DAMAGE,,CARBON STEEL
20100055,2010,INTERNAL_CORROSION,,
20100056,2010,MECHANICAL_DAMAGE,,CARBON STEEL
20100057,2010,OTHER,1981,CARBON STEEL
20100058,2010,OTHER,1960,CARBON STEEL
20100059,2010,MECHANICAL_DAMAGE,1952,CARBON STEEL
20100060,2010,MATERIAL_FAILURE,,CARBON STEEL
20100061,2010,OTHER,1999,CARBON STEEL
20100062,2010,MECHANICAL_DAMAGE,,
20100063,2010,INTERNAL_CORROSION,1999,CARBON STEEL
20100064,2010,OTHER,UNKNOWN,CARBON STEEL
20100065,2010,MECHANICAL_DAMAGE,,
20100066,2010,MECHANICAL_DAMAGE,1964,CARBON STEEL
20100067,2010,MATERIAL_FAILURE,1979,CARBON STEEL
20100068,2010,MECHANICAL_DAMAGE,,
20100069,2010,MECHANICAL_DAMAGE,,MATERIAL OTHER THAN CARBON STEEL
20100070,2010,OTHER,UNKNOWN,CARBON STEEL
20100071,2010,MECHANICAL_DAMAGE,,CARBON STEEL
20100072,2010,MECHANICAL_DAMAGE,,
20100073,2010,OTHER,,
20100074,2010,MECHANICAL_DAMAGE,2003,CARBON STEEL
20100075,2010,MATERIAL_FAILURE,,CARBON STEEL
20100076,2010,INTERNAL_CORROSION,,
20100077,2010,MECHANICAL_DAMAGE,2010,CARBON STEEL
20100078,2010,MECHANICAL_DAMAGE,2008,MATERIAL OTHER THAN CARBON STEEL
20100079,2010,OTHER,1977,CARBON STEEL
20100080,2010,INTERNAL_CORROSION,,CARBON STEEL
20100081,2010,MATERIAL_FAILURE,1959,CARBON STEEL
20100082,2010,OTHER,2008,CARBON STEEL
20100083,2010,MECHANICAL_DAMAGE,1969,CARBON STEEL
20100084,2010,OTHER,1995,CARBON STEEL
20100085,2010,MECHANICAL_DAMAGE,1991,CARBON STEEL
20100086,2010,MECHANICAL_DAMAGE,,CARBON STEEL
20100087,2010,MECHANICAL_DAMAGE,,
20100088,2010,EXTERNAL_CORROSION,,
20100089,2010,INTERNAL_CORROSION,,
20100090,2010,MECHANICAL_DAMAGE,,CARBON STEEL
20100091,2010,MECHANICAL_DAMAGE,,
20100092,2010,EXTERNAL_CORROSION,1959,CARBON STEEL
20100093,2010,MATERIAL_FAILURE,1949,CARBON STEEL
20100094,2010,MECHANICAL_DAMAGE,1996,CARBON STEEL
20100095,2010,MECHANICAL_DAMAGE,1968,CARBON STEEL
20100096,2010,EXTERNAL_CORROSION,1951,CARBON STEEL
20100097,2010,OTHER,2005,MATERIAL OTHER THAN CARBON STEEL
20100098,2010,MATERIAL_FAILURE,1968,CARBON STEEL
20100099,2010,MECHANICAL_DAMAGE,,
20100100,2010,OTHER,,CARBON STEEL
20100101,2010,MECHANICAL_DAMAGE,2007,MATERIAL OTHER THAN CARBON STEEL
20100102,2010,MECHANICAL_DAMAGE,,CARBON STEEL
20100103,2010,MECHANICAL_DAMAGE,,CARBON STEEL
20100104,2010,MECHANICAL_DAMAGE,,
20100105,2010,EXTERNAL_CORROSION,1961,CARBON STEEL
20100106,2010,INTERNAL_CORROSION,1992,CARBON STEEL
20100107,2010,MECHANICAL_DAMAGE,,CARBON STEEL
20100108,2010,MECHANICAL_DAMAGE,,MATERIAL OTHER THAN CARBON STEEL
20100109,2010,OTHER,1979,CARBON STEEL
20100110,2010,MECHANICAL_DAMAGE,,
20100111,2010,MECHANICAL_DAMAGE,,MATERIAL OTHER THAN CARBON STEEL
20100112,2010,MECHANICAL_DAMAGE,1988,MATERIAL OTHER THAN CARBON STEEL
20100113,2010,EXTERNAL_CORROSION,,CARBON STEEL
20100114,2010,EXTERNAL_CORROSION,1965,CARBON STEEL
20100115,2010,MATERIAL_FAILURE,1964,CARBON STEEL
20100116,2010,MECHANICAL_DAMAGE,,MATERIAL OTHER THAN CARBON STEEL
20100117,2010,EXTERNAL_CORROSION,,
20100118,2010,EXTERNAL_CORROSION,1976,CARBON STEEL
20100119,2010,MECHANICAL_DAMAGE,2009,CARBON STEEL
20100120,2010,INTERNAL_CORROSION,1949,CARBON STEEL
20100121,2010,MECHANICAL_DAMAGE,,CARBON STEEL
20100122,2010,MECHANICAL_DAMAGE,,
20100123,2010,MATERIAL_FAILURE,1988,CARBON STEEL
20100124,2010,OTHER,1975,CARBON STEEL
20100125,2010,MECHANICAL_DAMAGE,,
20100126,2010,OTHER,,CARBON STEEL
20100127,2010,INTERNAL_CORROSION,,
20100128,2010,MATERIAL_FAILURE,1948,CARBON STEEL
20100129,2010,MECHANICAL_DAMAGE,,
20100130,2010,MATERIAL_FAILURE,1953,CARBON STEEL
20100131,2010,MECHANICAL_DAMAGE,2010,CARBON STEEL
20100132,2010,MECHANICAL_DAMAGE,,CARBON STEEL
20100133,2010,EXTERNAL_CORROSION,1942,CARBON STEEL
20100134,2010,MECHANICAL_DAMAGE,,
20100135,2010,MECHANICAL_DAMAGE,2010,MATERIAL OTHER THAN CARBON STEEL
20100136,2010,MECHANICAL_DAMAGE,2007,CARBON STEEL
20100137,2010,MECHANICAL_DAMAGE,1992,CARBON STEEL
20100138,2010,MECHANICAL_DAMAGE,2008,CARBON STEEL
20100139,2010,EXTERNAL_CORROSION,1982,CARBON STEEL
20100140,2010,MATERIAL_FAILURE,1968,CARBON STEEL
20100142,2010,MATERIAL_FAILURE,1958,CARBON STEEL
20100143,2010,MECHANICAL_DAMAGE,,
20100144,2010,MECHANICAL_DAMAGE,,
20100145,2010,MECHANICAL_DAMAGE,,MATERIAL OTHER THAN CARBON STEEL
20100146,2010,OTHER,1952,CARBON STEEL
20100147,2010,OTHER,1984,CARBON STEEL
20100148,2010,MECHANICAL_DAMAGE,,
20100149,2010,MECHANICAL_DAMAGE,,CARBON STEEL
20100150,2010,OTHER,,CARBON STEEL
20100151,2010,MECHANICAL_DAMAGE,1995,CARBON STEEL
20100152,2010,OTHER,,
20100153,2010,MECHANICAL_DAMAGE,,
20100154,2010,OTHER,2010,CARBON STEEL
20100155,2010,INTERNAL_CORROSION,,
20100156,2010,MECHANICAL_DAMAGE,2002,MATERIAL OTHER THAN CARBON STEEL
20100157,2010,INTERNAL_CORROSION,1978,CARBON STEEL
20100158,2010,EXTERNAL_CORROSION,1946,CARBON STEEL
20100159,2010,MATERIAL_FAILURE,1967,CARBON STEEL
20100160,2010,INTERNAL_CORROSION,,
20100161,2010,EXTERNAL_CORROSION,,CARBON STEEL
20100162,2010,MECHANICAL_DAMAGE,2009,CARBON STEEL
20100163,2010,MECHANICAL_DAMAGE,1961,CARBON STEEL
20100165,2010,OTHER,1997,CARBON STEEL
20100166,2010,MECHANICAL_DAMAGE,2009,CARBON STEEL
20100167,2010,MECHANICAL_DAMAGE,,
20100168,2010,MECHANICAL_DAMAGE,,MATERIAL OTHER THAN CARBON STEEL
20100169,2010,MECHANICAL_DAMAGE,,CARBON STEEL
20100170,2010,INTERNAL_CORROSION,,CARBON STEEL
20100171,2010,MECHANICAL_DAMAGE,2005,CARBON STEEL
20100172,2010,MECHANICAL_DAMAGE,,CARBON STEEL
20100173,2010,MECHANICAL_DAMAGE,,CARBON STEEL
20100174,2010,INTERNAL_CORROSION,1977,CARBON STEEL
20100175,2010,INTERNAL_CORROSION,,
20100176,2010,MECHANICAL_DAMAGE,,MATERIAL OTHER THAN CARBON STEEL
20100177,2010,OTHER,2000,CARBON STEEL
20100178,2010,MECHANICAL_DAMAGE,1957,MATERIAL OTHER THAN CARBON STEEL
20100179,2010,MATERIAL_FAILURE,1968,CARBON STEEL
20100180,2010,INTERNAL_CORROSION,1974,CARBON STEEL
20100181,2010,MATERIAL_FAILURE,1969,CARBON STEEL
20100182,2010,MECHANICAL_DAMAGE,,
20100183,2010,MECHANICAL_DAMAGE,1998,CARBON STEEL
20100184,2010,MECHANICAL_DAMAGE,1951,MATERIAL OTHER THAN CARBON STEEL
20100185,2010,MECHANICAL_DAMAGE,1988,CARBON STEEL
20100186,2010,INTERNAL_CORROSION,1954,CARBON STEEL
20100187,2010,MECHANICAL_DAMAGE,1950,CARBON STEEL
20100188,2010,INTERNAL_CORROSION,,CARBON STEEL
20100189,2010,OTHER,,CARBON STEEL
20100190,2010,INTERNAL_CORROSION,,
20100191,2010,OTHER,,CARBON STEEL
20100192,2010,MECHANICAL_DAMAGE,,
20100193,2010,MECHANICAL_DAMAGE,1994,CARBON STEEL
20100194,2010,MECHANICAL_DAMAGE,,
20100195,2010,MATERIAL_FAILURE,1976,CARBON STEEL
20100196,2010,MECHANICAL_DAMAGE,,CARBON STEEL
20100197,2010,INTERNAL_CORROSION,2004,CARBON STEEL
20100198,2010,MECHANICAL_DAMAGE,,CARBON STEEL
20100199,2010,EXTERNAL_CORROSION,1965,CARBON STEEL
20100200,2010,MECHANICAL_DAMAGE,2009,CARBON STEEL
20100201,2010,EXTERNAL_CORROSION,1948,CARBON STEEL
20100202,2010,OTHER,2000,CARBON STEEL
20100203,2010,MECHANICAL_DAMAGE,1980,MATERIAL OTHER THAN CARBON STEEL
20100204,2010,OTHER,,
20100205,2010,INTERNAL_CORROSION,1959,CARBON STEEL
20100206,2010,INTERNAL_CORROSION,,
20100207,2010,MECHANICAL_DAMAGE,,CARBON STEEL
20100208,2010,MECHANICAL_DAMAGE,1990,MATERIAL OTHER THAN CARBON STEEL
20100209,2010,OTHER,2000,MATERIAL OTHER THAN CARBON STEEL
20100210,2010,OTHER,2002,MATERIAL OTHER THAN CARBON STEEL
20100211,2010,MECHANICAL_DAMAGE,1999,CARBON STEEL
20100212,2010,MECHANICAL_DAMAGE,UNKNOWN,CARBON STEEL
20100213,2010,OTHER,1977,CARBON STEEL
20100214,2010,OTHER,2002,MATERIAL OTHER THAN CARBON STEEL
20100215,2010,OTHER,2000,CARBON STEEL
20100216,2010,MECHANICAL_DAMAGE,,
20100217,2010,OTHER,,CARBON STEEL
20100218,2010,OTHER,,CARBON STEEL
20100219,2010,MECHANICAL_DAMAGE,2009,MATERIAL OTHER THAN CARBON STEEL
20100220,2010,MATERIAL_FAILURE,1963,CARBON STEEL
20100221,2010,OTHER,1968,CARBON STEEL
20100222,2010,OTHER,1960,CARBON STEEL
20100223,2010,OTHER,,
20100224,2010,OTHER,1954,CARBON STEEL
20100225,2010,MATERIAL_FAILURE,,
20100226,2010,EXTERNAL_CORROSION,1958,CARBON STEEL
20100227,2010,MECHANICAL_DAMAGE,,CARBON STEEL
20100228,2010,MATERIAL_FAILURE,1952,CARBON STEEL
20100229,2010,OTHER,,
20100230,2010,OTHER,,
20100231,2010,INTERNAL_CORROSION,,CARBON STEEL
20100232,2010,MATERIAL_FAILURE,,
20100233,2010,MATERIAL_FAILURE,1952,CARBON STEEL
20100234,2010,INTERNAL_CORROSION,,
20100235,2010,OTHER,,
20100236,2010,MECHANICAL_DAMAGE,,
20100237,2010,MECHANICAL_DAMAGE,,
20100238,2010,MECHANICAL_DAMAGE,1997,CARBON STEEL
20100239,2010,EXTERNAL_CORROSION,,CARBON STEEL
20100240,2010,MECHANICAL_DAMAGE,2008,MATERIAL OTHER THAN CARBON STEEL
20100241,2010,OTHER,1955,CARBON STEEL
20100242,2010,INTERNAL_CORROSION,,
20100243,2010,OTHER,,MATERIAL OTHER THAN CARBON STEEL
20100244,2010,OTHER,,
20100245,2010,MECHANICAL_DAMAGE,,CARBON STEEL
20100246,2010,EXTERNAL_CORROSION,1981,CARBON STEEL
20100247,2010,OTHER,,CARBON STEEL
20100248,2010,MECHANICAL_DAMAGE,,
20100249,2010,MECHANICAL_DAMAGE,,MATERIAL OTHER THAN CARBON STEEL
20100250,2010,MECHANICAL_DAMAGE,,
20100251,2010,MECHANICAL_DAMAGE,,CARBON STEEL
20100252,2010,MATERIAL_FAILURE,1967,CARBON STEEL
20100253,2010,OTHER,,
20100254,2010,MECHANICAL_DAMAGE,,
20100255,2010,OTHER,,
20100256,2010,MECHANICAL_DAMAGE,,
20100257,2010,MECHANICAL_DAMAGE,,
20100258,2010,MECHANICAL_DAMAGE,1960,CARBON STEEL
20100259,2010,MECHANICAL_DAMAGE,,
20100260,2010,OTHER,,
20100261,2010,MECHANICAL_DAMAGE,,
20100262,2010,MATERIAL_FAILURE,1969,CARBON STEEL
20100263,2010,INTERNAL_CORROSION,,
20100264,2010,MECHANICAL_DAMAGE,,
20100265,2010,MECHANICAL_DAMAGE,,
20100266,2010,MECHANICAL_DAMAGE,,
20100267,2010,MECHANICAL_DAMAGE,,
20100268,2010,MECHANICAL_DAMAGE,1979,CARBON STEEL
20100269,2010,MECHANICAL_DAMAGE,,
20100270,2010,MECHANICAL_DAMAGE,2008,MATERIAL OTHER THAN CARBON STEEL
20100271,2010,MECHANICAL_DAMAGE,2010,MATERIAL OTHER THAN CARBON STEEL
20100272,2010,MECHANICAL_DAMAGE,,CARBON STEEL
20100273,2010,MECHANICAL_DAMAGE,,
20100274,2010,MECHANICAL_DAMAGE,1993,MATERIAL OTHER THAN CARBON STEEL
20100275,2010,MECHANICAL_DAMAGE,1975,CARBON STEEL
20100276,2010,MECHANICAL_DAMAGE,2009,MATERIAL OTHER THAN CARBON STEEL
20100277,2010,MECHANICAL_DAMAGE,UNKNOWN,MATERIAL OTHER THAN CARBON STEEL
20100278,2010,EXTERNAL_CORROSION,1943,CARBON STEEL
20100279,2010,MECHANICAL_DAMAGE,,CARBON STEEL
20100280,2010,MECHANICAL_DAMAGE,,
20100281,2010,MECHANICAL_DAMAGE,,
20100282,2010,OTHER,,CARBON STEEL
20100283,2010,INTERNAL_CORROSION,,
20100284,2010,MECHANICAL_DAMAGE,,CARBON STEEL
20100285,2010,OTHER,,
20100287,2010,EXTERNAL_CORROSION,1952,CARBON STEEL
20100288,2010,INTERNAL_CORROSION,1954,CARBON STEEL
20100289,2010,EXTERNAL_CORROSION,,
20100290,2010,MATERIAL_FAILURE,1954,CARBON STEEL
20100291,2010,MECHANICAL_DAMAGE,1963,CARBON STEEL
20100292,2010,MECHANICAL_DAMAGE,1973,CARBON STEEL
20100293,2010,MECHANICAL_DAMAGE,,
20100294,2010,MATERIAL_FAILURE,1929,CARBON STEEL
20100295,2010,MECHANICAL_DAMAGE,,
20100296,2010,MECHANICAL_DAMAGE,,
20100297,2010,MECHANICAL_DAMAGE,,
20100298,2010,MECHANICAL_DAMAGE,,
20100299,2010,MATERIAL_FAILURE,1968,CARBON STEEL
20100300,2010,MECHANICAL_DAMAGE,2007,CARBON STEEL
20100301,2010,OTHER,,
20100302,2010,MECHANICAL_DAMAGE,,
20100303,2010,MECHANICAL_DAMAGE,,
20100304,2010,MECHANICAL_DAMAGE,,
20100305,2010,EXTERNAL_CORROSION,,
20100306,2010,MECHANICAL_DAMAGE,,
20100307,2010,MECHANICAL_DAMAGE,,
20100308,2010,MECHANICAL_DAMAGE,2005,CARBON STEEL
20100309,2010,INTERNAL_CORROSION,,
20100310,2010,MECHANICAL_DAMAGE,2010,MATERIAL OTHER THAN CARBON STEEL
20100311,2010,MATERIAL_FAILURE,1981,CARBON STEEL
20100312,2010,MATERIAL_FAILURE,,
20100313,2010,MECHANICAL_DAMAGE,,
20100314,2010,MECHANICAL_DAMAGE,,
20100315,2010,OTHER,1951,CARBON STEEL
20100316,2010,INTERNAL_CORROSION,1932,CARBON STEEL
20100317,2010,OTHER,,CARBON STEEL
20110002,2010,OTHER,,
20110003,2010,MECHANICAL_DAMAGE,,
20110004,2010,INTERNAL_CORROSION,1982,CARBON STEEL
20110005,2010,MECHANICAL_DAMAGE,,
20110007,2010,OTHER,,
20110008,2010,MECHANICAL_DAMAGE,1960,CARBON STEEL
20110009,2010,EXTERNAL_CORROSION,1971,CARBON STEEL
20110010,2010,OTHER,,MATERIAL OTHER THAN CARBON STEEL
20110011,2010,MECHANICAL_DAMAGE,1958,CARBON STEEL
20110012,2010,INTERNAL_CORROSION,1973,CARBON STEEL
20110013,2010,MECHANICAL_DAMAGE,,
20110014,2010,OTHER,1954,CARBON STEEL
20110015,2010,MECHANICAL_DAMAGE,,
20110016,2010,EXTERNAL_CORROSION,,
20110017,2010,MECHANICAL_DAMAGE,,CARBON STEEL
20110018,2010,INTERNAL_CORROSION,1994,CARBON STEEL
20110019,2010,MECHANICAL_DAMAGE,,
20110020,2010,EXTERNAL_CORROSION,,
20110021,2010,MATERIAL_FAILURE,2009,CARBON STEEL
20110022,2011,MECHANICAL_DAMAGE,,
20110023,2011,MECHANICAL_DAMAGE,,
20110024,2010,OTHER,,
20110025,2010,INTERNAL_CORROSION,1935,CARBON STEEL
20110026,2011,MECHANICAL_DAMAGE,2010,MATERIAL OTHER THAN CARBON STEEL
20110027,2010,EXTERNAL_CORROSION,1968,CARBON STEEL
20110028,2011,OTHER,,MATERIAL OTHER THAN CARBON STEEL
20110029,2011,MECHANICAL_DAMAGE,1979,CARBON STEEL
20110030,2010,MECHANICAL_DAMAGE,2009,CARBON STEEL
20110031,2011,MECHANICAL_DAMAGE,,MATERIAL OTHER THAN CARBON STEEL
20110032,2011,MECHANICAL_DAMAGE,,CARBON STEEL
20110033,2011,MECHANICAL_DAMAGE,,
20110034,2011,MECHANICAL_DAMAGE,,MATERIAL OTHER THAN CARBON STEEL
20110035,2011,EXTERNAL_CORROSION,,
20110036,2010,MATERIAL_FAILURE,1981,CARBON STEEL
20110037,2010,MECHANICAL_DAMAGE,,
20110038,2011,INTERNAL_CORROSION,1975,CARBON STEEL
20110039,2011,OTHER,,
20110040,2011,OTHER,,
20110041,2011,INTERNAL_CORROSION,,
20110042,2011,OTHER,,
20110043,2011,MECHANICAL_DAMAGE,,MATERIAL OTHER THAN CARBON STEEL
20110044,2011,MECHANICAL_DAMAGE,,MATERIAL OTHER THAN CARBON STEEL
20110045,2011,INTERNAL_CORROSION,1959,CARBON STEEL
20110046,2011,MECHANICAL_DAMAGE,,
20110047,2011,MECHANICAL_DAMAGE,1995,CARBON STEEL
20110048,2011,INTERNAL_CORROSION,,
20110049,2011,MECHANICAL_DAMAGE,,
20110050,2011,MECHANICAL_DAMAGE,1953,CARBON STEEL
20110051,2011,OTHER,2000,CARBON STEEL
20110052,2011,OTHER,1965,CARBON STEEL
20110053,2011,OTHER,,CARBON STEEL
20110054,2011,MECHANICAL_DAMAGE,,
20110055,2011,MECHANICAL_DAMAGE,,
20110056,2011,MECHANICAL_DAMAGE,1982,CARBON STEEL
20110057,2011,MECHANICAL_DAMAGE,2003,MATERIAL OTHER THAN CARBON STEEL
20110058,2011,OTHER,2007,CARBON STEEL
20110059,2011,EXTERNAL_CORROSION,1974,CARBON STEEL
20110060,2011,MECHANICAL_DAMAGE,,
20110061,2011,MECHANICAL_DAMAGE,2009,MATERIAL OTHER THAN CARBON STEEL
20110062,2011,MECHANICAL_DAMAGE,,
20110063,2011,MECHANICAL_DAMAGE,1993,CARBON STEEL
20110064,2011,MECHANICAL_DAMAGE,2001,CARBON STEEL
20110065,2011,MECHANICAL_DAMAGE,,CARBON STEEL
20110066,2011,INTERNAL_CORROSION,,
20110067,2010,MECHANICAL_DAMAGE,,
20110068,2010,INTERNAL_CORROSION,,CARBON STEEL
20110069,2010,INTERNAL_CORROSION,1949,CARBON STEEL
20110070,2010,MATERIAL_FAILURE,2006,CARBON STEEL
20110071,2010,MATERIAL_FAILURE,1974,CARBON STEEL
20110072,2011,OTHER,,
20110073,2010,OTHER,,
20110074,2011,OTHER,,MATERIAL OTHER THAN CARBON STEEL
20110075,2011,MECHANICAL_DAMAGE,,
20110077,2011,OTHER,,CARBON STEEL
20110078,2011,MECHANICAL_DAMAGE,1954,CARBON STEEL
20110079,2011,OTHER,,
20110080,2011,INTERNAL_CORROSION,1948,MATERIAL OTHER THAN CARBON STEEL
20110081,2011,OTHER,2010,CARBON STEEL
20110082,2011,OTHER,2009,MATERIAL OTHER THAN CARBON STEEL
20110083,2010,OTHER,,CARBON STEEL
20110084,2011,MECHANICAL_DAMAGE,,
20110085,2011,EXTERNAL_CORROSION,1937,CARBON STEEL
20110086,2011,INTERNAL_CORROSION,1980,CARBON STEEL
20110087,2011,MECHANICAL_DAMAGE,,
20110088,2011,OTHER,,
20110089,2011,MECHANICAL_DAMAGE,1985,CARBON STEEL
20110090,2011,MECHANICAL_DAMAGE,,
20110092,2011,OTHER,,
20110093,2011,OTHER,,
20110094,2010,MECHANICAL_DAMAGE,1988,CARBON STEEL
20110095,2011,MECHANICAL_DAMAGE,,
20110096,2011,MECHANICAL_DAMAGE,,
20110097,2011,OTHER,,
20110098,2011,MECHANICAL_DAMAGE,,
20110099,2011,INTERNAL_CORROSION,,CARBON STEEL
20110101,2011,OTHER,,
20110102,2011,MECHANICAL_DAMAGE,,
20110103,2011,OTHER,,
20110104,2011,MECHANICAL_DAMAGE,1955,CARBON STEEL
20110105,2011,MATERIAL_FAILURE,1962,CARBON STEEL
20110106,2011,MATERIAL_FAILURE,2010,CARBON STEEL
20110107,2011,OTHER,,
20110108,2011,MECHANICAL_DAMAGE,,
20110109,2011,OTHER,,
20110110,2011,MECHANICAL_DAMAGE,1999,MATERIAL OTHER THAN CARBON STEEL
20110111,2011,OTHER,,
20110112,2011,OTHER,1963,CARBON STEEL
20110113,2011,OTHER,,CARBON STEEL
20110114,2011,MATERIAL_FAILURE,,
20110115,2011,MECHANICAL_DAMAGE,,
20110116,2011,OTHER,1940,CARBON STEEL
20110117,2011,MECHANICAL_DAMAGE,,CARBON STEEL
20110118,2011,EXTERNAL_CORROSION,1955,CARBON STEEL
20110119,2011,MECHANICAL_DAMAGE,,
20110120,2011,EXTERNAL_CORROSION,1951,CARBON STEEL
20110121,2011,MATERIAL_FAILURE,1954,CARBON STEEL
20110122,2011,MECHANICAL_DAMAGE,,
20110123,2011,MECHANICAL_DAMAGE,,
20110124,2011,MECHANICAL_DAMAGE,,
20110125,2011,MECHANICAL_DAMAGE,,
20110126,2011,EXTERNAL_CORROSION,1952,CARBON STEEL
20110127,2011,MECHANICAL_DAMAGE,,
20110128,2011,MECHANICAL_DAMAGE,,
20110129,2011,MECHANICAL_DAMAGE,2009,CARBON STEEL
20110130,2011,INTERNAL_CORROSION,1950,CARBON STEEL
20110131,2011,INTERNAL_CORROSION,,
20110132,2011,EXTERNAL_CORROSION,,
20110133,2011,MECHANICAL_DAMAGE,,
20110134,2011,MECHANICAL_DAMAGE,,
20110135,2011,MECHANICAL_DAMAGE,,
20110136,2011,OTHER,,
20110137,2011,MECHANICAL_DAMAGE,,
20110138,2011,EXTERNAL_CORROSION,1961,CARBON STEEL
20110139,2011,MATERIAL_FAILURE,,
20110140,2011,MECHANICAL_DAMAGE,2002,MATERIAL OTHER THAN CARBON STEEL
20110141,2011,EXTERNAL_CORROSION,1967,CARBON STEEL
20110142,2011,MECHANICAL_DAMAGE,,
20110143,2011,INTERNAL_CORROSION,,
20110144,2011,MECHANICAL_DAMAGE,1996,CARBON STEEL
20110145,2011,MECHANICAL_DAMAGE,,
20110146,2011,MECHANICAL_DAMAGE,1987,CARBON STEEL
20110147,2011,OTHER,,
20110148,2011,MECHANICAL_DAMAGE,1999,MATERIAL OTHER THAN CARBON STEEL
20110149,2011,MECHANICAL_DAMAGE,2010,CARBON STEEL
20110150,2011,MECHANICAL_DAMAGE,,
20110153,2011,MECHANICAL_DAMAGE,1969,CARBON STEEL
20110154,2011,MECHANICAL_DAMAGE,,
20110155,2010,OTHER,1968,CARBON STEEL
20110156,2011,INTERNAL_CORROSION,1952,CARBON STEEL
20110157,2011,MECHANICAL_DAMAGE,,
20110159,2011,MECHANICAL_DAMAGE,,
20110160,2011,MECHANICAL_DAMAGE,,
20110163,2011,MECHANICAL_DAMAGE,,
20110165,2011,INTERNAL_CORROSION,1973,CARBON STEEL
20110171,2011,MECHANICAL_DAMAGE,2009,CARBON STEEL
20110172,2011,OTHER,1952,CARBON STEEL
20110176,2011,OTHER,2011,MATERIAL OTHER THAN CARBON STEEL
20110178,2011,OTHER,2011,CARBON STEEL
20110180,2011,EXTERNAL_CORROSION,,CARBON STEEL
20110181,2011,MECHANICAL_DAMAGE,2008,CARBON STEEL
20110182,2011,MECHANICAL_DAMAGE,,
20110183,2011,OTHER,,
20110185,2011,MECHANICAL_DAMAGE,,
20110187,2011,MECHANICAL_DAMAGE,2007,CARBON STEEL
20110188,2011,INTERNAL_CORROSION,,
20110189,2011,EXTERNAL_CORROSION,1966,CARBON STEEL
20110191,2011,MECHANICAL_DAMAGE,,CARBON STEEL
20110192,2011,EXTERNAL_CORROSION,UNKNOWN,CARBON STEEL
20110196,2011,MECHANICAL_DAMAGE,,
20110197,2011,MECHANICAL_DAMAGE,,
20110201,2011,MECHANICAL_DAMAGE,,
20110206,2011,MATERIAL_FAILURE,,CARBON STEEL
20110208,2011,MECHANICAL_DAMAGE,2009,CARBON STEEL
20110209,2011,MECHANICAL_DAMAGE,,
20110210,2011,MECHANICAL_DAMAGE,,CARBON STEEL
20110212,2011,MECHANICAL_DAMAGE,,
20110216,2011,INTERNAL_CORROSION,,
20110217,2011,MECHANICAL_DAMAGE,1921,CARBON STEEL
20110218,2011,OTHER,,CARBON STEEL
20110219,2011,MATERIAL_FAILURE,1976,CARBON STEEL
20110220,2011,MECHANICAL_DAMAGE,1997,CARBON STEEL
20110223,2011,MECHANICAL_DAMAGE,,
20110225,2011,INTERNAL_CORROSION,,
20110230,2011,MECHANICAL_DAMAGE,,
20110234,2011,INTERNAL_CORROSION,1999,CARBON STEEL
20110236,2011,MECHANICAL_DAMAGE,1967,CARBON STEEL
20110237,2011,OTHER,,
20110238,2011,MECHANICAL_DAMAGE,,
20110241,2011,INTERNAL_CORROSION,,CARBON STEEL
20110242,2011,INTERNAL_CORROSION,1986,CARBON STEEL
20110243,2011,MECHANICAL_DAMAGE,1986,CARBON STEEL
20110244,2011,MECHANICAL_DAMAGE,,MATERIAL OTHER THAN CARBON STEEL
20110245,2011,INTERNAL_CORROSION,,
20110246,2011,MECHANICAL_DAMAGE,,
20110247,2011,INTERNAL_CORROSION,,CARBON STEEL
20110248,2011,MECHANICAL_DAMAGE,,
20110249,2011,EXTERNAL_CORROSION,,CARBON STEEL
20110250,2011,INTERNAL_CORROSION,1945,CARBON STEEL
20110251,2011,MATERIAL_FAILURE,1972,CARBON STEEL
20110253,2011,MECHANICAL_DAMAGE,,MATERIAL OTHER THAN CARBON STEEL
20110255,2011,INTERNAL_CORROSION,,CARBON STEEL
20110257,2011,INTERNAL_CORROSION,,
20110258,2011,MECHANICAL_DAMAGE,,
20110259,2011,MATERIAL_FAILURE,UNKNOWN,CARBON STEEL
20110262,2011,OTHER,1991,CARBON STEEL
20110266,2010,EXTERNAL_CORROSION,1929,CARBON STEEL
20110268,2011,OTHER,2011,CARBON STEEL
20110270,2011,MECHANICAL_DAMAGE,,
20110272,2011,MATERIAL_FAILURE,1950,CARBON STEEL
20110274,2011,INTERNAL_CORROSION,,
20110275,2011,MECHANICAL_DAMAGE,,
20110276,2011,MECHANICAL_DAMAGE,,
20110279,2011,OTHER,,
20110283,2011,MECHANICAL_DAMAGE,,
20110286,2011,MATERIAL_FAILURE,,
20110289,2011,INTERNAL_CORROSION,1953,CARBON STEEL
20110292,2011,MATERIAL_FAILURE,,
20110293,2011,MECHANICAL_DAMAGE,,
20110295,2011,MECHANICAL_DAMAGE,1955,CARBON STEEL
20110296,2011,OTHER,,
20110298,2011,OTHER,,
20110299,2011,MATERIAL_FAILURE,,
20110300,2011,EXTERNAL_CORROSION,1967,CARBON STEEL
20110302,2011,MECHANICAL_DAMAGE,,
20110303,2011,MECHANICAL_DAMAGE,1972,CARBON STEEL
20110304,2011,INTERNAL_CORROSION,1950,CARBON STEEL
20110305,2011,INTERNAL_CORROSION,,
20110309,2011,MECHANICAL_DAMAGE,1989,CARBON STEEL
20110310,2011,MECHANICAL_DAMAGE,,
20110312,2011,MECHANICAL_DAMAGE,,
20110314,2011,MECHANICAL_DAMAGE,,
20110315,2011,MECHANICAL_DAMAGE,2011,MATERIAL OTHER THAN CARBON STEEL
20110317,2011,MECHANICAL_DAMAGE,,CARBON STEEL
20110319,2011,MATERIAL_FAILURE,1958,CARBON STEEL
20110321,2011,EXTERNAL_CORROSION,,
20110322,2011,MECHANICAL_DAMAGE,,
20110323,2011,EXTERNAL_CORROSION,1998,CARBON STEEL
20110324,2011,INTERNAL_CORROSION,1985,CARBON STEEL
20110325,2011,MECHANICAL_DAMAGE,,
20110328,2011,MECHANICAL_DAMAGE,,
20110329,2011,OTHER,1967,CARBON STEEL
20110330,2011,MECHANICAL_DAMAGE,,
20110331,2011,EXTERNAL_CORROSION,1998,CARBON STEEL
20110333,2011,MECHANICAL_DAMAGE,,
20110334,2011,INTERNAL_CORROSION,,
20110335,2011,OTHER,1993,CARBON STEEL
20110337,2011,INTERNAL_CORROSION,2004,CARBON STEEL
20110339,2011,OTHER,1994,CARBON STEEL
20110341,2011,OTHER,1953,CARBON STEEL
20110344,2011,MECHANICAL_DAMAGE,,
20110347,2011,MECHANICAL_DAMAGE,,
20110349,2011,MECHANICAL_DAMAGE,2009,MATERIAL OTHER THAN CARBON STEEL
20110351,2011,MECHANICAL_DAMAGE,,
20110352,2011,INTERNAL_CORROSION,,
20110353,2011,MECHANICAL_DAMAGE,1957,CARBON STEEL
20110355,2011,MECHANICAL_DAMAGE,1998,MATERIAL OTHER THAN CARBON STEEL
20110356,2011,OTHER,,
20110358,2011,INTERNAL_CORROSION,,CARBON STEEL
20110359,2011,MECHANICAL_DAMAGE,,
20110361,2011,INTERNAL_CORROSION,,
20110362,2011,INTERNAL_CORROSION,,
20110363,2011,MECHANICAL_DAMAGE,1957,CARBON STEEL
20110365,2011,OTHER,,
20110366,2011,MECHANICAL_DAMAGE,,
20110368,2011,OTHER,,
20110369,2011,INTERNAL_CORROSION,,
20110370,2011,OTHER,1971,CARBON STEEL
20110371,2011,MECHANICAL_DAMAGE,UNKNOWN,CARBON STEEL
20110372,2011,MECHANICAL_DAMAGE,2008,MATERIAL OTHER THAN CARBON STEEL
20110374,2011,MECHANICAL_DAMAGE,1981,CARBON STEEL
20110375,2010,INTERNAL_CORROSION,,
20110376,2010,MECHANICAL_DAMAGE,2008,MATERIAL OTHER THAN CARBON STEEL
20110377,2011,MECHANICAL_DAMAGE,2011,CARBON STEEL
20110378,2011,MECHANICAL_DAMAGE,2002,MATERIAL OTHER THAN CARBON STEEL
20110379,2011,EXTERNAL_CORROSION,,
20110380,2011,MATERIAL_FAILURE,1967,CARBON STEEL
20110381,2011,EXTERNAL_CORROSION,2010,CARBON STEEL
20110382,2011,OTHER,,
20110383,2011,EXTERNAL_CORROSION,1978,CARBON STEEL
20110384,2011,OTHER,1997,CARBON STEEL
20110385,2011,MECHANICAL_DAMAGE,UNKNOWN,MATERIAL OTHER THAN CARBON STEEL
20110386,2011,EXTERNAL_CORROSION,1955,CARBON STEEL
20110387,2011,MECHANICAL_DAMAGE,,
20110388,2011,INTERNAL_CORROSION,1950,CARBON STEEL
20110389,2011,MECHANICAL_DAMAGE,,
20110390,2011,INTERNAL_CORROSION,1974,CARBON STEEL
20110391,2011,MECHANICAL_DAMAGE,1953,CARBON STEEL
20110392,2011,EXTERNAL_CORROSION,,
20110393,2011,MECHANICAL_DAMAGE,2011,MATERIAL OTHER THAN CARBON STEEL
20110394,2011,MECHANICAL_DAMAGE,2010,CARBON STEEL
20110395,2011,MECHANICAL_DAMAGE,2009,CARBON STEEL
20110396,2011,INTERNAL_CORROSION,1973,CARBON STEEL
20110397,2011,MECHANICAL_DAMAGE,2006,MATERIAL OTHER THAN CARBON STEEL
20110398,2011,MECHANICAL_DAMAGE,,
20110399,2011,MECHANICAL_DAMAGE,,
20110401,2011,OTHER,,CARBON STEEL
20110403,2011,OTHER,1968,CARBON STEEL
20110404,2011,OTHER,,CARBON STEEL
20110405,2011,INTERNAL_CORROSION,1963,CARBON STEEL
20110406,2011,INTERNAL_CORROSION,,
20110407,2011,OTHER,,
20110408,2011,INTERNAL_CORROSION,1949,CARBON STEEL
20110409,2011,EXTERNAL_CORROSION,,CARBON STEEL
20110410,2011,MECHANICAL_DAMAGE,1948,CARBON STEEL
20110411,2011,MECHANICAL_DAMAGE,,
20110412,2011,MECHANICAL_DAMAGE,1955,CARBON STEEL
20110413,2011,OTHER,,
20110414,2011,MECHANICAL_DAMAGE,,
20110415,2011,MECHANICAL_DAMAGE,,CARBON STEEL
20110416,2011,OTHER,2011,CARBON STEEL
20110417,2011,INTERNAL_CORROSION,,
20110418,2011,MECHANICAL_DAMAGE,,
20110419,2011,MECHANICAL_DAMAGE,1957,CARBON STEEL
20110420,2011,OTHER,,
20110421,2011,MECHANICAL_DAMAGE,2011,CARBON STEEL
20110422,2011,MECHANICAL_DAMAGE,,
20110423,2011,MECHANICAL_DAMAGE,,CARBON STEEL
20110424,2011,EXTERNAL_CORROSION,,
20110425,2011,OTHER,,MATERIAL OTHER THAN CARBON STEEL
20110426,2011,EXTERNAL_CORROSION,,
20110427,2011,MECHANICAL_DAMAGE,,
20110428,2011,MATERIAL_FAILURE,,
20110429,2011,MECHANICAL_DAMAGE,,
20110431,2011,OTHER,,CARBON STEEL
20110432,2011,OTHER,,
20110433,2011,INTERNAL_CORROSION,2003,CARBON STEEL
20110434,2011,EXTERNAL_CORROSION,,
20110435,2011,OTHER,1979,MATERIAL OTHER THAN CARBON STEEL
20110436,2011,EXTERNAL_CORROSION,1957,CARBON STEEL
20110437,2011,MECHANICAL_DAMAGE,,
20110438,2011,MECHANICAL_DAMAGE,1978,CARBON STEEL
20110439,2011,MATERIAL_FAILURE,1947,CARBON STEEL
20110440,2011,MECHANICAL_DAMAGE,2009,MATERIAL OTHER THAN CARBON STEEL
20110441,2011,MATERIAL_FAILURE,1954,CARBON STEEL
20110442,2011,MECHANICAL_DAMAGE,1975,CARBON STEEL
20110443,2011,INTERNAL_CORROSION,,CARBON STEEL
20110444,2011,MECHANICAL_DAMAGE,,
20110445,2011,OTHER,2007,CARBON STEEL
20110446,2011,MECHANICAL_DAMAGE,,
20110447,2011,MECHANICAL_DAMAGE,1958,CARBON STEEL
20110448,2011,MECHANICAL_DAMAGE,1995,CARBON STEEL
20110449,2011,MECHANICAL_DAMAGE,,MATERIAL OTHER THAN CARBON STEEL
20110450,2011,MECHANICAL_DAMAGE,,
20110451,2011,EXTERNAL_CORROSION,1976,CARBON STEEL
20110452,2011,MATERIAL_FAILURE,1996,CARBON STEEL
20110453,2011,MECHANICAL_DAMAGE,,
20110454,2011,MECHANICAL_DAMAGE,2000,CARBON STEEL
20110455,2011,EXTERNAL_CORROSION,1928,CARBON STEEL
20110456,2011,MECHANICAL_DAMAGE,,
20110457,2011,MECHANICAL_DAMAGE,,CARBON STEEL
20110458,2011,OTHER,,
20110459,2011,MECHANICAL_DAMAGE,,CARBON STEEL
20110460,2011,MECHANICAL_DAMAGE,2008,CARBON STEEL
20110461,2011,INTERNAL_CORROSION,1994,CARBON STEEL
20120001,2011,OTHER,2011,MATERIAL OTHER THAN CARBON STEEL
20120002,2011,MECHANICAL_DAMAGE,,
20120004,2011,MATERIAL_FAILURE,1997,CARBON STEEL
20120005,2011,MATERIAL_FAILURE,1948,CARBON STEEL
20120006,2011,MECHANICAL_DAMAGE,2008,CARBON STEEL
20120007,2011,MECHANICAL_DAMAGE,2008,CARBON STEEL
20120008,2011,MECHANICAL_DAMAGE,1946,CARBON STEEL
20120009,2011,MECHANICAL_DAMAGE,1950,CARBON STEEL
20120010,2011,OTHER,1970,CARBON STEEL
20120011,2011,OTHER,,CARBON STEEL
20120012,2011,INTERNAL_CORROSION,,
20120013,2011,MECHANICAL_DAMAGE,,
20120014,2012,MECHANICAL_DAMAGE,,MATERIAL OTHER THAN CARBON STEEL
20120015,2011,EXTERNAL_CORROSION,,
20120016,2011,MECHANICAL_DAMAGE,2010,MATERIAL OTHER THAN CARBON STEEL
20120018,2011,MATERIAL_FAILURE,1957,CARBON STEEL
20120019,2011,MECHANICAL_DAMAGE,,
20120020,2011,OTHER,,
20120021,2010,OTHER,,
20120022,2011,MECHANICAL_DAMAGE,,
20120023,2011,MATERIAL_FAILURE,1929,MATERIAL OTHER THAN CARBON STEEL
20120024,2011,MATERIAL_FAILURE,,CARBON STEEL
20120025,2011,MECHANICAL_DAMAGE,,
20120026,2011,MECHANICAL_DAMAGE,,
20120027,2012,MECHANICAL_DAMAGE,,
20120028,2012,MECHANICAL_DAMAGE,,
20120029,2012,MECHANICAL_DAMAGE,,
20120030,2012,MECHANICAL_DAMAGE,,
20120031,2012,MECHANICAL_DAMAGE,,
20120032,2012,OTHER,,
20120033,2012,INTERNAL_CORROSION,,CARBON STEEL
20120034,2012,MECHANICAL_DAMAGE,1995,CARBON STEEL
20120035,2012,MECHANICAL_DAMAGE,2010,MATERIAL OTHER THAN CARBON STEEL
20120036,2012,MECHANICAL_DAMAGE,,
20120037,2012,INTERNAL_CORROSION,1947,CARBON STEEL
20120038,2012,MECHANICAL_DAMAGE,,
20120039,2012,MECHANICAL_DAMAGE,,
20120040,2012,INTERNAL_CORROSION,1968,CARBON STEEL
20120041,2012,MECHANICAL_DAMAGE,1952,CARBON STEEL
20120042,2012,MECHANICAL_DAMAGE,2011,CARBON STEEL
20120043,2012,INTERNAL_CORROSION,1980,CARBON STEEL
20120044,2012,OTHER,,
20120045,2012,MECHANICAL_DAMAGE,UNKNOWN,CARBON STEEL
20120046,2011,INTERNAL_CORROSION,1963,CARBON STEEL
20120047,2012,INTERNAL_CORROSION,1970,CARBON STEEL
20120048,2012,MECHANICAL_DAMAGE,,
20120049,2012,MECHANICAL_DAMAGE,1931,CARBON STEEL
20120050,2012,OTHER,,
20120051,2012,MATERIAL_FAILURE,,CARBON STEEL
20120052,2012,OTHER,2007,MATERIAL OTHER THAN CARBON STEEL
20120053,2012,OTHER,2008,CARBON STEEL
20120054,2012,EXTERNAL_CORROSION,1972,CARBON STEEL
20120055,2012,MECHANICAL_DAMAGE,1952,MATERIAL OTHER THAN CARBON STEEL
20120056,2012,MECHANICAL_DAMAGE,,
20120057,2011,MECHANICAL_DAMAGE,,
20120058,2012,OTHER,1999,CARBON STEEL
20120060,2012,OTHER,2009,MATERIAL OTHER THAN CARBON STEEL
20120061,2012,OTHER,,CARBON STEEL
20120062,2012,MECHANICAL_DAMAGE,,
20120063,2012,MECHANICAL_DAMAGE,1986,MATERIAL OTHER THAN CARBON STEEL
20120064,2012,EXTERNAL_CORROSION,,
20120065,2012,OTHER,,
20120066,2012,INTERNAL_CORROSION,,CARBON STEEL
20120067,2012,MECHANICAL_DAMAGE,,
20120068,2012,MECHANICAL_DAMAGE,,
20120069,2012,OTHER,,
20120070,2011,OTHER,1929,MATERIAL OTHER THAN CARBON STEEL
20120071,2012,MECHANICAL_DAMAGE,1954,MATERIAL OTHER THAN CARBON STEEL
20120072,2012,INTERNAL_CORROSION,2010,CARBON STEEL
20120073,2012,MECHANICAL_DAMAGE,2012,MATERIAL OTHER THAN CARBON STEEL
20120074,2012,OTHER,1952,MATERIAL OTHER THAN CARBON STEEL
20120075,2012,MECHANICAL_DAMAGE,,
20120076,2012,INTERNAL_CORROSION,,
20120077,2012,OTHER,,
20120078,2012,MECHANICAL_DAMAGE,,
20120079,2012,MATERIAL_FAILURE,1953,CARBON STEEL
20120080,2012,OTHER,2012,CARBON STEEL
20120081,2012,OTHER,1968,CARBON STEEL
20120082,2012,MECHANICAL_DAMAGE,2002,MATERIAL OTHER THAN CARBON STEEL
20120083,2012,INTERNAL_CORROSION,1970,CARBON STEEL
20120084,2012,EXTERNAL_CORROSION,1955,CARBON STEEL
20120085,2012,MATERIAL_FAILURE,1965,CARBON STEEL
20120086,2012,EXTERNAL_CORROSION,UNKNOWN,CARBON STEEL
20120087,2012,MECHANICAL_DAMAGE,2010,MATERIAL OTHER THAN CARBON STEEL
20120088,2012,MECHANICAL_DAMAGE,,CARBON STEEL
20120089,2012,OTHER,,
20120090,2012,MECHANICAL_DAMAGE,,
20120091,2012,MECHANICAL_DAMAGE,2009,MATERIAL OTHER THAN CARBON STEEL
20120092,2012,MECHANICAL_DAMAGE,,
20120093,2012,INTERNAL_CORROSION,,
20120094,2012,EXTERNAL_CORROSION,,
20120095,2012,OTHER,,
20120096,2012,INTERNAL_CORROSION,,
20120097,2012,INTERNAL_CORROSION,,
20120098,2012,OTHER,2003,CARBON STEEL
20120099,2012,OTHER,,CARBON STEEL
20120100,2012,INTERNAL_CORROSION,,
20120101,2012,OTHER,,
20120102,2012,OTHER,,
20120103,2012,MATERIAL_FAILURE,,
20120104,2012,MECHANICAL_DAMAGE,,
20120105,2012,MECHANICAL_DAMAGE,,
20120106,2012,OTHER,,
20120107,2012,MECHANICAL_DAMAGE,,
20120108,2012,MATERIAL_FAILURE,1957,CARBON STEEL
20120109,2012,MECHANICAL_DAMAGE,UNKNOWN,CARBON STEEL
20120111,2012,MECHANICAL_DAMAGE,1953,CARBON STEEL
20120112,2012,EXTERNAL_CORROSION,1982,CARBON STEEL
20120113,2012,OTHER,,
20120114,2012,MECHANICAL_DAMAGE,1975,MATERIAL OTHER THAN CARBON STEEL
20120115,2012,MECHANICAL_DAMAGE,,
20120116,2012,MATERIAL_FAILURE,1982,CARBON STEEL
20120117,2012,OTHER,1997,CARBON STEEL
20120118,2012,MECHANICAL_DAMAGE,1971,CARBON STEEL
20120119,2012,OTHER,,
20120120,2012,INTERNAL_CORROSION,,CARBON STEEL
20120121,2012,MECHANICAL_DAMAGE,1978,MATERIAL OTHER THAN CARBON STEEL
20120122,2012,MECHANICAL_DAMAGE,,
20120123,2012,MATERIAL_FAILURE,1983,CARBON STEEL
20120124,2012,MECHANICAL_DAMAGE,1954,CARBON STEEL
20120125,2012,OTHER,2012,CARBON STEEL
20120126,2012,MECHANICAL_DAMAGE,,
20120127,2012,MECHANICAL_DAMAGE,,
20120128,2012,MECHANICAL_DAMAGE,,
20120129,2012,OTHER,2004,CARBON STEEL
20120130,2012,INTERNAL_CORROSION,,
20120131,2012,MECHANICAL_DAMAGE,,
20120132,2012,MECHANICAL_DAMAGE,2009,MATERIAL OTHER THAN CARBON STEEL
20120133,2012,OTHER,,
20120134,2012,OTHER,,
20120135,2012,OTHER,,CARBON STEEL
20120136,2012,MECHANICAL_DAMAGE,UNKNOWN,CARBON STEEL
20120139,2012,OTHER,,
20120141,2012,INTERNAL_CORROSION,,CARBON STEEL
20120142,2011,EXTERNAL_CORROSION,1972,CARBON STEEL
20120143,2012,OTHER,2010,CARBON STEEL
20120144,2012,OTHER,,
20120145,2012,INTERNAL_CORROSION,2003,CARBON STEEL
20120146,2012,OTHER,,
20120148,2012,INTERNAL_CORROSION,,CARBON STEEL
20120149,2012,MECHANICAL_DAMAGE,,
20120150,2012,MECHANICAL_DAMAGE,,
20120151,2012,MECHANICAL_DAMAGE,,
20120152,2012,INTERNAL_CORROSION,1978,CARBON STEEL
20120153,2012,INTERNAL_CORROSION,,
20120154,2012,MECHANICAL_DAMAGE,,
20120155,2012,INTERNAL_CORROSION,,
20120156,2012,OTHER,,MATERIAL OTHER THAN CARBON STEEL
20120157,2012,INTERNAL_CORROSION,,
20120158,2012,MECHANICAL_DAMAGE,,
20120159,2012,MECHANICAL_DAMAGE,2010,CARBON STEEL
20120160,2012,OTHER,,
20120161,2012,MECHANICAL_DAMAGE,,
20120162,2012,EXTERNAL_CORROSION,1941,CARBON STEEL
20120163,2012,MECHANICAL_DAMAGE,,
20120164,2012,MECHANICAL_DAMAGE,,
20120165,2012,MECHANICAL_DAMAGE,2012,MATERIAL OTHER THAN CARBON STEEL
20120166,2012,MATERIAL_FAILURE,1956,CARBON STEEL
20120167,2012,EXTERNAL_CORROSION,1999,CARBON STEEL
20120168,2012,OTHER,,CARBON STEEL
20120169,2012,MECHANICAL_DAMAGE,,
20120170,2012,MECHANICAL_DAMAGE,,
20120171,2012,MECHANICAL_DAMAGE,,
20120172,2012,EXTERNAL_CORROSION,1927,CARBON STEEL
20120173,2012,MECHANICAL_DAMAGE,,
20120174,2012,MECHANICAL_DAMAGE,,
20120175,2012,OTHER,1993,MATERIAL OTHER THAN CARBON STEEL
20120176,2012,INTERNAL_CORROSION,1939,CARBON STEEL
20120177,2012,MECHANICAL_DAMAGE,,
20120178,2012,OTHER,2011,MATERIAL OTHER THAN CARBON STEEL
20120179,2012,OTHER,,
20120180,2012,MECHANICAL_DAMAGE,,
20120181,2012,MATERIAL_FAILURE,2011,CARBON STEEL
20120183,2012,EXTERNAL_CORROSION,1930,CARBON STEEL
20120184,2012,INTERNAL_CORROSION,,CARBON STEEL
20120185,2012,MECHANICAL_DAMAGE,2011,CARBON STEEL
20120186,2012,OTHER,,CARBON STEEL
20120187,2012,OTHER,1971,CARBON STEEL
20120188,2012,EXTERNAL_CORROSION,,CARBON STEEL
20120189,2012,MATERIAL_FAILURE,1978,CARBON STEEL
20120190,2012,MECHANICAL_DAMAGE,,CARBON STEEL
20120191,2012,OTHER,2002,CARBON STEEL
20120192,2012,MECHANICAL_DAMAGE,,
20120193,2012,INTERNAL_CORROSION,1995,CARBON STEEL
20120194,2012,INTERNAL_CORROSION,,
20120195,2012,MECHANICAL_DAMAGE,,
20120196,2012,MECHANICAL_DAMAGE,2008,CARBON STEEL
20120197,2012,OTHER,1971,CARBON STEEL
20120198,2012,OTHER,2012,CARBON STEEL
20120199,2012,INTERNAL_CORROSION,,CARBON STEEL
20120200,2012,MATERIAL_FAILURE,1946,CARBON STEEL
20120201,2012,MECHANICAL_DAMAGE,,CARBON STEEL
20120202,2012,INTERNAL_CORROSION,1954,CARBON STEEL
20120203,2012,MECHANICAL_DAMAGE,,
20120204,2012,OTHER,1949,CARBON STEEL
20120205,2012,MATERIAL_FAILURE,,
20120206,2012,MECHANICAL_DAMAGE,,
20120207,2012,INTERNAL_CORROSION,,
20120208,2012,MECHANICAL_DAMAGE,,
20120209,2012,INTERNAL_CORROSION,,CARBON STEEL
20120210,2012,INTERNAL_CORROSION,1954,CARBON STEEL
20120211,2012,MECHANICAL_DAMAGE,,
20120212,2012,MECHANICAL_DAMAGE,1941,CARBON STEEL
20120213,2012,MECHANICAL_DAMAGE,,
20120214,2012,EXTERNAL_CORROSION,,
20120215,2012,OTHER,1974,CARBON STEEL
20120216,2012,INTERNAL_CORROSION,,
20120217,2012,MECHANICAL_DAMAGE,1960,CARBON STEEL
20120218,2012,MECHANICAL_DAMAGE,2002,CARBON STEEL
20120219,2012,OTHER,1960,CARBON STEEL
20120220,2012,MECHANICAL_DAMAGE,1959,CARBON STEEL
20120221,2012,MECHANICAL_DAMAGE,,
20120222,2012,INTERNAL_CORROSION,1900,CARBON STEEL
20120223,2012,OTHER,,
20120224,2012,MECHANICAL_DAMAGE,,CARBON STEEL
20120225,2012,INTERNAL_CORROSION,,
20120226,2012,EXTERNAL_CORROSION,,
20120227,2012,INTERNAL_CORROSION,1971,CARBON STEEL
20120228,2012,EXTERNAL_CORROSION,,
20120229,2012,MECHANICAL_DAMAGE,,
20120230,2012,INTERNAL_CORROSION,,
20120231,2012,MECHANICAL_DAMAGE,,CARBON STEEL
20120232,2012,EXTERNAL_CORROSION,1974,CARBON STEEL
20120233,2012,MECHANICAL_DAMAGE,,CARBON STEEL
20120234,2012,MECHANICAL_DAMAGE,1991,CARBON STEEL
20120235,2012,OTHER,,
20120236,2012,MECHANICAL_DAMAGE,1963,MATERIAL OTHER THAN CARBON STEEL
20120237,2012,OTHER,1967,MATERIAL OTHER THAN CARBON STEEL
20120238,2012,MATERIAL_FAILURE,1961,CARBON STEEL
20120239,2012,MECHANICAL_DAMAGE,,
20120240,2012,OTHER,1968,CARBON STEEL
20120241,2012,MECHANICAL_DAMAGE,,
20120242,2012,OTHER,UNKNOWN,CARBON STEEL
20120243,2012,EXTERNAL_CORROSION,,
20120244,2012,MECHANICAL_DAMAGE,,
20120245,2012,INTERNAL_CORROSION,1978,CARBON STEEL
20120246,2012,OTHER,,
20120247,2012,MECHANICAL_DAMAGE,,
20120248,2012,MATERIAL_FAILURE,1998,CARBON STEEL
20120249,2012,MECHANICAL_DAMAGE,2009,CARBON STEEL
20120250,2012,INTERNAL_CORROSION,,
20120251,2012,MECHANICAL_DAMAGE,,
20120252,2012,MECHANICAL_DAMAGE,,
20120253,2012,MECHANICAL_DAMAGE,,
20120254,2012,MECHANICAL_DAMAGE,,
20120255,2012,MECHANICAL_DAMAGE,,
20120256,2012,INTERNAL_CORROSION,,
20120257,2012,MECHANICAL_DAMAGE,,
20120258,2012,OTHER,,
20120259,2012,OTHER,2007,CARBON STEEL
20120260,2012,OTHER,,MATERIAL OTHER THAN CARBON STEEL
20120261,2012,MECHANICAL_DAMAGE,,
20120262,2012,EXTERNAL_CORROSION,,
20120263,2012,EXTERNAL_CORROSION,2008,CARBON STEEL
20120264,2012,INTERNAL_CORROSION,,
20120265,2012,MECHANICAL_DAMAGE,2009,CARBON STEEL
20120266,2012,MECHANICAL_DAMAGE,2007,CARBON STEEL
20120267,2012,INTERNAL_CORROSION,1993,CARBON STEEL
20120268,2012,INTERNAL_CORROSION,,
20120269,2012,MATERIAL_FAILURE,1982,CARBON STEEL
20120270,2012,MATERIAL_FAILURE,1969,CARBON STEEL
20120271,2012,MECHANICAL_DAMAGE,,
20120272,2012,MATERIAL_FAILURE,2008,CARBON STEEL
20120273,2012,OTHER,1992,CARBON STEEL
20120274,2012,MECHANICAL_DAMAGE,2012,MATERIAL OTHER THAN CARBON STEEL
20120275,2012,OTHER,1958,CARBON STEEL
20120276,2012,OTHER,,
20120277,2012,MECHANICAL_DAMAGE,2006,CARBON STEEL
20120278,2012,MATERIAL_FAILURE,1968,CARBON STEEL
20120279,2012,MATERIAL_FAILURE,1968,CARBON STEEL
20120280,2012,MECHANICAL_DAMAGE,,
20120281,2012,MECHANICAL_DAMAGE,2008,MATERIAL OTHER THAN CARBON STEEL
20120282,2012,EXTERNAL_CORROSION,,
20120283,2012,MECHANICAL_DAMAGE,,
20120284,2012,MATERIAL_FAILURE,1981,CARBON STEEL
20120285,2012,MECHANICAL_DAMAGE,,
20120286,2012,MECHANICAL_DAMAGE,1941,CARBON STEEL
20120287,2012,OTHER,,CARBON STEEL
20120288,2012,MECHANICAL_DAMAGE,,
20120289,2012,OTHER,,
20120290,2012,INTERNAL_CORROSION,1976,CARBON STEEL
20120291,2012,OTHER,,
20120292,2012,EXTERNAL_CORROSION,,CARBON STEEL
20120293,2012,INTERNAL_CORROSION,1963,CARBON STEEL
20120294,2012,INTERNAL_CORROSION,1996,CARBON STEEL
20120295,2012,OTHER,,MATERIAL OTHER THAN CARBON STEEL
20120296,2012,MECHANICAL_DAMAGE,,
20120297,2012,EXTERNAL_CORROSION,,
20120298,2012,EXTERNAL_CORROSION,,
20120299,2012,EXTERNAL_CORROSION,,
20120300,2012,INTERNAL_CORROSION,1972,CARBON STEEL
20120301,2012,EXTERNAL_CORROSION,,
20120302,2012,MECHANICAL_DAMAGE,,
20120303,2012,MATERIAL_FAILURE,1998,CARBON STEEL
20120304,2012,MECHANICAL_DAMAGE,1952,MATERIAL OTHER THAN CARBON STEEL
20120305,2012,INTERNAL_CORROSION,,
20120306,2012,OTHER,,
20120307,2012,MECHANICAL_DAMAGE,,
20120308,2012,MECHANICAL_DAMAGE,,
20120309,2012,MECHANICAL_DAMAGE,,
20120310,2012,INTERNAL_CORROSION,1999,CARBON STEEL
20120311,2012,MECHANICAL_DAMAGE,1972,CARBON STEEL
20120312,2012,MECHANICAL_DAMAGE,2003,CARBON STEEL
20120313,2012,OTHER,,
20120315,2012,EXTERNAL_CORROSION,,CARBON STEEL
20120316,2012,MECHANICAL_DAMAGE,,
20120317,2012,OTHER,1963,CARBON STEEL
20120318,2012,MECHANICAL_DAMAGE,,
20120319,2012,INTERNAL_CORROSION,,CARBON STEEL
20120320,2012,MECHANICAL_DAMAGE,2005,MATERIAL OTHER THAN CARBON STEEL
20120321,2012,MECHANICAL_DAMAGE,1950,CARBON STEEL
20120322,2012,MECHANICAL_DAMAGE,,CARBON STEEL
20120323,2012,OTHER,,
20120324,2012,OTHER,1955,CARBON STEEL
20120325,2012,INTERNAL_CORROSION,1993,CARBON STEEL
20120326,2012,MECHANICAL_DAMAGE,,
20120327,2012,INTERNAL_CORROSION,2004,CARBON STEEL
20120328,2012,OTHER,,CARBON STEEL
20120329,2012,INTERNAL_CORROSION,,CARBON STEEL
20120330,2012,MECHANICAL_DAMAGE,2012,CARBON STEEL
20120331,2010,INTERNAL_CORROSION,2001,CARBON STEEL
20120332,2012,OTHER,,
20120333,2012,EXTERNAL_CORROSION,1952,CARBON STEEL
20120334,2012,OTHER,,
20120335,2012,MECHANICAL_DAMAGE,UNKNOWN,CARBON STEEL
20120336,2012,INTERNAL_CORROSION,,
20120337,2012,MATERIAL_FAILURE,1967,CARBON STEEL
20120338,2012,INTERNAL_CORROSION,,
20120339,2012,MECHANICAL_DAMAGE,UNKNOWN,CARBON STEEL
20120340,2012,EXTERNAL_CORROSION,1972,CARBON STEEL
20120341,2012,MECHANICAL_DAMAGE,,
20120342,2012,MECHANICAL_DAMAGE,,
20120343,2012,MECHANICAL_DAMAGE,2010,CARBON STEEL
20120344,2012,EXTERNAL_CORROSION,,
20120345,2012,MECHANICAL_DAMAGE,,CARBON STEEL
20120346,2012,OTHER,,
20120347,2012,INTERNAL_CORROSION,,
20120348,2012,OTHER,,CARBON STEEL
20120349,2012,MECHANICAL_DAMAGE,1971,CARBON STEEL
20120350,2012,INTERNAL_CORROSION,,
20120351,2012,INTERNAL_CORROSION,2004,CARBON STEEL
20120352,2012,MECHANICAL_DAMAGE,2012,CARBON STEEL
20120353,2012,MECHANICAL_DAMAGE,2005,MATERIAL OTHER THAN CARBON STEEL
20120354,2012,INTERNAL_CORROSION,1958,CARBON STEEL
20120355,2012,MECHANICAL_DAMAGE,,
20120356,2012,OTHER,,
20120357,2012,MECHANICAL_DAMAGE,,
20120358,2012,INTERNAL_CORROSION,1982,CARBON STEEL
20120359,2012,MECHANICAL_DAMAGE,1990,MATERIAL OTHER THAN CARBON STEEL
20120360,2012,MATERIAL_FAILURE,1980,CARBON STEEL
20120361,2012,MECHANICAL_DAMAGE,,
20120362,2012,MECHANICAL_DAMAGE,,
20120363,2012,INTERNAL_CORROSION,1996,CARBON STEEL
20120364,2012,OTHER,1955,CARBON STEEL
20120365,2012,OTHER,2004,CARBON STEEL
20120366,2012,EXTERNAL_CORROSION,1966,CARBON STEEL
20120367,2012,EXTERNAL_CORROSION,,CARBON STEEL
20120368,2012,OTHER,2001,CARBON STEEL
20120369,2012,INTERNAL_CORROSION,1993,CARBON STEEL
20120370,2012,EXTERNAL_CORROSION,1951,CARBON STEEL
20120371,2012,MECHANICAL_DAMAGE,,
20120372,2012,INTERNAL_CORROSION,1983,CARBON STEEL
20120373,2012,MECHANICAL_DAMAGE,1971,CARBON STEEL
20120374,2012,MATERIAL_FAILURE,1965,CARBON STEEL
20120375,2012,MECHANICAL_DAMAGE,,CARBON STEEL
20120376,2012,INTERNAL_CORROSION,,
20130001,2012,MECHANICAL_DAMAGE,2012,MATERIAL OTHER THAN CARBON STEEL
20130002,2012,MECHANICAL_DAMAGE,1979,MATERIAL OTHER THAN CARBON STEEL
20130003,2012,INTERNAL_CORROSION,2004,CARBON STEEL
20130004,2012,OTHER,1974,CARBON STEEL
20130005,2012,OTHER,2011,MATERIAL OTHER THAN CARBON STEEL
20130006,2012,MECHANICAL_DAMAGE,,
20130007,2012,MECHANICAL_DAMAGE,2009,MATERIAL OTHER THAN CARBON STEEL
20130008,2012,INTERNAL_CORROSION,,
20130009,2012,INTERNAL_CORROSION,,
20130010,2012,OTHER,,
20130011,2012,MATERIAL_FAILURE,1968,CARBON STEEL
20130012,2012,MECHANICAL_DAMAGE,2005,CARBON STEEL
20130013,2012,OTHER,,
20130014,2012,OTHER,2012,CARBON STEEL
20130015,2012,EXTERNAL_CORROSION,1940,CARBON STEEL
20130016,2012,MECHANICAL_DAMAGE,,
20130017,2012,OTHER,2012,CARBON STEEL
20130018,2012,EXTERNAL_CORROSION,1981,CARBON STEEL
20130019,2012,INTERNAL_CORROSION,,
20130020,2012,MECHANICAL_DAMAGE,,
20130021,2012,MECHANICAL_DAMAGE,2012,CARBON STEEL
20130022,2012,MECHANICAL_DAMAGE,,CARBON STEEL
20130023,2012,MECHANICAL_DAMAGE,,
20130024,2013,EXTERNAL_CORROSION,,
20130025,2013,MECHANICAL_DAMAGE,,
20130026,2013,MECHANICAL_DAMAGE,,
20130027,2012,MECHANICAL_DAMAGE,2012,MATERIAL OTHER THAN CARBON STEEL
20130028,2012,OTHER,1968,CARBON STEEL
20130029,2012,MECHANICAL_DAMAGE,2003,MATERIAL OTHER THAN CARBON STEEL
20130030,2013,MATERIAL_FAILURE,1965,CARBON STEEL
20130031,2013,MECHANICAL_DAMAGE,,
20130032,2013,MECHANICAL_DAMAGE,2011,CARBON STEEL
20130033,2013,OTHER,1968,CARBON STEEL
20130034,2013,EXTERNAL_CORROSION,1955,CARBON STEEL
20130035,2013,MECHANICAL_DAMAGE,,
20130036,2013,OTHER,1954,CARBON STEEL
20130037,2013,MECHANICAL_DAMAGE,,
20130038,2013,MECHANICAL_DAMAGE,,
20130039,2013,OTHER,1995,MATERIAL OTHER THAN CARBON STEEL
20130040,2013,MECHANICAL_DAMAGE,,MATERIAL OTHER THAN CARBON STEEL
20130041,2013,OTHER,,
20130042,2013,MECHANICAL_DAMAGE,,CARBON STEEL
20130043,2013,MECHANICAL_DAMAGE,2001,MATERIAL OTHER THAN CARBON STEEL
20130044,2013,OTHER,,
20130045,2013,OTHER,,
20130046,2013,MECHANICAL_DAMAGE,2012,CARBON STEEL
20130047,2013,MECHANICAL_DAMAGE,,
20130048,2013,MECHANICAL_DAMAGE,,
20130049,2013,MECHANICAL_DAMAGE,2012,CARBON STEEL
20130050,2013,MECHANICAL_DAMAGE,,
20130051,2013,MECHANICAL_DAMAGE,,
20130052,2013,MECHANICAL_DAMAGE,2013,CARBON STEEL
20130053,2013,MECHANICAL_DAMAGE,,
20130054,2013,MECHANICAL_DAMAGE,,
20130055,2013,OTHER,,
20130056,2013,OTHER,,
20130057,2013,MATERIAL_FAILURE,,
20130058,2013,OTHER,,
20130059,2013,INTERNAL_CORROSION,1986,CARBON STEEL
20130060,2013,MECHANICAL_DAMAGE,,
20130061,2013,MECHANICAL_DAMAGE,,
20130062,2013,MECHANICAL_DAMAGE,,CARBON STEEL
20130063,2013,MATERIAL_FAILURE,1962,CARBON STEEL
20130064,2013,MATERIAL_FAILURE,1966,CARBON STEEL
20130065,2013,MATERIAL_FAILURE,1924,CARBON STEEL
20130066,2013,OTHER,,
20130067,2013,MECHANICAL_DAMAGE,2012,MATERIAL OTHER THAN CARBON STEEL
20130068,2013,OTHER,,CARBON STEEL
20130069,2013,MECHANICAL_DAMAGE,2004,MATERIAL OTHER THAN CARBON STEEL
20130070,2013,MECHANICAL_DAMAGE,,
20130071,2013,OTHER,1973,CARBON STEEL
20130072,2013,MECHANICAL_DAMAGE,,
20130073,2013,INTERNAL_CORROSION,1986,CARBON STEEL
20130074,2013,EXTERNAL_CORROSION,,
20130075,2013,EXTERNAL_CORROSION,1951,CARBON STEEL
20130076,2013,MECHANICAL_DAMAGE,2012,CARBON STEEL
20130077,2013,INTERNAL_CORROSION,,CARBON STEEL
20130078,2013,MECHANICAL_DAMAGE,,
20130079,2013,MECHANICAL_DAMAGE,,
20130080,2013,OTHER,,CARBON STEEL
20130081,2013,OTHER,,
20130082,2013,MECHANICAL_DAMAGE,2007,CARBON STEEL
20130083,2013,OTHER,,CARBON STEEL
20130084,2013,INTERNAL_CORROSION,,CARBON STEEL
20130085,2013,INTERNAL_CORROSION,,
20130086,2013,INTERNAL_CORROSION,1995,CARBON STEEL
20130087,2013,INTERNAL_CORROSION,1986,CARBON STEEL
20130088,2013,MECHANICAL_DAMAGE,,
20130089,2013,MECHANICAL_DAMAGE,2012,CARBON STEEL
20130090,2013,INTERNAL_CORROSION,1986,CARBON STEEL
20130091,2013,MECHANICAL_DAMAGE,,MATERIAL OTHER THAN CARBON STEEL
20130092,2013,MECHANICAL_DAMAGE,,MATERIAL OTHER THAN CARBON STEEL
20130094,2013,OTHER,,
20130095,2013,OTHER,,
20130096,2012,OTHER,,
20130097,2013,INTERNAL_CORROSION,1964,CARBON STEEL
20130098,2013,EXTERNAL_CORROSION,1930,CARBON STEEL
20130099,2013,OTHER,,CARBON STEEL
20130100,2013,MECHANICAL_DAMAGE,,
20130101,2013,MECHANICAL_DAMAGE,,
20130102,2013,MECHANICAL_DAMAGE,,
20130103,2013,OTHER,,CARBON STEEL
20130104,2013,MECHANICAL_DAMAGE,,
20130105,2013,OTHER,,CARBON STEEL
20130106,2013,EXTERNAL_CORROSION,1978,CARBON STEEL
20130107,2013,OTHER,1958,CARBON STEEL
20130108,2013,MECHANICAL_DAMAGE,2012,CARBON STEEL
20130109,2013,EXTERNAL_CORROSION,,CARBON STEEL
20130110,2013,MECHANICAL_DAMAGE,,
20130111,2013,MECHANICAL_DAMAGE,1994,CARBON STEEL
20130112,2013,MECHANICAL_DAMAGE,,
20130113,2013,MECHANICAL_DAMAGE,,
20130114,2013,INTERNAL_CORROSION,1995,CARBON STEEL
20130115,2013,INTERNAL_CORROSION,1950,CARBON STEEL
20130116,2013,INTERNAL_CORROSION,,CARBON STEEL
20130117,2013,INTERNAL_CORROSION,,CARBON STEEL
20130118,2013,MATERIAL_FAILURE,1952,CARBON STEEL
20130119,2013,MECHANICAL_DAMAGE,,
20130120,2013,MECHANICAL_DAMAGE,,
20130121,2013,MECHANICAL_DAMAGE,1969,CARBON STEEL
20130122,2013,MECHANICAL_DAMAGE,,
20130123,2013,MECHANICAL_DAMAGE,1970,CARBON STEEL
20130124,2010,INTERNAL_CORROSION,,CARBON STEEL
20130125,2013,EXTERNAL_CORROSION,1953,CARBON STEEL
20130126,2013,OTHER,1970,CARBON STEEL
20130127,2013,MECHANICAL_DAMAGE,2006,MATERIAL OTHER THAN CARBON STEEL
20130128,2013,MECHANICAL_DAMAGE,,
20130129,2013,MECHANICAL_DAMAGE,,
20130130,2013,INTERNAL_CORROSION,1978,CARBON STEEL
20130131,2013,MECHANICAL_DAMAGE,1957,CARBON STEEL
20130132,2013,MECHANICAL_DAMAGE,1968,MATERIAL OTHER THAN CARBON STEEL
20130133,2013,MATERIAL_FAILURE,,
20130134,2013,MECHANICAL_DAMAGE,2006,CARBON STEEL
20130135,2013,MECHANICAL_DAMAGE,2007,MATERIAL OTHER THAN CARBON STEEL
20130136,2013,EXTERNAL_CORROSION,1959,CARBON STEEL
20130137,2013,OTHER,UNKNOWN,CARBON STEEL
20130138,2013,MECHANICAL_DAMAGE,,
20130139,2013,MECHANICAL_DAMAGE,,
20130140,2013,OTHER,1947,CARBON STEEL
20130141,2013,INTERNAL_CORROSION,1950,CARBON STEEL
20130142,2013,MECHANICAL_DAMAGE,,
20130143,2013,MATERIAL_FAILURE,1967,CARBON STEEL
20130144,2013,MECHANICAL_DAMAGE,2012,MATERIAL OTHER THAN CARBON STEEL
20130145,2013,MECHANICAL_DAMAGE,,
20130146,2013,MECHANICAL_DAMAGE,1970,MATERIAL OTHER THAN CARBON STEEL
20130147,2013,INTERNAL_CORROSION,,
20130148,2013,MECHANICAL_DAMAGE,,
20130149,2013,MECHANICAL_DAMAGE,1949,CARBON STEEL
20130150,2013,OTHER,,CARBON STEEL
20130151,2013,MATERIAL_FAILURE,1947,CARBON STEEL
20130152,2013,OTHER,1986,MATERIAL OTHER THAN CARBON STEEL
20130153,2013,OTHER,2012,CARBON STEEL
20130154,2013,MECHANICAL_DAMAGE,,
20130155,2013,MECHANICAL_DAMAGE,,
20130156,2013,OTHER,,MATERIAL OTHER THAN CARBON STEEL
20130157,2013,INTERNAL_CORROSION,1980,CARBON STEEL
20130158,2013,MECHANICAL_DAMAGE,,
20130159,2013,MECHANICAL_DAMAGE,,
20130160,2013,MECHANICAL_DAMAGE,,
20130161,2013,MECHANICAL_DAMAGE,,
20130162,2013,MECHANICAL_DAMAGE,1955,CARBON STEEL
20130163,2013,MECHANICAL_DAMAGE,1971,CARBON STEEL
20130164,2013,MECHANICAL_DAMAGE,2012,MATERIAL OTHER THAN CARBON STEEL
20130165,2013,MECHANICAL_DAMAGE,1979,CARBON STEEL
20130166,2013,INTERNAL_CORROSION,2012,CARBON STEEL
20130167,2013,MECHANICAL_DAMAGE,,
20130168,2013,EXTERNAL_CORROSION,,
20130169,2013,MECHANICAL_DAMAGE,2013,CARBON STEEL
20130170,2013,MECHANICAL_DAMAGE,,
20130171,2013,INTERNAL_CORROSION,,
20130172,2013,OTHER,,
20130173,2013,EXTERNAL_CORROSION,,CARBON STEEL
20130174,2013,OTHER,,
20130175,2013,MECHANICAL_DAMAGE,,
20130176,2013,OTHER,1998,CARBON STEEL
20130177,2013,MECHANICAL_DAMAGE,,
20130178,2013,OTHER,,
20130179,2013,OTHER,1971,CARBON STEEL
20130180,2013,MECHANICAL_DAMAGE,,
20130181,2013,MECHANICAL_DAMAGE,,
20130182,2013,MATERIAL_FAILURE,,CARBON STEEL
20130183,2013,MECHANICAL_DAMAGE,,
20130184,2013,MECHANICAL_DAMAGE,,
20130185,2013,MECHANICAL_DAMAGE,,
20130186,2013,MATERIAL_FAILURE,,
20130187,2013,MATERIAL_FAILURE,1962,CARBON STEEL
20130188,2013,MATERIAL_FAILURE,1962,CARBON STEEL
20130189,2013,OTHER,1947,CARBON STEEL
20130190,2013,OTHER,2007,CARBON STEEL
20130191,2013,OTHER,1979,CARBON STEEL
20130192,2013,MECHANICAL_DAMAGE,2013,MATERIAL OTHER THAN CARBON STEEL
20130193,2013,OTHER,,
20130194,2013,MECHANICAL_DAMAGE,1998,CARBON STEEL
20130195,2013,EXTERNAL_CORROSION,,
20130196,2013,MECHANICAL_DAMAGE,,
20130197,2013,MATERIAL_FAILURE,1969,CARBON STEEL
20130198,2013,OTHER,1950,CARBON STEEL
20130199,2013,MECHANICAL_DAMAGE,,
20130200,2013,MATERIAL_FAILURE,1968,CARBON STEEL
20130201,2013,OTHER,,
20130202,2013,OTHER,,CARBON STEEL
20130203,2013,INTERNAL_CORROSION,,
20130204,2013,MECHANICAL_DAMAGE,,CARBON STEEL
20130205,2013,OTHER,2011,CARBON STEEL
20130206,2013,MECHANICAL_DAMAGE,,
20130207,2013,MECHANICAL_DAMAGE,,CARBON STEEL
20130208,2013,INTERNAL_CORROSION,1979,CARBON STEEL
20130209,2013,MECHANICAL_DAMAGE,1951,CARBON STEEL
20130210,2013,MATERIAL_FAILURE,1968,CARBON STEEL
20130211,2013,MECHANICAL_DAMAGE,,
20130212,2013,OTHER,,
20130213,2013,MECHANICAL_DAMAGE,,
20130214,2013,MECHANICAL_DAMAGE,1968,CARBON STEEL
20130215,2013,MECHANICAL_DAMAGE,,
20130216,2013,OTHER,,
20130217,2013,MECHANICAL_DAMAGE,1993,MATERIAL OTHER THAN CARBON STEEL
20130218,2013,MECHANICAL_DAMAGE,,
20130219,2013,MECHANICAL_DAMAGE,,
20130220,2013,OTHER,,
20130221,2013,MECHANICAL_DAMAGE,,
20130222,2013,MECHANICAL_DAMAGE,,
20130223,2013,MATERIAL_FAILURE,1954,CARBON STEEL
20130224,2013,MECHANICAL_DAMAGE,,
20130225,2013,OTHER,,
20130226,2013,MECHANICAL_DAMAGE,,
20130227,2013,OTHER,1949,CARBON STEEL
20130228,2013,OTHER,,
20130229,2013,MECHANICAL_DAMAGE,2013,MATERIAL OTHER THAN CARBON STEEL
20130230,2013,OTHER,2013,CARBON STEEL
20130231,2013,MECHANICAL_DAMAGE,1972,MATERIAL OTHER THAN CARBON STEEL
20130232,2013,OTHER,,
20130233,2013,MECHANICAL_DAMAGE,,
20130234,2013,MECHANICAL_DAMAGE,,
20130235,2013,OTHER,1953,CARBON STEEL
20130236,2013,MECHANICAL_DAMAGE,,
20130237,2013,MATERIAL_FAILURE,1948,CARBON STEEL
20130238,2013,MECHANICAL_DAMAGE,,
20130239,2013,MECHANICAL_DAMAGE,,
20130240,2013,MECHANICAL_DAMAGE,,
20130241,2013,MECHANICAL_DAMAGE,,
20130242,2013,MECHANICAL_DAMAGE,1960,CARBON STEEL
20130243,2013,MECHANICAL_DAMAGE,,
20130244,2013,MECHANICAL_DAMAGE,,
20130245,2013,MATERIAL_FAILURE,1995,CARBON STEEL
20130246,2013,MECHANICAL_DAMAGE,1928,CARBON STEEL
20130247,2013,OTHER,,
20130248,2013,MECHANICAL_DAMAGE,,
20130249,2013,MECHANICAL_DAMAGE,,
20130250,2013,OTHER,,
20130251,2013,EXTERNAL_CORROSION,2000,CARBON STEEL
20130252,2013,MECHANICAL_DAMAGE,2013,CARBON STEEL
20130253,2013,OTHER,,CARBON STEEL
20130254,2013,MECHANICAL_DAMAGE,2013,MATERIAL OTHER THAN CARBON STEEL
20130255,2013,MECHANICAL_DAMAGE,1961,CARBON STEEL
20130256,2013,OTHER,2012,CARBON STEEL
20130257,2013,INTERNAL_CORROSION,2009,CARBON STEEL
20130258,2013,MATERIAL_FAILURE,1968,CARBON STEEL
20130259,2013,MECHANICAL_DAMAGE,2011,MATERIAL OTHER THAN CARBON STEEL
20130260,2013,MECHANICAL_DAMAGE,,
20130261,2013,MECHANICAL_DAMAGE,,
20130262,2013,MECHANICAL_DAMAGE,,
20130263,2013,OTHER,1963,CARBON STEEL
20130264,2013,MECHANICAL_DAMAGE,,
20130265,2013,MECHANICAL_DAMAGE,1963,CARBON STEEL
20130266,2013,MECHANICAL_DAMAGE,,MATERIAL OTHER THAN CARBON STEEL
20130267,2013,MECHANICAL_DAMAGE,2013,MATERIAL OTHER THAN CARBON STEEL
20130268,2013,MATERIAL_FAILURE,1949,CARBON STEEL
20130269,2013,MECHANICAL_DAMAGE,1960,CARBON STEEL
20130270,2013,OTHER,,
20130271,2013,MATERIAL_FAILURE,1971,CARBON STEEL
20130272,2013,INTERNAL_CORROSION,,CARBON STEEL
20130273,2013,MECHANICAL_DAMAGE,,
20130274,2013,MATERIAL_FAILURE,1962,CARBON STEEL
20130275,2013,MATERIAL_FAILURE,1962,CARBON STEEL
20130276,2013,OTHER,2012,CARBON STEEL
20130277,2013,INTERNAL_CORROSION,,
20130278,2013,OTHER,,
20130279,2013,MECHANICAL_DAMAGE,,
20130280,2013,MECHANICAL_DAMAGE,,
20130281,2013,INTERNAL_CORROSION,1990,CARBON STEEL
20130282,2013,MECHANICAL_DAMAGE,2013,MATERIAL OTHER THAN CARBON STEEL
20130283,2013,INTERNAL_CORROSION,1963,CARBON STEEL
20130284,2013,INTERNAL_CORROSION,1977,CARBON STEEL
20130285,2013,MECHANICAL_DAMAGE,,
20130286,2013,OTHER,1944,CARBON STEEL
20130287,2013,MECHANICAL_DAMAGE,,
20130288,2013,OTHER,2013,CARBON STEEL
20130289,2013,MECHANICAL_DAMAGE,1956,CARBON STEEL
20130290,2013,EXTERNAL_CORROSION,2000,CARBON STEEL
20130291,2013,MECHANICAL_DAMAGE,,
20130292,2013,MECHANICAL_DAMAGE,,
20130293,2013,OTHER,,
20130294,2013,MECHANICAL_DAMAGE,,
20130295,2013,MECHANICAL_DAMAGE,2012,CARBON STEEL
20130296,2013,OTHER,,CARBON STEEL
20130297,2013,MECHANICAL_DAMAGE,2003,CARBON STEEL
20130298,2013,INTERNAL_CORROSION,,CARBON STEEL
20130299,2013,EXTERNAL_CORROSION,,
20130300,2013,INTERNAL_CORROSION,,
20130301,2013,OTHER,,
20130302,2013,INTERNAL_CORROSION,,
20130304,2013,MATERIAL_FAILURE,1963,CARBON STEEL
20130305,2013,MATERIAL_FAILURE,1954,CARBON STEEL
20130306,2013,MECHANICAL_DAMAGE,1958,CARBON STEEL
20130307,2013,MATERIAL_FAILURE,1973,CARBON STEEL
20130308,2013,MECHANICAL_DAMAGE,,
20130309,2013,OTHER,1986,CARBON STEEL
20130310,2013,OTHER,,CARBON STEEL
20130311,2013,MECHANICAL_DAMAGE,,
20130312,2013,OTHER,,CARBON STEEL
20130313,2013,MECHANICAL_DAMAGE,1978,CARBON STEEL
20130314,2013,MECHANICAL_DAMAGE,1973,CARBON STEEL
20130315,2013,OTHER,1955,CARBON STEEL
20130316,2013,OTHER,,
20130317,2013,MECHANICAL_DAMAGE,1940,CARBON STEEL
20130318,2013,MECHANICAL_DAMAGE,UNKNOWN,MATERIAL OTHER THAN CARBON STEEL
20130319,2013,OTHER,1977,CARBON STEEL
20130320,2013,MECHANICAL_DAMAGE,2011,MATERIAL OTHER THAN CARBON STEEL
20130321,2013,OTHER,,
20130322,2013,OTHER,1972,CARBON STEEL
20130323,2013,MATERIAL_FAILURE,1976,CARBON STEEL
20130325,2013,OTHER,,
20130327,2011,MECHANICAL_DAMAGE,2010,CARBON STEEL
20130328,2013,INTERNAL_CORROSION,2001,CARBON STEEL
20130329,2013,INTERNAL_CORROSION,,
20130330,2013,MECHANICAL_DAMAGE,,
20130331,2013,INTERNAL_CORROSION,,
20130332,2013,EXTERNAL_CORROSION,1979,CARBON STEEL
20130333,2013,EXTERNAL_CORROSION,1967,CARBON STEEL
20130334,2013,INTERNAL_CORROSION,1910,CARBON STEEL
20130335,2013,MECHANICAL_DAMAGE,2007,CARBON STEEL
20130336,2013,OTHER,1959,CARBON STEEL
20130337,2013,OTHER,,
20130338,2013,MECHANICAL_DAMAGE,1971,CARBON STEEL
20130339,2013,MECHANICAL_DAMAGE,,
20130340,2013,MATERIAL_FAILURE,1978,CARBON STEEL
20130341,2013,MATERIAL_FAILURE,1968,CARBON STEEL
20130342,2013,OTHER,1989,CARBON STEEL
20130343,2013,OTHER,,CARBON STEEL
20130345,2013,OTHER,2006,CARBON STEEL
20130346,2013,OTHER,,
20130347,2013,OTHER,1952,CARBON STEEL
20130348,2013,INTERNAL_CORROSION,1973,CARBON STEEL
20130349,2013,MECHANICAL_DAMAGE,2008,MATERIAL OTHER THAN CARBON STEEL
20130350,2013,OTHER,2013,CARBON STEEL
20130351,2013,MECHANICAL_DAMAGE,,CARBON STEEL
20130353,2013,OTHER,1993,CARBON STEEL
20130354,2013,MECHANICAL_DAMAGE,1973,CARBON STEEL
20130355,2013,OTHER,2013,CARBON STEEL
20130356,2013,MECHANICAL_DAMAGE,,
20130357,2013,INTERNAL_CORROSION,,
20130358,2013,MECHANICAL_DAMAGE,2004,CARBON STEEL
20130359,2013,EXTERNAL_CORROSION,2012,CARBON STEEL
20130360,2013,MECHANICAL_DAMAGE,,
20130361,2013,MATERIAL_FAILURE,,
20130362,2013,OTHER,2013,CARBON STEEL
20130363,2013,OTHER,UNKNOWN,CARBON STEEL
20130364,2013,EXTERNAL_CORROSION,1968,CARBON STEEL
20130365,2013,MATERIAL_FAILURE,2006,CARBON STEEL
20130366,2013,OTHER,1965,CARBON STEEL
20130367,2013,EXTERNAL_CORROSION,,
20130368,2013,OTHER,1979,CARBON STEEL
20130369,2013,MECHANICAL_DAMAGE,2009,MATERIAL OTHER THAN CARBON STEEL
20130370,2013,INTERNAL_CORROSION,1952,CARBON STEEL
20130371,2013,MECHANICAL_DAMAGE,,
20130372,2013,MECHANICAL_DAMAGE,,
20130373,2013,EXTERNAL_CORROSION,1950,CARBON STEEL
20130374,2013,EXTERNAL_CORROSION,1922,CARBON STEEL
20130375,2013,MECHANICAL_DAMAGE,1991,MATERIAL OTHER THAN CARBON STEEL
20130376,2013,MECHANICAL_DAMAGE,,
20130377,2013,MECHANICAL_DAMAGE,1971,CARBON STEEL
20130378,2013,EXTERNAL_CORROSION,,
20130379,2013,OTHER,2010,MATERIAL OTHER THAN CARBON STEEL
20130380,2013,OTHER,2012,CARBON STEEL
20130381,2013,OTHER,1931,CARBON STEEL
20130382,2013,EXTERNAL_CORROSION,1980,CARBON STEEL
20130383,2013,OTHER,,CARBON STEEL
20130384,2013,OTHER,,
20130385,2013,MECHANICAL_DAMAGE,,
20130386,2013,MATERIAL_FAILURE,1958,CARBON STEEL
20130387,2013,MECHANICAL_DAMAGE,,
20130388,2013,MECHANICAL_DAMAGE,2009,CARBON STEEL
20130389,2013,MECHANICAL_DAMAGE,1988,CARBON STEEL
20130390,2013,OTHER,2013,CARBON STEEL
20130391,2013,MECHANICAL_DAMAGE,,CARBON STEEL
20130392,2013,INTERNAL_CORROSION,,
20130393,2013,OTHER,,
20130394,2013,MECHANICAL_DAMAGE,,
20130395,2013,INTERNAL_CORROSION,1950,CARBON STEEL
20130396,2013,MECHANICAL_DAMAGE,1988,CARBON STEEL
20130397,2013,INTERNAL_CORROSION,,CARBON STEEL
20130398,2013,MECHANICAL_DAMAGE,,CARBON STEEL
20130399,2013,INTERNAL_CORROSION,1970,CARBON STEEL
20130400,2013,MECHANICAL_DAMAGE,,
20130401,2013,EXTERNAL_CORROSION,1950,CARBON STEEL
20130402,2013,OTHER,UNKNOWN,CARBON STEEL
20130403,2013,OTHER,1953,CARBON STEEL
20130404,2013,MECHANICAL_DAMAGE,,
20130405,2013,MATERIAL_FAILURE,1968,CARBON STEEL
20130406,2013,MECHANICAL_DAMAGE,,
20130407,2013,MECHANICAL_DAMAGE,,
20130408,2013,OTHER,2013,CARBON STEEL
20130409,2013,MECHANICAL_DAMAGE,,
20130411,2013,OTHER,1968,CARBON STEEL
20140001,2013,MECHANICAL_DAMAGE,1967,MATERIAL OTHER THAN CARBON STEEL
20140002,2013,MECHANICAL_DAMAGE,1987,CARBON STEEL
20140003,2013,INTERNAL_CORROSION,,
20140004,2013,EXTERNAL_CORROSION,2013,CARBON STEEL
20140005,2013,EXTERNAL_CORROSION,1960,CARBON STEEL
20140006,2013,MECHANICAL_DAMAGE,1950,CARBON STEEL
20140007,2013,MECHANICAL_DAMAGE,1968,CARBON STEEL
20140008,2013,MECHANICAL_DAMAGE,2008,MATERIAL OTHER THAN CARBON STEEL
20140009,2013,INTERNAL_CORROSION,1999,CARBON STEEL
20140010,2013,MECHANICAL_DAMAGE,1991,MATERIAL OTHER THAN CARBON STEEL
20140011,2013,EXTERNAL_CORROSION,1965,CARBON STEEL
20140012,2014,MECHANICAL_DAMAGE,2006,MATERIAL OTHER THAN CARBON STEEL
20140014,2014,MECHANICAL_DAMAGE,,MATERIAL OTHER THAN CARBON STEEL
20140015,2014,MECHANICAL_DAMAGE,2013,CARBON STEEL
20140016,2013,MECHANICAL_DAMAGE,,
20140017,2013,OTHER,,
20140018,2013,OTHER,2002,CARBON STEEL
20140019,2013,MECHANICAL_DAMAGE,,CARBON STEEL
20140020,2013,MECHANICAL_DAMAGE,,
20140021,2014,MECHANICAL_DAMAGE,,
20140022,2014,EXTERNAL_CORROSION,1988,CARBON STEEL
20140023,2014,MECHANICAL_DAMAGE,,
20140024,2013,INTERNAL_CORROSION,1950,CARBON STEEL
20140025,2014,EXTERNAL_CORROSION,,
20140026,2013,MECHANICAL_DAMAGE,,
20140027,2013,INTERNAL_CORROSION,,CARBON STEEL
20140028,2013,OTHER,1987,CARBON STEEL
20140029,2014,MECHANICAL_DAMAGE,,
20140030,2014,MECHANICAL_DAMAGE,1998,CARBON STEEL
20140031,2014,OTHER,2013,MATERIAL OTHER THAN CARBON STEEL
20140032,2014,MECHANICAL_DAMAGE,1978,CARBON STEEL
20140033,2014,MECHANICAL_DAMAGE,,
20140034,2014,MECHANICAL_DAMAGE,,
20140035,2014,MECHANICAL_DAMAGE,,
20140036,2014,MECHANICAL_DAMAGE,UNKNOWN,CARBON STEEL
20140037,2014,MECHANICAL_DAMAGE,UNKNOWN,CARBON STEEL
20140038,2014,MECHANICAL_DAMAGE,2014,MATERIAL OTHER THAN CARBON STEEL
20140039,2014,OTHER,,
20140040,2014,MECHANICAL_DAMAGE,,
20140041,2014,OTHER,1948,MATERIAL OTHER THAN CARBON STEEL
20140042,2014,OTHER,,
20140043,2014,OTHER,,MATERIAL OTHER THAN CARBON STEEL
20140044,2014,MECHANICAL_DAMAGE,,
20140045,2014,EXTERNAL_CORROSION,1957,CARBON STEEL
20140046,2014,MECHANICAL_DAMAGE,UNKNOWN,MATERIAL OTHER THAN CARBON STEEL
20140047,2014,MECHANICAL_DAMAGE,,
20140048,2014,OTHER,1966,MATERIAL OTHER THAN CARBON STEEL
20140049,2014,MECHANICAL_DAMAGE,,
20140050,2014,INTERNAL_CORROSION,,CARBON STEEL
20140051,2014,OTHER,1939,CARBON STEEL
20140052,2014,MECHANICAL_DAMAGE,UNKNOWN,CARBON STEEL
20140053,2014,OTHER,2002,CARBON STEEL
20140054,2014,MECHANICAL_DAMAGE,,
20140055,2014,INTERNAL_CORROSION,,CARBON STEEL
20140056,2014,MECHANICAL_DAMAGE,2011,CARBON STEEL
20140057,2014,OTHER,1932,CARBON STEEL
20140058,2014,MECHANICAL_DAMAGE,,
20140059,2014,MECHANICAL_DAMAGE,,
20140060,2014,EXTERNAL_CORROSION,1926,CARBON STEEL
20140061,2014,MECHANICAL_DAMAGE,,
20140062,2014,OTHER,,
20140063,2014,MECHANICAL_DAMAGE,,
20140064,2014,MECHANICAL_DAMAGE,,MATERIAL OTHER THAN CARBON STEEL
20140065,2014,MECHANICAL_DAMAGE,,
20140066,2014,MECHANICAL_DAMAGE,,
20140067,2014,MECHANICAL_DAMAGE,2011,MATERIAL OTHER THAN CARBON STEEL
20140068,2014,MECHANICAL_DAMAGE,,
20140069,2014,EXTERNAL_CORROSION,,
20140070,2014,MECHANICAL_DAMAGE,,
20140071,2014,MECHANICAL_DAMAGE,1977,CARBON STEEL
20140072,2014,MECHANICAL_DAMAGE,1968,CARBON STEEL
20140073,2014,MATERIAL_FAILURE,1984,CARBON STEEL
20140075,2014,MECHANICAL_DAMAGE,,
20140076,2014,MECHANICAL_DAMAGE,,
20140077,2014,MECHANICAL_DAMAGE,,
20140078,2014,OTHER,2007,MATERIAL OTHER THAN CARBON STEEL
20140079,2014,MATERIAL_FAILURE,1944,CARBON STEEL
20140080,2014,INTERNAL_CORROSION,,CARBON STEEL
20140081,2014,OTHER,UNKNOWN,CARBON STEEL
20140082,2014,MECHANICAL_DAMAGE,,
20140083,2014,OTHER,,
20140084,2014,MECHANICAL_DAMAGE,1994,CARBON STEEL
20140085,2014,OTHER,,
20140086,2014,MECHANICAL_DAMAGE,2005,MATERIAL OTHER THAN CARBON STEEL
20140087,2014,OTHER,2004,CARBON STEEL
20140088,2014,MECHANICAL_DAMAGE,,
20140089,2014,MECHANICAL_DAMAGE,,
20140090,2014,OTHER,1997,CARBON STEEL
20140091,2014,MECHANICAL_DAMAGE,,
20140092,2014,MECHANICAL_DAMAGE,UNKNOWN,MATERIAL OTHER THAN CARBON STEEL
20140093,2014,MECHANICAL_DAMAGE,2011,CARBON STEEL
20140094,2014,INTERNAL_CORROSION,,CARBON STEEL
20140095,2014,INTERNAL_CORROSION,1951,CARBON STEEL
20140096,2014,MECHANICAL_DAMAGE,,
20140097,2013,MATERIAL_FAILURE,1940,CARBON STEEL
20140098,2014,MECHANICAL_DAMAGE,,
20140099,2014,MECHANICAL_DAMAGE,1950,CARBON STEEL
20140100,2014,OTHER,,
20140101,2014,OTHER,2013,MATERIAL OTHER THAN CARBON STEEL
20140102,2014,MECHANICAL_DAMAGE,,
20140103,2014,MECHANICAL_DAMAGE,,
20140104,2014,MECHANICAL_DAMAGE,1978,CARBON STEEL
20140105,2014,INTERNAL_CORROSION,2009,CARBON STEEL
20140106,2014,OTHER,2005,CARBON STEEL
20140107,2014,INTERNAL_CORROSION,1972,CARBON STEEL
20140108,2014,MATERIAL_FAILURE,,
20140109,2014,OTHER,,
20140110,2014,INTERNAL_CORROSION,1966,CARBON STEEL
20140111,2014,INTERNAL_CORROSION,,CARBON STEEL
20140112,2014,EXTERNAL_CORROSION,1940,CARBON STEEL
20140113,2014,INTERNAL_CORROSION,1950,CARBON STEEL
20140114,2014,EXTERNAL_CORROSION,,
20140115,2014,INTERNAL_CORROSION,1932,CARBON STEEL
20140116,2014,MECHANICAL_DAMAGE,,
20140117,2014,MECHANICAL_DAMAGE,2013,MATERIAL OTHER THAN CARBON STEEL
20140118,2014,INTERNAL_CORROSION,1992,CARBON STEEL
20140119,2014,MECHANICAL_DAMAGE,,
20140120,2014,MECHANICAL_DAMAGE,,
20140121,2014,EXTERNAL_CORROSION,1966,CARBON STEEL
20140122,2014,MECHANICAL_DAMAGE,,
20140123,2014,MECHANICAL_DAMAGE,,
20140124,2014,MECHANICAL_DAMAGE,,
20140125,2014,INTERNAL_CORROSION,1979,CARBON STEEL
20140126,2014,INTERNAL_CORROSION,1952,CARBON STEEL
20140127,2014,MECHANICAL_DAMAGE,2014,MATERIAL OTHER THAN CARBON STEEL
20140128,2014,MECHANICAL_DAMAGE,,
20140129,2014,MECHANICAL_DAMAGE,UNKNOWN,CARBON STEEL
20140130,2014,MECHANICAL_DAMAGE,1948,CARBON STEEL
20140131,2014,MECHANICAL_DAMAGE,2007,CARBON STEEL
20140132,2014,OTHER,,
20140133,2014,MECHANICAL_DAMAGE,1983,MATERIAL OTHER THAN CARBON STEEL
20140134,2014,MECHANICAL_DAMAGE,2004,MATERIAL OTHER THAN CARBON STEEL
20140135,2014,MECHANICAL_DAMAGE,2014,CARBON STEEL
20140136,2014,MECHANICAL_DAMAGE,,
20140137,2014,MECHANICAL_DAMAGE,,
20140138,2014,MATERIAL_FAILURE,1948,CARBON STEEL
20140139,2014,MECHANICAL_DAMAGE,2008,MATERIAL OTHER THAN CARBON STEEL
20140140,2014,OTHER,1939,CARBON STEEL
20140141,2014,MECHANICAL_DAMAGE,1994,MATERIAL OTHER THAN CARBON STEEL
20140142,2014,OTHER,1949,CARBON STEEL
20140143,2014,MECHANICAL_DAMAGE,,
20140144,2014,MECHANICAL_DAMAGE,2011,CARBON STEEL
20140145,2014,MECHANICAL_DAMAGE,,
20140146,2014,MECHANICAL_DAMAGE,,
20140147,2014,MECHANICAL_DAMAGE,,
20140148,2014,MECHANICAL_DAMAGE,1950,CARBON STEEL
20140149,2014,OTHER,,
20140150,2014,MECHANICAL_DAMAGE,,
20140151,2014,INTERNAL_CORROSION,1997,CARBON STEEL
20140152,2014,MATERIAL_FAILURE,1950,CARBON STEEL
20140153,2014,OTHER,,
20140154,2014,INTERNAL_CORROSION,,
20140155,2014,MATERIAL_FAILURE,1951,CARBON STEEL
20140156,2014,MECHANICAL_DAMAGE,1999,MATERIAL OTHER THAN CARBON STEEL
20140157,2014,MECHANICAL_DAMAGE,,
20140158,2014,OTHER,,CARBON STEEL
20140160,2014,MECHANICAL_DAMAGE,,
20140161,2014,MECHANICAL_DAMAGE,1962,MATERIAL OTHER THAN CARBON STEEL
20140162,2014,MECHANICAL_DAMAGE,2014,CARBON STEEL
20140163,2014,MECHANICAL_DAMAGE,2013,MATERIAL OTHER THAN CARBON STEEL
20140164,2014,OTHER,,
20140165,2014,MECHANICAL_DAMAGE,2013,MATERIAL OTHER THAN CARBON STEEL
20140166,2014,MECHANICAL_DAMAGE,,
20140167,2014,MECHANICAL_DAMAGE,UNKNOWN,CARBON STEEL
20140168,2014,INTERNAL_CORROSION,2006,CARBON STEEL
20140169,2014,MECHANICAL_DAMAGE,,
20140170,2014,MATERIAL_FAILURE,1967,CARBON STEEL
20140171,2014,OTHER,UNKNOWN,CARBON STEEL
20140172,2014,EXTERNAL_CORROSION,,
20140173,2014,MECHANICAL_DAMAGE,,
20140174,2014,MECHANICAL_DAMAGE,,
20140175,2014,OTHER,1945,CARBON STEEL
20140176,2014,OTHER,,MATERIAL OTHER THAN CARBON STEEL
20140177,2014,OTHER,1960,CARBON STEEL
20140178,2014,OTHER,1989,CARBON STEEL
20140179,2014,MECHANICAL_DAMAGE,,
20140180,2014,OTHER,,
20140181,2014,OTHER,,CARBON STEEL
20140182,2014,MECHANICAL_DAMAGE,,
20140183,2014,MECHANICAL_DAMAGE,,
20140184,2014,MECHANICAL_DAMAGE,UNKNOWN,CARBON STEEL
20140185,2014,MATERIAL_FAILURE,1965,CARBON STEEL
20140186,2014,EXTERNAL_CORROSION,1971,CARBON STEEL
20140187,2014,MECHANICAL_DAMAGE,1947,CARBON STEEL
20140188,2014,MECHANICAL_DAMAGE,,
20140189,2014,MECHANICAL_DAMAGE,,
20140190,2014,MECHANICAL_DAMAGE,,
20140191,2014,EXTERNAL_CORROSION,1955,CARBON STEEL
20140192,2014,OTHER,,
20140193,2014,OTHER,2000,CARBON STEEL
20140194,2014,OTHER,,
20140195,2014,MECHANICAL_DAMAGE,1963,MATERIAL OTHER THAN CARBON STEEL
20140196,2014,INTERNAL_CORROSION,,CARBON STEEL
20140197,2014,EXTERNAL_CORROSION,UNKNOWN,CARBON STEEL
20140198,2014,MECHANICAL_DAMAGE,,
20140199,2014,OTHER,1967,CARBON STEEL
20140200,2014,MECHANICAL_DAMAGE,2012,MATERIAL OTHER THAN CARBON STEEL
20140201,2014,MECHANICAL_DAMAGE,,MATERIAL OTHER THAN CARBON STEEL
20140202,2014,INTERNAL_CORROSION,1990,CARBON STEEL
20140203,2014,MECHANICAL_DAMAGE,,
20140204,2014,INTERNAL_CORROSION,1953,CARBON STEEL
20140205,2014,MECHANICAL_DAMAGE,1963,CARBON STEEL
20140206,2014,MECHANICAL_DAMAGE,2005,CARBON STEEL
20140207,2014,MECHANICAL_DAMAGE,UNKNOWN,CARBON STEEL
20140208,2014,OTHER,,
20140209,2014,OTHER,2014,CARBON STEEL
20140210,2014,MECHANICAL_DAMAGE,2006,CARBON STEEL
20140211,2014,EXTERNAL_CORROSION,,
20140212,2014,MECHANICAL_DAMAGE,,CARBON STEEL
20140213,2014,MECHANICAL_DAMAGE,,
20140214,2014,MECHANICAL_DAMAGE,,
20140215,2014,MECHANICAL_DAMAGE,,
20140216,2014,MECHANICAL_DAMAGE,2010,CARBON STEEL
20140217,2014,OTHER,,
20140218,2014,MECHANICAL_DAMAGE,UNKNOWN,CARBON STEEL
20140219,2014,MECHANICAL_DAMAGE,,
20140220,2014,MECHANICAL_DAMAGE,,
20140221,2014,EXTERNAL_CORROSION,1981,CARBON STEEL
20140222,2014,MECHANICAL_DAMAGE,1954,CARBON STEEL
20140223,2014,EXTERNAL_CORROSION,1989,CARBON STEEL
20140224,2014,INTERNAL_CORROSION,,CARBON STEEL
20140225,2014,MECHANICAL_DAMAGE,1930,CARBON STEEL
20140226,2014,OTHER,2014,MATERIAL OTHER THAN CARBON STEEL
20140227,2014,MECHANICAL_DAMAGE,1988,CARBON STEEL
20140228,2014,OTHER,,CARBON STEEL
20140229,2014,INTERNAL_CORROSION,,
20140230,2014,MECHANICAL_DAMAGE,,
20140231,2014,MECHANICAL_DAMAGE,,CARBON STEEL
20140232,2014,MECHANICAL_DAMAGE,1971,MATERIAL OTHER THAN CARBON STEEL
20140233,2014,OTHER,2014,CARBON STEEL
20140234,2014,OTHER,2008,MATERIAL OTHER THAN CARBON STEEL
20140235,2014,MECHANICAL_DAMAGE,UNKNOWN,MATERIAL OTHER THAN CARBON STEEL
20140236,2014,MECHANICAL_DAMAGE,,
20140237,2014,INTERNAL_CORROSION,,
20140238,2014,OTHER,2011,CARBON STEEL
20140239,2014,OTHER,2011,CARBON STEEL
20140240,2014,MECHANICAL_DAMAGE,,
20140241,2014,MECHANICAL_DAMAGE,,
20140242,2014,OTHER,1974,CARBON STEEL
20140243,2014,OTHER,1989,CARBON STEEL
20140244,2014,MECHANICAL_DAMAGE,1962,CARBON STEEL
20140245,2014,INTERNAL_CORROSION,1963,CARBON STEEL
20140246,2014,OTHER,,CARBON STEEL
20140247,2014,MECHANICAL_DAMAGE,2009,CARBON STEEL
20140248,2014,OTHER,2014,CARBON STEEL
20140249,2014,OTHER,,
20140250,2014,OTHER,,
20140251,2014,MECHANICAL_DAMAGE,,
20140252,2014,EXTERNAL_CORROSION,,
20140253,2014,MECHANICAL_DAMAGE,,MATERIAL OTHER THAN CARBON STEEL
20140255,2014,MECHANICAL_DAMAGE,,
20140256,2014,OTHER,2010,CARBON STEEL
20140257,2014,OTHER,1984,CARBON STEEL
20140258,2014,MECHANICAL_DAMAGE,2014,CARBON STEEL
20140259,2014,MECHANICAL_DAMAGE,,
20140260,2014,MECHANICAL_DAMAGE,UNKNOWN,CARBON STEEL
20140261,2014,INTERNAL_CORROSION,,
20140262,2014,MECHANICAL_DAMAGE,2013,CARBON STEEL
20140263,2014,MECHANICAL_DAMAGE,2008,MATERIAL OTHER THAN CARBON STEEL
20140264,2014,INTERNAL_CORROSION,UNKNOWN,CARBON STEEL
20140265,2014,INTERNAL_CORROSION,1967,CARBON STEEL
20140266,2014,MATERIAL_FAILURE,1967,CARBON STEEL
20140267,2014,OTHER,2004,CARBON STEEL
20140268,2014,INTERNAL_CORROSION,1969,CARBON STEEL
20140269,2014,MECHANICAL_DAMAGE,,
20140270,2014,MECHANICAL_DAMAGE,,
20140271,2014,OTHER,1952,CARBON STEEL
20140272,2014,INTERNAL_CORROSION,2012,CARBON STEEL
20140273,2014,MATERIAL_FAILURE,,
20140274,2014,EXTERNAL_CORROSION,,
20140275,2014,OTHER,1976,CARBON STEEL
20140276,2014,MECHANICAL_DAMAGE,,CARBON STEEL
20140277,2014,INTERNAL_CORROSION,1953,CARBON STEEL
20140278,2014,MECHANICAL_DAMAGE,,
20140279,2014,MECHANICAL_DAMAGE,,CARBON STEEL
20140280,2014,INTERNAL_CORROSION,1978,CARBON STEEL
20140281,2014,MECHANICAL_DAMAGE,,
20140282,2014,MECHANICAL_DAMAGE,,
20140283,2014,MECHANICAL_DAMAGE,,
20140284,2014,OTHER,1995,CARBON STEEL
20140285,2014,MECHANICAL_DAMAGE,1972,CARBON STEEL
20140286,2014,MECHANICAL_DAMAGE,,
20140287,2014,MECHANICAL_DAMAGE,UNKNOWN,MATERIAL OTHER THAN CARBON STEEL
20140288,2014,INTERNAL_CORROSION,2007,CARBON STEEL
20140289,2014,OTHER,1971,CARBON STEEL
20140290,2014,OTHER,,
20140291,2014,OTHER,2014,MATERIAL OTHER THAN CARBON STEEL
20140292,2014,MECHANICAL_DAMAGE,,
20140293,2014,MECHANICAL_DAMAGE,1969,MATERIAL OTHER THAN CARBON STEEL
20140294,2014,MECHANICAL_DAMAGE,2013,MATERIAL OTHER THAN CARBON STEEL
20140295,2014,EXTERNAL_CORROSION,2004,CARBON STEEL
20140296,2014,MECHANICAL_DAMAGE,2010,MATERIAL OTHER THAN CARBON STEEL
20140297,2014,OTHER,,CARBON STEEL
20140298,2014,MECHANICAL_DAMAGE,2013,CARBON STEEL
20140299,2014,OTHER,1978,CARBON STEEL
20140300,2014,EXTERNAL_CORROSION,1966,CARBON STEEL
20140301,2014,INTERNAL_CORROSION,1955,CARBON STEEL
20140302,2014,MECHANICAL_DAMAGE,,
20140303,2014,MECHANICAL_DAMAGE,2011,MATERIAL OTHER THAN CARBON STEEL
20140304,2014,MECHANICAL_DAMAGE,UNKNOWN,CARBON STEEL
20140305,2014,MECHANICAL_DAMAGE,1985,MATERIAL OTHER THAN CARBON STEEL
20140306,2014,INTERNAL_CORROSION,UNKNOWN,CARBON STEEL
20140307,2014,INTERNAL_CORROSION,1968,CARBON STEEL
20140308,2014,MECHANICAL_DAMAGE,UNKNOWN,MATERIAL OTHER THAN CARBON STEEL
20140309,2014,MECHANICAL_DAMAGE,,
20140310,2014,OTHER,1952,CARBON STEEL
20140311,2014,INTERNAL_CORROSION,1951,CARBON STEEL
20140312,2014,MECHANICAL_DAMAGE,,
20140313,2014,MECHANICAL_DAMAGE,UNKNOWN,CARBON STEEL
20140314,2014,OTHER,,CARBON STEEL
20140315,2014,OTHER,,MATERIAL OTHER THAN CARBON STEEL
20140316,2014,OTHER,UNKNOWN,MATERIAL OTHER THAN CARBON STEEL
20140317,2014,INTERNAL_CORROSION,2004,CARBON STEEL
20140318,2014,OTHER,2014,MATERIAL OTHER THAN CARBON STEEL
20140319,2014,MECHANICAL_DAMAGE,,
20140320,2014,INTERNAL_CORROSION,1949,CARBON STEEL
20140321,2014,MATERIAL_FAILURE,1973,CARBON STEEL
20140322,2014,MECHANICAL_DAMAGE,UNKNOWN,CARBON STEEL
20140323,2014,OTHER,1980,CARBON STEEL
20140324,2014,OTHER,1989,MATERIAL OTHER THAN CARBON STEEL
20140325,2014,INTERNAL_CORROSION,1976,CARBON STEEL
20140326,2014,MECHANICAL_DAMAGE,,
20140327,2014,INTERNAL_CORROSION,,
20140328,2014,OTHER,1996,CARBON STEEL
20140329,2014,MECHANICAL_DAMAGE,,
20140330,2014,MATERIAL_FAILURE,1979,CARBON STEEL
20140331,2014,INTERNAL_CORROSION,,
20140332,2014,OTHER,2014,MATERIAL OTHER THAN CARBON STEEL
20140333,2014,INTERNAL_CORROSION,1952,CARBON STEEL
20140334,2014,MECHANICAL_DAMAGE,,
20140335,2014,OTHER,2014,CARBON STEEL
20140336,2014,MECHANICAL_DAMAGE,2002,MATERIAL OTHER THAN CARBON STEEL
20140337,2014,INTERNAL_CORROSION,1996,CARBON STEEL
20140338,2014,MECHANICAL_DAMAGE,,
20140339,2014,MECHANICAL_DAMAGE,2009,CARBON STEEL
20140340,2014,MECHANICAL_DAMAGE,2009,MATERIAL OTHER THAN CARBON STEEL
20140341,2014,MECHANICAL_DAMAGE,,
20140342,2014,INTERNAL_CORROSION,,
20140343,2014,OTHER,2014,CARBON STEEL
20140344,2014,INTERNAL_CORROSION,1998,CARBON STEEL
20140345,2014,MECHANICAL_DAMAGE,2014,CARBON STEEL
20140346,2014,OTHER,2014,CARBON STEEL
20140347,2014,MATERIAL_FAILURE,,
20140348,2014,MECHANICAL_DAMAGE,,
20140349,2014,MECHANICAL_DAMAGE,,
20140350,2014,MECHANICAL_DAMAGE,1985,CARBON STEEL
20140351,2014,MECHANICAL_DAMAGE,,MATERIAL OTHER THAN CARBON STEEL
20140352,2014,MECHANICAL_DAMAGE,1995,CARBON STEEL
20140353,2014,MECHANICAL_DAMAGE,1955,CARBON STEEL
20140354,2014,OTHER,1970,CARBON STEEL
20140355,2014,MATERIAL_FAILURE,1990,CARBON STEEL
20140356,2014,OTHER,,MATERIAL OTHER THAN CARBON STEEL
20140357,2014,OTHER,1977,CARBON STEEL
20140358,2014,OTHER,,
20140359,2014,EXTERNAL_CORROSION,1955,CARBON STEEL
20140360,2014,INTERNAL_CORROSION,1960,CARBON STEEL
20140361,2014,OTHER,UNKNOWN,CARBON STEEL
20140362,2014,MATERIAL_FAILURE,1973,CARBON STEEL
20140363,2014,MECHANICAL_DAMAGE,,
20140364,2014,OTHER,2012,CARBON STEEL
20140365,2014,MECHANICAL_DAMAGE,,CARBON STEEL
20140366,2014,MECHANICAL_DAMAGE,,
20140367,2014,MECHANICAL_DAMAGE,1954,CARBON STEEL
20140368,2014,MECHANICAL_DAMAGE,2014,CARBON STEEL
20140369,2014,MECHANICAL_DAMAGE,2010,MATERIAL OTHER THAN CARBON STEEL
20140370,2014,MECHANICAL_DAMAGE,UNKNOWN,CARBON STEEL
20140371,2014,MECHANICAL_DAMAGE,1954,CARBON STEEL
20140372,2014,EXTERNAL_CORROSION,1940,CARBON STEEL
20140373,2014,OTHER,1950,CARBON STEEL
20140374,2014,MATERIAL_FAILURE,1973,CARBON STEEL
20140375,2014,MECHANICAL_DAMAGE,1991,MATERIAL OTHER THAN CARBON STEEL
20140376,2014,EXTERNAL_CORROSION,1962,CARBON STEEL
20140377,2014,OTHER,2013,MATERIAL OTHER THAN CARBON STEEL
20140378,2014,MECHANICAL_DAMAGE,2005,MATERIAL OTHER THAN CARBON STEEL
20140379,2014,INTERNAL_CORROSION,1946,CARBON STEEL
20140380,2014,OTHER,,
20140381,2014,MECHANICAL_DAMAGE,,
20140382,2014,EXTERNAL_CORROSION,UNKNOWN,CARBON STEEL
20140383,2014,OTHER,,
20140384,2014,INTERNAL_CORROSION,1946,CARBON STEEL
20140385,2014,MECHANICAL_DAMAGE,1946,MATERIAL OTHER THAN CARBON STEEL
20140386,2014,INTERNAL_CORROSION,1950,CARBON STEEL
20140387,2014,MECHANICAL_DAMAGE,,CARBON STEEL
20140388,2014,OTHER,1968,MATERIAL OTHER THAN CARBON STEEL
20140389,2014,INTERNAL_CORROSION,UNKNOWN,CARBON STEEL
20140390,2014,INTERNAL_CORROSION,UNKNOWN,CARBON STEEL
20140391,2014,MECHANICAL_DAMAGE,,
20140392,2014,MECHANICAL_DAMAGE,,
20140393,2014,MATERIAL_FAILURE,1954,CARBON STEEL
20140394,2014,MATERIAL_FAILURE,1950,CARBON STEEL
20140395,2014,MATERIAL_FAILURE,UNKNOWN,CARBON STEEL
20140396,2014,EXTERNAL_CORROSION,UNKNOWN,CARBON STEEL
20140397,2014,MECHANICAL_DAMAGE,,
20140398,2014,MECHANICAL_DAMAGE,,CARBON STEEL
20140399,2014,MECHANICAL_DAMAGE,2004,MATERIAL OTHER THAN CARBON STEEL
20140400,2014,MECHANICAL_DAMAGE,UNKNOWN,MATERIAL OTHER THAN CARBON STEEL
20140401,2014,OTHER,2014,CARBON STEEL
20140402,2014,OTHER,1976,CARBON STEEL
20140403,2014,EXTERNAL_CORROSION,1979,CARBON STEEL
20140404,2014,MECHANICAL_DAMAGE,2010,CARBON STEEL
20140405,2014,OTHER,,
20140406,2014,MECHANICAL_DAMAGE,,
20140407,2014,MECHANICAL_DAMAGE,UNKNOWN,CARBON STEEL
20140408,2014,MATERIAL_FAILURE,UNKNOWN,CARBON STEEL
20140409,2014,INTERNAL_CORROSION,2014,CARBON STEEL
20140410,2014,MATERIAL_FAILURE,,
20140411,2014,OTHER,2014,CARBON STEEL
20140412,2014,MECHANICAL_DAMAGE,,
20140413,2014,OTHER,,CARBON STEEL
20140414,2014,MECHANICAL_DAMAGE,1968,CARBON STEEL
20140415,2014,OTHER,2014,CARBON STEEL
20140416,2014,MECHANICAL_DAMAGE,1974,CARBON STEEL
20140417,2014,MECHANICAL_DAMAGE,1972,MATERIAL OTHER THAN CARBON STEEL
20140418,2014,MECHANICAL_DAMAGE,1985,CARBON STEEL
20140419,2014,MECHANICAL_DAMAGE,2012,MATERIAL OTHER THAN CARBON STEEL
20140420,2014,MECHANICAL_DAMAGE,2013,CARBON STEEL
20140421,2014,MECHANICAL_DAMAGE,UNKNOWN,CARBON STEEL
20140422,2014,MECHANICAL_DAMAGE,1978,CARBON STEEL
20140423,2014,OTHER,2014,MATERIAL OTHER THAN CARBON STEEL
20140424,2014,MECHANICAL_DAMAGE,1993,CARBON STEEL
20140425,2014,OTHER,UNKNOWN,CARBON STEEL
20140426,2014,OTHER,2014,MATERIAL OTHER THAN CARBON STEEL
20140427,2014,OTHER,2012,CARBON STEEL
20140428,2014,MECHANICAL_DAMAGE,UNKNOWN,CARBON STEEL
20140429,2014,MECHANICAL_DAMAGE,,
20140430,2014,OTHER,UNKNOWN,CARBON STEEL
20140431,2014,OTHER,UNKNOWN,CARBON STEEL
20140432,2014,MECHANICAL_DAMAGE,2014,MATERIAL OTHER THAN CARBON STEEL
20140433,2014,MECHANICAL_DAMAGE,2010,CARBON STEEL
20140434,2014,INTERNAL_CORROSION,1955,CARBON STEEL
20140435,2014,MECHANICAL_DAMAGE,UNKNOWN,MATERIAL OTHER THAN CARBON STEEL
20140436,2014,OTHER,1953,CARBON STEEL
20140437,2014,MECHANICAL_DAMAGE,2014,CARBON STEEL
20140438,2014,OTHER,2014,CARBON STEEL
20140439,2014,OTHER,2010,MATERIAL OTHER THAN CARBON STEEL
20140440,2014,OTHER,2014,CARBON STEEL
20140441,2014,MECHANICAL_DAMAGE,2014,CARBON STEEL
20150002,2014,MECHANICAL_DAMAGE,2014,CARBON STEEL
20150003,2014,MECHANICAL_DAMAGE,1978,MATERIAL OTHER THAN CARBON STEEL
20150004,2014,MECHANICAL_DAMAGE,2014,MATERIAL OTHER THAN CARBON STEEL
20150005,2014,OTHER,,
20150006,2014,INTERNAL_CORROSION,2012,CARBON STEEL
20150007,2014,MATERIAL_FAILURE,1953,CARBON STEEL
20150008,2014,OTHER,1968,CARBON STEEL
20150009,2014,INTERNAL_CORROSION,1952,CARBON STEEL
20150010,2014,MECHANICAL_DAMAGE,1967,CARBON STEEL
20150011,2014,MECHANICAL_DAMAGE,2014,MATERIAL OTHER THAN CARBON STEEL
20150012,2014,OTHER,1968,CARBON STEEL
20150013,2013,INTERNAL_CORROSION,1973,CARBON STEEL
20150014,2014,MECHANICAL_DAMAGE,2014,CARBON STEEL
20150015,2014,OTHER,1974,CARBON STEEL
20150016,2014,MECHANICAL_DAMAGE,UNKNOWN,MATERIAL OTHER THAN CARBON STEEL
20150017,2014,OTHER,2009,MATERIAL OTHER THAN CARBON STEEL
20150018,2014,MATERIAL_FAILURE,1962,CARBON STEEL
20150019,2014,MECHANICAL_DAMAGE,2013,CARBON STEEL
20150020,2014,MECHANICAL_DAMAGE,1970,CARBON STEEL
20150021,2014,INTERNAL_CORROSION,1989,CARBON STEEL
20150022,2014,OTHER,2014,CARBON STEEL
20150023,2014,MECHANICAL_DAMAGE,UNKNOWN,CARBON STEEL
20150024,2014,MECHANICAL_DAMAGE,1955,CARBON STEEL
20150025,2014,MECHANICAL_DAMAGE,2014,MATERIAL OTHER THAN CARBON STEEL
20150026,2014,MECHANICAL_DAMAGE,1999,MATERIAL OTHER THAN CARBON STEEL
20150027,2015,OTHER,UNKNOWN,CARBON STEEL
20150028,2014,MECHANICAL_DAMAGE,UNKNOWN,MATERIAL OTHER THAN CARBON STEEL
20150029,2014,EXTERNAL_CORROSION,1922,CARBON STEEL
20150030,2014,MATERIAL_FAILURE,1962,CARBON STEEL
20150031,2015,MECHANICAL_DAMAGE,1953,CARBON STEEL
20150032,2015,MECHANICAL_DAMAGE,2013,CARBON STEEL
20150033,2015,MECHANICAL_DAMAGE,UNKNOWN,CARBON STEEL
20150034,2015,MECHANICAL_DAMAGE,2012,CARBON STEEL
20150035,2015,MECHANICAL_DAMAGE,2014,CARBON STEEL
20150036,2015,INTERNAL_CORROSION,1995,CARBON STEEL
20150037,2015,OTHER,UNKNOWN,CARBON STEEL
20150038,2015,MECHANICAL_DAMAGE,1968,CARBON STEEL
20150039,2015,EXTERNAL_CORROSION,1947,CARBON STEEL
20150040,2015,MATERIAL_FAILURE,1966,CARBON STEEL
20150041,2015,INTERNAL_CORROSION,1950,CARBON STEEL
20150042,2015,INTERNAL_CORROSION,UNKNOWN,CARBON STEEL
20150043,2015,OTHER,2014,CARBON STEEL
20150044,2015,MECHANICAL_DAMAGE,1957,CARBON STEEL
20150045,2015,OTHER,2010,CARBON STEEL
20150046,2015,MECHANICAL_DAMAGE,2014,CARBON STEEL
20150047,2014,OTHER,2013,CARBON STEEL
20150048,2015,OTHER,1967,CARBON STEEL
20150049,2015,MECHANICAL_DAMAGE,2010,CARBON STEEL
20150050,2015,OTHER,1980,CARBON STEEL
20150051,2015,EXTERNAL_CORROSION,1953,CARBON STEEL
20150052,2015,MECHANICAL_DAMAGE,2014,CARBON STEEL
20150053,2015,MATERIAL_FAILURE,1962,CARBON STEEL
20150054,2014,EXTERNAL_CORROSION,1973,CARBON STEEL
20150055,2015,MECHANICAL_DAMAGE,UNKNOWN,CARBON STEEL
20150056,2015,MECHANICAL_DAMAGE,UNKNOWN,CARBON STEEL
20150057,2015,MECHANICAL_DAMAGE,2012,MATERIAL OTHER THAN CARBON STEEL
20150058,2015,OTHER,UNKNOWN,CARBON STEEL
20150059,2015,MATERIAL_FAILURE,1962,CARBON STEEL
20150060,2015,MECHANICAL_DAMAGE,UNKNOWN,CARBON STEEL
20150061,2015,MECHANICAL_DAMAGE,2012,MATERIAL OTHER THAN CARBON STEEL
20150062,2015,MECHANICAL_DAMAGE,1992,MATERIAL OTHER THAN CARBON STEEL
20150063,2015,OTHER,2009,MATERIAL OTHER THAN CARBON STEEL
20150064,2015,MECHANICAL_DAMAGE,1971,CARBON STEEL
20150065,2015,MECHANICAL_DAMAGE,2012,CARBON STEEL
20150066,2015,MECHANICAL_DAMAGE,2012,MATERIAL OTHER THAN CARBON STEEL
20150067,2015,MECHANICAL_DAMAGE,2008,CARBON STEEL
20150068,2015,MATERIAL_FAILURE,2005,CARBON STEEL
20150069,2015,MECHANICAL_DAMAGE,2013,CARBON STEEL
20150070,2015,MECHANICAL_DAMAGE,2012,CARBON STEEL
20150071,2015,MATERIAL_FAILURE,2013,CARBON STEEL
20150073,2015,MECHANICAL_DAMAGE,2006,CARBON STEEL
20150074,2015,INTERNAL_CORROSION,2000,CARBON STEEL
20150075,2015,MECHANICAL_DAMAGE,UNKNOWN,CARBON STEEL
20150076,2015,MATERIAL_FAILURE,1996,CARBON STEEL
20150077,2015,MECHANICAL_DAMAGE,UNKNOWN,MATERIAL OTHER THAN CARBON STEEL
20150078,2015,MATERIAL_FAILURE,1994,CARBON STEEL
20150079,2015,EXTERNAL_CORROSION,1940,CARBON STEEL
20150080,2015,MATERIAL_FAILURE,1950,CARBON STEEL
20150081,2015,MATERIAL_FAILURE,2008,CARBON STEEL
20150082,2015,MECHANICAL_DAMAGE,1992,MATERIAL OTHER THAN CARBON STEEL
20150083,2015,OTHER,2015,CARBON STEEL
20150084,2015,OTHER,2014,CARBON STEEL
20150085,2015,MECHANICAL_DAMAGE,UNKNOWN,MATERIAL OTHER THAN CARBON STEEL
20150086,2015,INTERNAL_CORROSION,UNKNOWN,CARBON STEEL
20150087,2015,INTERNAL_CORROSION,1944,CARBON STEEL
20150088,2015,MATERIAL_FAILURE,1953,CARBON STEEL
20150089,2015,EXTERNAL_CORROSION,1948,CARBON STEEL
20150090,2015,MECHANICAL_DAMAGE,2014,CARBON STEEL
20150091,2015,OTHER,1974,CARBON STEEL
20150092,2015,MECHANICAL_DAMAGE,2007,CARBON STEEL
20150093,2015,EXTERNAL_CORROSION,1978,CARBON STEEL
20150094,2015,INTERNAL_CORROSION,2001,CARBON STEEL
20150095,2015,MECHANICAL_DAMAGE,2014,MATERIAL OTHER THAN CARBON STEEL
20150096,2015,MECHANICAL_DAMAGE,2015,CARBON STEEL
20150097,2015,MECHANICAL_DAMAGE,1947,CARBON STEEL
20150098,2015,OTHER,1950,MATERIAL OTHER THAN CARBON STEEL
20150099,2015,EXTERNAL_CORROSION,1952,CARBON STEEL
20150100,2015,MECHANICAL_DAMAGE,1989,CARBON STEEL
20150101,2015,INTERNAL_CORROSION,UNKNOWN,CARBON STEEL
20150102,2015,MECHANICAL_DAMAGE,UNKNOWN,CARBON STEEL
20150103,2015,INTERNAL_CORROSION,2011,CARBON STEEL
20150104,2015,MECHANICAL_DAMAGE,2012,CARBON STEEL
20150105,2015,MECHANICAL_DAMAGE,2008,CARBON STEEL
20150106,2015,OTHER,2014,CARBON STEEL
20150107,2015,MECHANICAL_DAMAGE,2010,CARBON STEEL
20150108,2015,MECHANICAL_DAMAGE,2015,MATERIAL OTHER THAN CARBON STEEL
20150109,2015,MECHANICAL_DAMAGE,UNKNOWN,CARBON STEEL
20150110,2015,MECHANICAL_DAMAGE,UNKNOWN,CARBON STEEL
20150111,2015,MECHANICAL_DAMAGE,1999,CARBON STEEL
20150112,2015,MECHANICAL_DAMAGE,2011,CARBON STEEL
20150113,2015,MECHANICAL_DAMAGE,2007,MATERIAL OTHER THAN CARBON STEEL
20150114,2015,MATERIAL_FAILURE,1974,CARBON STEEL
20150115,2015,MECHANICAL_DAMAGE,1981,CARBON STEEL
20150116,2015,MECHANICAL_DAMAGE,1972,CARBON STEEL
20150117,2015,EXTERNAL_CORROSION,1978,CARBON STEEL
20150118,2015,EXTERNAL_CORROSION,UNKNOWN,CARBON STEEL
20150119,2015,MECHANICAL_DAMAGE,1991,CARBON STEEL
20150120,2015,MECHANICAL_DAMAGE,1962,CARBON STEEL
20150121,2015,MATERIAL_FAILURE,1997,CARBON STEEL
20150122,2015,MECHANICAL_DAMAGE,2015,MATERIAL OTHER THAN CARBON STEEL
20150123,2015,MECHANICAL_DAMAGE,2014,CARBON STEEL
20150124,2015,MECHANICAL_DAMAGE,UNKNOWN,MATERIAL OTHER THAN CARBON STEEL
20150125,2015,MECHANICAL_DAMAGE,2015,CARBON STEEL
20150126,2015,OTHER,UNKNOWN,MATERIAL OTHER THAN CARBON STEEL
20150127,2015,MECHANICAL_DAMAGE,UNKNOWN,MATERIAL OTHER THAN CARBON STEEL
20150128,2015,MECHANICAL_DAMAGE,2009,MATERIAL OTHER THAN CARBON STEEL
20150129,2015,MECHANICAL_DAMAGE,UNKNOWN,MATERIAL OTHER THAN CARBON STEEL
20150130,2015,MATERIAL_FAILURE,1953,CARBON STEEL
20150131,2015,MECHANICAL_DAMAGE,2008,CARBON STEEL
20150132,2015,EXTERNAL_CORROSION,1948,CARBON STEEL
20150133,2015,EXTERNAL_CORROSION,1948,CARBON STEEL
20150134,2015,OTHER,2014,CARBON STEEL
20150135,2015,MECHANICAL_DAMAGE,2014,CARBON STEEL
20150136,2015,MECHANICAL_DAMAGE,2009,CARBON STEEL
20150137,2015,OTHER,1974,CARBON STEEL
20150138,2015,MECHANICAL_DAMAGE,1974,CARBON STEEL
20150139,2015,INTERNAL_CORROSION,1976,CARBON STEEL
20150140,2015,OTHER,1957,CARBON STEEL
20150141,2015,MECHANICAL_DAMAGE,2014,CARBON STEEL
20150142,2015,MECHANICAL_DAMAGE,2006,CARBON STEEL
20150143,2015,OTHER,2003,CARBON STEEL
20150144,2015,MECHANICAL_DAMAGE,UNKNOWN,CARBON STEEL
20150145,2015,MECHANICAL_DAMAGE,2014,CARBON STEEL
20150146,2015,MECHANICAL_DAMAGE,2014,CARBON STEEL
20150147,2015,MECHANICAL_DAMAGE,UNKNOWN,CARBON STEEL
20150148,2015,MECHANICAL_DAMAGE,2014,CARBON STEEL
20150149,2015,MECHANICAL_DAMAGE,2008,MATERIAL OTHER THAN CARBON STEEL
20150150,2015,MECHANICAL_DAMAGE,UNKNOWN,CARBON STEEL
20150151,2015,MECHANICAL_DAMAGE,2015,CARBON STEEL
20150152,2015,MECHANICAL_DAMAGE,UNKNOWN,MATERIAL OTHER THAN CARBON STEEL
20150153,2015,MECHANICAL_DAMAGE,2006,MATERIAL OTHER THAN CARBON STEEL
20150154,2015,MECHANICAL_DAMAGE,UNKNOWN,MATERIAL OTHER THAN CARBON STEEL
20150155,2015,MECHANICAL_DAMAGE,1968,MATERIAL OTHER THAN CARBON STEEL
20150156,2015,MECHANICAL_DAMAGE,2013,MATERIAL OTHER THAN CARBON STEEL
20150157,2015,MECHANICAL_DAMAGE,2013,MATERIAL OTHER THAN CARBON STEEL
20150158,2015,OTHER,1968,MATERIAL OTHER THAN CARBON STEEL
20150159,2015,MECHANICAL_DAMAGE,2013,MATERIAL OTHER THAN CARBON STEEL
20150160,2015,MECHANICAL_DAMAGE,UNKNOWN,MATERIAL OTHER THAN CARBON STEEL
20150161,2015,OTHER,2015,CARBON STEEL
20150162,2015,OTHER,UNKNOWN,CARBON STEEL
20150163,2015,EXTERNAL_CORROSION,1937,CARBON STEEL
20150164,2015,EXTERNAL_CORROSION,1981,CARBON STEEL
20150165,2015,MECHANICAL_DAMAGE,UNKNOWN,MATERIAL OTHER THAN CARBON STEEL
20150166,2015,OTHER,UNKNOWN,CARBON STEEL
20150167,2015,MECHANICAL_DAMAGE,1971,CARBON STEEL
20150169,2013,OTHER,1952,CARBON STEEL
20150170,2015,MECHANICAL_DAMAGE,2013,MATERIAL OTHER THAN CARBON STEEL
20150171,2015,OTHER,2015,CARBON STEEL
20150172,2015,MATERIAL_FAILURE,1962,CARBON STEEL
20150173,2015,MECHANICAL_DAMAGE,1971,CARBON STEEL
20150174,2015,MECHANICAL_DAMAGE,2012,CARBON STEEL
20150175,2015,MECHANICAL_DAMAGE,1967,CARBON STEEL
20150176,2015,MECHANICAL_DAMAGE,UNKNOWN,MATERIAL OTHER THAN CARBON STEEL
20150177,2015,OTHER,UNKNOWN,CARBON STEEL
20150178,2015,OTHER,UNKNOWN,CARBON STEEL
20150179,2015,MECHANICAL_DAMAGE,2015,CARBON STEEL
20150180,2015,MECHANICAL_DAMAGE,2001,CARBON STEEL
20150181,2015,MECHANICAL_DAMAGE,1970,CARBON STEEL
20150182,2015,MECHANICAL_DAMAGE,2012,CARBON STEEL
20150183,2015,EXTERNAL_CORROSION,1999,CARBON STEEL
20150184,2015,OTHER,1990,CARBON STEEL
20150185,2015,MECHANICAL_DAMAGE,UNKNOWN,CARBON STEEL
20150186,2015,MECHANICAL_DAMAGE,2002,CARBON STEEL
20150187,2015,MECHANICAL_DAMAGE,2014,MATERIAL OTHER THAN CARBON STEEL
20150188,2015,MECHANICAL_DAMAGE,2014,MATERIAL OTHER THAN CARBON STEEL
20150189,2015,OTHER,2015,MATERIAL OTHER THAN CARBON STEEL
20150190,2015,MECHANICAL_DAMAGE,2015,CARBON STEEL
20150191,2015,OTHER,1994,CARBON STEEL
20150192,2015,MECHANICAL_DAMAGE,1968,CARBON STEEL
20150193,2015,MECHANICAL_DAMAGE,1980,CARBON STEEL
20150194,2015,MECHANICAL_DAMAGE,2015,CARBON STEEL
20150195,2015,OTHER,UNKNOWN,CARBON STEEL
20150196,2015,MECHANICAL_DAMAGE,UNKNOWN,CARBON STEEL
20150197,2015,MECHANICAL_DAMAGE,2014,MATERIAL OTHER THAN CARBON STEEL
20150198,2015,EXTERNAL_CORROSION,2013,CARBON STEEL
20150199,2015,MECHANICAL_DAMAGE,2005,CARBON STEEL
20150200,2015,EXTERNAL_CORROSION,1955,CARBON STEEL
20150201,2015,EXTERNAL_CORROSION,1926,CARBON STEEL
20150202,2015,INTERNAL_CORROSION,2001,CARBON STEEL
20150203,2015,MECHANICAL_DAMAGE,2015,CARBON STEEL
20150204,2015,MECHANICAL_DAMAGE,UNKNOWN,CARBON STEEL
20150205,2015,MECHANICAL_DAMAGE,UNKNOWN,MATERIAL OTHER THAN CARBON STEEL
20150206,2015,MECHANICAL_DAMAGE,2015,MATERIAL OTHER THAN CARBON STEEL
20150207,2015,OTHER,1949,MATERIAL OTHER THAN CARBON STEEL
20150208,2015,OTHER,UNKNOWN,CARBON STEEL
20150209,2015,OTHER,UNKNOWN,CARBON STEEL
20150210,2015,MATERIAL_FAILURE,1966,CARBON STEEL
20150211,2015,MECHANICAL_DAMAGE,1973,MATERIAL OTHER THAN CARBON STEEL
20150212,2015,MECHANICAL_DAMAGE,1972,CARBON STEEL
20150213,2015,MECHANICAL_DAMAGE,2014,CARBON STEEL
20150214,2015,OTHER,1976,MATERIAL OTHER THAN CARBON STEEL
20150215,2015,INTERNAL_CORROSION,UNKNOWN,CARBON STEEL
20150216,2015,MECHANICAL_DAMAGE,UNKNOWN,CARBON STEEL
20150217,2015,OTHER,1996,CARBON STEEL
20150218,2015,OTHER,1957,CARBON STEEL
20150219,2015,OTHER,1958,CARBON STEEL
20150220,2015,OTHER,2015,CARBON STEEL
20150221,2015,MECHANICAL_DAMAGE,1979,MATERIAL OTHER THAN CARBON STEEL
20150222,2015,MECHANICAL_DAMAGE,UNKNOWN,CARBON STEEL
20150223,2015,MECHANICAL_DAMAGE,2013,CARBON STEEL
20150224,2015,EXTERNAL_CORROSION,1990,CARBON STEEL
20150225,2015,MATERIAL_FAILURE,2008,CARBON STEEL
20150226,2015,MECHANICAL_DAMAGE,2012,CARBON STEEL
20150227,2015,EXTERNAL_CORROSION,1952,CARBON STEEL
20150228,2015,OTHER,2009,CARBON STEEL
20150229,2015,MECHANICAL_DAMAGE,1969,MATERIAL OTHER THAN CARBON STEEL
20150230,2015,OTHER,2015,CARBON STEEL
20150231,2015,OTHER,1947,CARBON STEEL
20150232,2015,MECHANICAL_DAMAGE,2015,CARBON STEEL
20150233,2015,OTHER,2015,CARBON STEEL
20150234,2015,MECHANICAL_DAMAGE,2013,MATERIAL OTHER THAN CARBON STEEL
20150235,2015,MECHANICAL_DAMAGE,2015,MATERIAL OTHER THAN CARBON STEEL
20150236,2015,OTHER,2015,CARBON STEEL
20150237,2015,MATERIAL_FAILURE,2003,CARBON STEEL
20150238,2015,INTERNAL_CORROSION,1963,CARBON STEEL
20150239,2015,MECHANICAL_DAMAGE,2000,CARBON STEEL
20150240,2015,INTERNAL_CORROSION,1956,CARBON STEEL
20150241,2015,MECHANICAL_DAMAGE,1971,CARBON STEEL
20150242,2015,INTERNAL_CORROSION,UNKNOWN,CARBON STEEL
20150243,2015,MECHANICAL_DAMAGE,1955,MATERIAL OTHER THAN CARBON STEEL
20150244,2015,EXTERNAL_CORROSION,1952,CARBON STEEL
20150245,2015,MECHANICAL_DAMAGE,2012,CARBON STEEL
20150246,2015,MECHANICAL_DAMAGE,1971,CARBON STEEL
20150247,2015,MECHANICAL_DAMAGE,2012,CARBON STEEL
20150248,2015,MECHANICAL_DAMAGE,2014,MATERIAL OTHER THAN CARBON STEEL
20150249,2012,OTHER,2012,CARBON STEEL
20150250,2013,OTHER,2013,CARBON STEEL
20150251,2012,OTHER,2012,CARBON STEEL
20150252,2013,OTHER,1972,CARBON STEEL
20150253,2015,INTERNAL_CORROSION,1997,CARBON STEEL
20150254,2015,MECHANICAL_DAMAGE,2015,CARBON STEEL
20150255,2015,MECHANICAL_DAMAGE,2013,MATERIAL OTHER THAN CARBON STEEL
20150256,2015,OTHER,2015,CARBON STEEL
20150257,2015,EXTERNAL_CORROSION,1966,CARBON STEEL
20150258,2015,OTHER,1996,CARBON STEEL
20150259,2015,MECHANICAL_DAMAGE,2013,CARBON STEEL
20150260,2015,MECHANICAL_DAMAGE,2014,CARBON STEEL
20150261,2015,MECHANICAL_DAMAGE,1964,MATERIAL OTHER THAN CARBON STEEL
20150262,2015,MECHANICAL_DAMAGE,1971,CARBON STEEL
20150263,2015,OTHER,2002,CARBON STEEL
20150264,2015,EXTERNAL_CORROSION,1966,CARBON STEEL
20150265,2015,MECHANICAL_DAMAGE,2014,MATERIAL OTHER THAN CARBON STEEL
20150266,2015,OTHER,1952,CARBON STEEL
20150267,2015,MECHANICAL_DAMAGE,UNKNOWN,MATERIAL OTHER THAN CARBON STEEL
20150268,2015,OTHER,2014,CARBON STEEL
20150269,2015,MECHANICAL_DAMAGE,1997,CARBON STEEL
20150270,2015,OTHER,UNKNOWN,CARBON STEEL
20150271,2015,OTHER,1960,CARBON STEEL
20150272,2015,MECHANICAL_DAMAGE,1973,CARBON STEEL
20150273,2015,INTERNAL_CORROSION,1934,CARBON STEEL
20150274,2015,MECHANICAL_DAMAGE,2014,MATERIAL OTHER THAN CARBON STEEL
20150275,2015,EXTERNAL_CORROSION,1952,CARBON STEEL
20150276,2015,MECHANICAL_DAMAGE,2005,CARBON STEEL
20150277,2015,MECHANICAL_DAMAGE,1993,MATERIAL OTHER THAN CARBON STEEL
20150278,2015,INTERNAL_CORROSION,2010,CARBON STEEL
20150279,2015,OTHER,2014,CARBON STEEL
20150280,2015,MECHANICAL_DAMAGE,1951,CARBON STEEL
20150281,2015,OTHER,UNKNOWN,MATERIAL OTHER THAN CARBON STEEL
20150282,2015,OTHER,1985,CARBON STEEL
20150283,2015,MECHANICAL_DAMAGE,1966,CARBON STEEL
20150284,2015,OTHER,1960,CARBON STEEL
20150285,2015,MECHANICAL_DAMAGE,2014,CARBON STEEL
20150286,2015,MECHANICAL_DAMAGE,1985,MATERIAL OTHER THAN CARBON STEEL
20150287,2015,OTHER,2015,CARBON STEEL
20150288,2015,INTERNAL_CORROSION,1957,CARBON STEEL
20150289,2015,OTHER,UNKNOWN,MATERIAL OTHER THAN CARBON STEEL
20150290,2015,OTHER,2014,CARBON STEEL
20150291,2015,INTERNAL_CORROSION,1999,CARBON STEEL
20150292,2015,MECHANICAL_DAMAGE,UNKNOWN,CARBON STEEL
20150293,2015,MECHANICAL_DAMAGE,2010,CARBON STEEL
20150294,2015,MECHANICAL_DAMAGE,2008,CARBON STEEL
20150295,2015,INTERNAL_CORROSION,1992,CARBON STEEL
20150296,2015,INTERNAL_CORROSION,1968,CARBON STEEL
20150297,2015,OTHER,2000,CARBON STEEL
20150298,2015,MECHANICAL_DAMAGE,UNKNOWN,CARBON STEEL
20150299,2015,OTHER,2015,MATERIAL OTHER THAN CARBON STEEL
20150300,2015,OTHER,1975,CARBON STEEL
20150301,2015,EXTERNAL_CORROSION,1977,CARBON STEEL
20150302,2015,INTERNAL_CORROSION,UNKNOWN,CARBON STEEL
20150303,2015,MECHANICAL_DAMAGE,1947,CARBON STEEL
20150304,2015,INTERNAL_CORROSION,1974,CARBON STEEL
20150305,2015,MECHANICAL_DAMAGE,1954,CARBON STEEL
20150306,2015,MATERIAL_FAILURE,1983,CARBON STEEL
20150307,2015,MECHANICAL_DAMAGE,UNKNOWN,MATERIAL OTHER THAN CARBON STEEL
20150308,2015,OTHER,2007,MATERIAL OTHER THAN CARBON STEEL
20150309,2015,MECHANICAL_DAMAGE,1954,CARBON STEEL
20150310,2015,INTERNAL_CORROSION,1994,CARBON STEEL
20150311,2015,MECHANICAL_DAMAGE,2014,CARBON STEEL
20150312,2015,MECHANICAL_DAMAGE,2015,CARBON STEEL
20150313,2015,MECHANICAL_DAMAGE,2005,CARBON STEEL
20150314,2015,MATERIAL_FAILURE,1968,CARBON STEEL
20150315,2015,INTERNAL_CORROSION,2011,CARBON STEEL
20150316,2015,MECHANICAL_DAMAGE,2009,CARBON STEEL
20150317,2015,MECHANICAL_DAMAGE,2009,CARBON STEEL
20150318,2015,OTHER,2015,CARBON STEEL
20150319,2015,MECHANICAL_DAMAGE,2010,MATERIAL OTHER THAN CARBON STEEL
20150320,2015,INTERNAL_CORROSION,1965,CARBON STEEL
20150321,2015,MECHANICAL_DAMAGE,1960,MATERIAL OTHER THAN CARBON STEEL
20150322,2015,OTHER,1937,CARBON STEEL
20150323,2015,MECHANICAL_DAMAGE,UNKNOWN,CARBON STEEL
20150324,2015,OTHER,UNKNOWN,CARBON STEEL
20150325,2015,EXTERNAL_CORROSION,UNKNOWN,CARBON STEEL
20150326,2015,MECHANICAL_DAMAGE,2002,CARBON STEEL
20150327,2015,MECHANICAL_DAMAGE,2010,CARBON STEEL
20150328,2015,OTHER,UNKNOWN,CARBON STEEL
20150329,2015,OTHER,2007,CARBON STEEL
20150330,2015,OTHER,2003,MATERIAL OTHER THAN CARBON STEEL
20150331,2015,OTHER,1976,CARBON STEEL
20150332,2015,OTHER,2015,CARBON STEEL
20150333,2015,MECHANICAL_DAMAGE,2013,CARBON STEEL
20150334,2015,EXTERNAL_CORROSION,1945,CARBON STEEL
20150335,2015,INTERNAL_CORROSION,1960,CARBON STEEL
20150336,2015,INTERNAL_CORROSION,UNKNOWN,CARBON STEEL
20150337,2015,MECHANICAL_DAMAGE,UNKNOWN,CARBON STEEL
20150338,2015,INTERNAL_CORROSION,UNKNOWN,CARBON STEEL
20150339,2015,OTHER,UNKNOWN,CARBON STEEL
20150340,2015,OTHER,1975,CARBON STEEL
20150341,2015,EXTERNAL_CORROSION,2013,CARBON STEEL
20150342,2015,MECHANICAL_DAMAGE,UNKNOWN,CARBON STEEL
20150343,2015,OTHER,2015,CARBON STEEL
20150344,2015,OTHER,2012,CARBON STEEL
20150345,2015,MECHANICAL_DAMAGE,2006,CARBON STEEL
20150346,2015,MECHANICAL_DAMAGE,2013,MATERIAL OTHER THAN CARBON STEEL
20150347,2015,MECHANICAL_DAMAGE,2001,CARBON STEEL
20150348,2015,MECHANICAL_DAMAGE,UNKNOWN,MATERIAL OTHER THAN CARBON STEEL
20150349,2015,MECHANICAL_DAMAGE,2007,CARBON STEEL
20150350,2015,MECHANICAL_DAMAGE,1965,CARBON STEEL
20150351,2015,INTERNAL_CORROSION,1952,CARBON STEEL
20150352,2015,EXTERNAL_CORROSION,1961,CARBON STEEL
20150353,2015,OTHER,UNKNOWN,CARBON STEEL
20150355,2015,OTHER,UNKNOWN,CARBON STEEL
20150356,2015,OTHER,UNKNOWN,MATERIAL OTHER THAN CARBON STEEL
20150357,2015,MECHANICAL_DAMAGE,2013,MATERIAL OTHER THAN CARBON STEEL
20150358,2015,OTHER,1972,CARBON STEEL
20150359,2015,MECHANICAL_DAMAGE,2015,MATERIAL OTHER THAN CARBON STEEL
20150360,2015,MECHANICAL_DAMAGE,UNKNOWN,CARBON STEEL
20150361,2015,OTHER,UNKNOWN,CARBON STEEL
20150362,2015,MECHANICAL_DAMAGE,UNKNOWN,MATERIAL OTHER THAN CARBON STEEL
20150363,2015,MECHANICAL_DAMAGE,2015,MATERIAL OTHER THAN CARBON STEEL
20150364,2015,MATERIAL_FAILURE,1989,CARBON STEEL
20150365,2015,INTERNAL_CORROSION,1985,CARBON STEEL
20150366,2015,OTHER,UNKNOWN,CARBON STEEL
20150367,2015,MATERIAL_FAILURE,1963,CARBON STEEL
20150368,2015,MECHANICAL_DAMAGE,2015,CARBON STEEL
20150369,2015,MECHANICAL_DAMAGE,2010,CARBON STEEL
20150370,2015,MECHANICAL_DAMAGE,1956,CARBON STEEL
20150371,2015,EXTERNAL_CORROSION,1945,CARBON STEEL
20150372,2015,OTHER,1995,CARBON STEEL
20150373,2015,EXTERNAL_CORROSION,1961,CARBON STEEL
20150374,2015,OTHER,2009,MATERIAL OTHER THAN CARBON STEEL
20150375,2015,INTERNAL_CORROSION,1956,CARBON STEEL
20150376,2015,MECHANICAL_DAMAGE,1941,CARBON STEEL
20150377,2015,MECHANICAL_DAMAGE,2013,MATERIAL OTHER THAN CARBON STEEL
20150378,2015,INTERNAL_CORROSION,1952,CARBON STEEL
20150379,2015,OTHER,UNKNOWN,CARBON STEEL
20150380,2015,MECHANICAL_DAMAGE,2002,CARBON STEEL
20150381,2015,EXTERNAL_CORROSION,1949,CARBON STEEL
20150382,2015,MECHANICAL_DAMAGE,UNKNOWN,MATERIAL OTHER THAN CARBON STEEL
20150383,2015,OTHER,2006,CARBON STEEL
20150384,2015,MECHANICAL_DAMAGE,UNKNOWN,CARBON STEEL
20150385,2015,MECHANICAL_DAMAGE,2015,MATERIAL OTHER THAN CARBON STEEL
20150386,2015,OTHER,2015,CARBON STEEL
20150387,2015,OTHER,2015,CARBON STEEL
20150388,2015,EXTERNAL_CORROSION,UNKNOWN,CARBON STEEL
20150389,2015,MECHANICAL_DAMAGE,1997,MATERIAL OTHER THAN CARBON STEEL
20150390,2015,EXTERNAL_CORROSION,1981,CARBON STEEL
20150391,2015,MECHANICAL_DAMAGE,2015,CARBON STEEL
20150392,2015,MECHANICAL_DAMAGE,2015,MATERIAL OTHER THAN CARBON STEEL
20150393,2015,INTERNAL_CORROSION,UNKNOWN,CARBON STEEL
20150394,2015,MECHANICAL_DAMAGE,2014,CARBON STEEL
20150395,2015,MECHANICAL_DAMAGE,2015,MATERIAL OTHER THAN CARBON STEEL
20150396,2015,EXTERNAL_CORROSION,UNKNOWN,CARBON STEEL
20150397,2015,OTHER,1971,CARBON STEEL
20150398,2015,MECHANICAL_DAMAGE,UNKNOWN,CARBON STEEL
20150399,2015,EXTERNAL_CORROSION,1955,CARBON STEEL
20150400,2015,INTERNAL_CORROSION,UNKNOWN,CARBON STEEL
20150401,2015,MATERIAL_FAILURE,1979,CARBON STEEL
20150402,2015,EXTERNAL_CORROSION,1949,CARBON STEEL
20150403,2015,INTERNAL_CORROSION,2012,CARBON STEEL
20150404,2015,MECHANICAL_DAMAGE,1951,CARBON STEEL
20150405,2015,MECHANICAL_DAMAGE,2007,CARBON STEEL
20150406,2015,MECHANICAL_DAMAGE,2007,CARBON STEEL
20150407,2015,INTERNAL_CORROSION,1972,CARBON STEEL
20150408,2015,MECHANICAL_DAMAGE,UNKNOWN,CARBON STEEL
20150409,2015,OTHER,1975,CARBON STEEL
20150410,2015,INTERNAL_CORROSION,1980,CARBON STEEL
20150411,2015,MECHANICAL_DAMAGE,2015,CARBON STEEL
20150412,2015,MECHANICAL_DAMAGE,2014,MATERIAL OTHER THAN CARBON STEEL
20150413,2015,MECHANICAL_DAMAGE,1981,CARBON STEEL
20150414,2015,INTERNAL_CORROSION,UNKNOWN,CARBON STEEL
20150415,2015,OTHER,1991,MATERIAL OTHER THAN CARBON STEEL
20150416,2015,MECHANICAL_DAMAGE,2011,MATERIAL OTHER THAN CARBON STEEL
20150417,2015,INTERNAL_CORROSION,UNKNOWN,CARBON STEEL
20150418,2015,MECHANICAL_DAMAGE,2015,CARBON STEEL
20150419,2015,INTERNAL_CORROSION,UNKNOWN,CARBON STEEL
20150420,2015,MECHANICAL_DAMAGE,1972,CARBON STEEL
20150421,2015,INTERNAL_CORROSION,1960,CARBON STEEL
20150422,2015,OTHER,1945,CARBON STEEL
20150423,2015,OTHER,1953,CARBON STEEL
20150424,2015,INTERNAL_CORROSION,1960,CARBON STEEL
20150425,2015,MECHANICAL_DAMAGE,UNKNOWN,CARBON STEEL
20150426,2015,INTERNAL_CORROSION,1953,CARBON STEEL
20150427,2015,MECHANICAL_DAMAGE,2015,CARBON STEEL
20150428,2015,MECHANICAL_DAMAGE,UNKNOWN,CARBON STEEL
20150429,2015,MECHANICAL_DAMAGE,2012,CARBON STEEL
20150430,2015,INTERNAL_CORROSION,2009,CARBON STEEL
20150431,2015,EXTERNAL_CORROSION,1976,CARBON STEEL
20150432,2015,MECHANICAL_DAMAGE,2014,CARBON STEEL
20150433,2015,MECHANICAL_DAMAGE,2015,CARBON STEEL
20150434,2015,MATERIAL_FAILURE,1980,CARBON STEEL
20150435,2015,MATERIAL_FAILURE,1980,CARBON STEEL
20150436,2015,MATERIAL_FAILURE,1980,CARBON STEEL
20150437,2015,MATERIAL_FAILURE,1980,CARBON STEEL
20150438,2015,MECHANICAL_DAMAGE,1957,CARBON STEEL
20150439,2015,MECHANICAL_DAMAGE,1975,CARBON STEEL
20150440,2015,OTHER,UNKNOWN,CARBON STEEL
20150441,2015,MECHANICAL_DAMAGE,UNKNOWN,CARBON STEEL
20150442,2015,MECHANICAL_DAMAGE,2015,CARBON STEEL
20150443,2015,OTHER,UNKNOWN,CARBON STEEL
20150444,2015,EXTERNAL_CORROSION,1968,CARBON STEEL
20150445,2015,OTHER,2010,CARBON STEEL
20150446,2015,MECHANICAL_DAMAGE,2008,CARBON STEEL
20150447,2015,OTHER,2015,CARBON STEEL
20150448,2015,MECHANICAL_DAMAGE,1973,CARBON STEEL
20150449,2015,MECHANICAL_DAMAGE,2013,MATERIAL OTHER THAN CARBON STEEL
20150450,2015,EXTERNAL_CORROSION,1949,CARBON STEEL
20150451,2014,MECHANICAL_DAMAGE,2014,CARBON STEEL
20150452,2015,OTHER,UNKNOWN,MATERIAL OTHER THAN CARBON STEEL
20150453,2015,MECHANICAL_DAMAGE,UNKNOWN,CARBON STEEL
20150454,2015,OTHER,2013,CARBON STEEL
20150455,2015,MECHANICAL_DAMAGE,2009,CARBON STEEL
20150456,2015,INTERNAL_CORROSION,1971,CARBON STEEL
20150457,2015,EXTERNAL_CORROSION,1976,CARBON STEEL
20150458,2015,OTHER,2012,MATERIAL OTHER THAN CARBON STEEL
20150459,2015,MATERIAL_FAILURE,2012,CARBON STEEL
20150460,2015,INTERNAL_CORROSION,1980,CARBON STEEL
20150461,2015,MECHANICAL_DAMAGE,2000,CARBON STEEL
20150462,2015,MECHANICAL_DAMAGE,1978,CARBON STEEL
20150463,2015,MECHANICAL_DAMAGE,2015,CARBON STEEL
20150464,2015,INTERNAL_CORROSION,1993,CARBON STEEL
20150465,2015,OTHER,2012,MATERIAL OTHER THAN CARBON STEEL
20150466,2015,MECHANICAL_DAMAGE,2014,CARBON STEEL
20150467,2015,INTERNAL_CORROSION,UNKNOWN,CARBON STEEL
20150468,2015,MECHANICAL_DAMAGE,1979,CARBON STEEL
20150469,2015,MECHANICAL_DAMAGE,2013,MATERIAL OTHER THAN CARBON STEEL
20150470,2015,MATERIAL_FAILURE,2015,CARBON STEEL
20150471,2015,MECHANICAL_DAMAGE,2014,CARBON STEEL
20150473,2015,MECHANICAL_DAMAGE,1941,CARBON STEEL
20160001,2015,INTERNAL_CORROSION,UNKNOWN,CARBON STEEL
20160002,2015,OTHER,2015,CARBON STEEL
20160003,2015,OTHER,UNKNOWN,CARBON STEEL
20160004,2015,OTHER,UNKNOWN,CARBON STEEL
20160005,2015,OTHER,1967,CARBON STEEL
20160006,2015,INTERNAL_CORROSION,1950,CARBON STEEL
20160007,2015,MATERIAL_FAILURE,2010,CARBON STEEL
20160008,2015,INTERNAL_CORROSION,1962,CARBON STEEL
20160009,2015,EXTERNAL_CORROSION,1945,CARBON STEEL
20160011,2015,EXTERNAL_CORROSION,1958,CARBON STEEL
20160012,2015,OTHER,2015,CARBON STEEL
20160013,2016,MECHANICAL_DAMAGE,UNKNOWN,CARBON STEEL
20160014,2015,MECHANICAL_DAMAGE,UNKNOWN,CARBON STEEL
20160015,2015,MECHANICAL_DAMAGE,UNKNOWN,CARBON STEEL
20160016,2016,INTERNAL_CORROSION,1993,CARBON STEEL
20160017,2016,MECHANICAL_DAMAGE,UNKNOWN,CARBON STEEL
20160018,2016,OTHER,1970,CARBON STEEL
20160019,2016,OTHER,2008,MATERIAL OTHER THAN CARBON STEEL
20160020,2016,OTHER,UNKNOWN,CARBON STEEL
20160021,2016,MECHANICAL_DAMAGE,1980,MATERIAL OTHER THAN CARBON STEEL
20160022,2016,MECHANICAL_DAMAGE,2011,CARBON STEEL
20160023,2016,INTERNAL_CORROSION,1969,CARBON STEEL
20160024,2016,OTHER,2007,MATERIAL OTHER THAN CARBON STEEL
20160025,2016,MECHANICAL_DAMAGE,1989,CARBON STEEL
20160026,2016,OTHER,2005,CARBON STEEL
20160027,2016,MECHANICAL_DAMAGE,UNKNOWN,CARBON STEEL
20160029,2016,MECHANICAL_DAMAGE,1998,MATERIAL OTHER THAN CARBON STEEL
20160030,2016,MECHANICAL_DAMAGE,1997,CARBON STEEL
20160031,2016,MATERIAL_FAILURE,1985,CARBON STEEL
20160032,2016,MECHANICAL_DAMAGE,2014,CARBON STEEL
20160033,2016,MECHANICAL_DAMAGE,UNKNOWN,MATERIAL OTHER THAN CARBON STEEL
20160034,2016,MATERIAL_FAILURE,1970,CARBON STEEL
20160035,2016,MECHANICAL_DAMAGE,UNKNOWN,MATERIAL OTHER THAN CARBON STEEL
20160036,2016,INTERNAL_CORROSION,1976,CARBON STEEL
20160037,2016,MECHANICAL_DAMAGE,1950,CARBON STEEL
20160038,2016,OTHER,2016,CARBON STEEL
20160039,2016,OTHER,2015,CARBON STEEL
20160040,2016,EXTERNAL_CORROSION,1972,MATERIAL OTHER THAN CARBON STEEL
20160041,2016,MECHANICAL_DAMAGE,UNKNOWN,CARBON STEEL
20160042,2016,MECHANICAL_DAMAGE,2014,CARBON STEEL
20160043,2016,MECHANICAL_DAMAGE,2015,MATERIAL OTHER THAN CARBON STEEL
20160044,2016,OTHER,1958,CARBON STEEL
20160045,2016,EXTERNAL_CORROSION,1945,CARBON STEEL
20160046,2016,MECHANICAL_DAMAGE,UNKNOWN,MATERIAL OTHER THAN CARBON STEEL
20160047,2016,MECHANICAL_DAMAGE,1944,CARBON STEEL
20160048,2016,OTHER,2015,CARBON STEEL
20160049,2016,MECHANICAL_DAMAGE,2012,MATERIAL OTHER THAN CARBON STEEL
20160050,2016,MECHANICAL_DAMAGE,2014,MATERIAL OTHER THAN CARBON STEEL
20160051,2016,INTERNAL_CORROSION,1972,CARBON STEEL
20160052,2016,MECHANICAL_DAMAGE,1976,CARBON STEEL
20160053,2016,INTERNAL_CORROSION,2013,CARBON STEEL
20160054,2016,OTHER,UNKNOWN,CARBON STEEL
20160055,2016,INTERNAL_CORROSION,1920,CARBON STEEL
20160057,2016,MECHANICAL_DAMAGE,2003,MATERIAL OTHER THAN CARBON STEEL
20160058,2016,EXTERNAL_CORROSION,1944,CARBON STEEL
20160059,2016,MECHANICAL_DAMAGE,2014,CARBON STEEL
20160060,2016,OTHER,1972,CARBON STEEL
20160061,2016,MATERIAL_FAILURE,1971,CARBON STEEL
20160062,2016,INTERNAL_CORROSION,1953,CARBON STEEL
20160063,2016,OTHER,1990,CARBON STEEL
20160064,2016,MATERIAL_FAILURE,2001,CARBON STEEL
20160065,2016,MECHANICAL_DAMAGE,2015,MATERIAL OTHER THAN CARBON STEEL
20160066,2016,INTERNAL_CORROSION,2014,CARBON STEEL
20160067,2016,OTHER,1946,CARBON STEEL
20160068,2016,MECHANICAL_DAMAGE,1962,MATERIAL OTHER THAN CARBON STEEL
20160069,2016,EXTERNAL_CORROSION,1927,CARBON STEEL
20160070,2016,OTHER,UNKNOWN,CARBON STEEL
20160071,2016,MECHANICAL_DAMAGE,1997,CARBON STEEL
20160072,2016,MECHANICAL_DAMAGE,2009,CARBON STEEL
20160073,2016,EXTERNAL_CORROSION,2002,CARBON STEEL
20160074,2016,MECHANICAL_DAMAGE,2013,MATERIAL OTHER THAN CARBON STEEL
20160075,2016,MECHANICAL_DAMAGE,UNKNOWN,CARBON STEEL
20160076,2016,OTHER,1958,CARBON STEEL
20160077,2016,INTERNAL_CORROSION,1953,CARBON STEEL
20160078,2016,MECHANICAL_DAMAGE,2014,CARBON STEEL
20160079,2016,OTHER,1969,CARBON STEEL
20160080,2016,INTERNAL_CORROSION,1934,CARBON STEEL
20160081,2016,INTERNAL_CORROSION,1934,CARBON STEEL
20160082,2016,OTHER,2002,CARBON STEEL
20160083,2016,MECHANICAL_DAMAGE,2016,MATERIAL OTHER THAN CARBON STEEL
20160084,2016,MECHANICAL_DAMAGE,1965,CARBON STEEL
20160085,2016,MECHANICAL_DAMAGE,UNKNOWN,CARBON STEEL
20160086,2016,EXTERNAL_CORROSION,UNKNOWN,CARBON STEEL
20160087,2016,MATERIAL_FAILURE,2015,CARBON STEEL
20160088,2016,MATERIAL_FAILURE,1962,CARBON STEEL
20160089,2016,MECHANICAL_DAMAGE,2015,CARBON STEEL
20160090,2016,MECHANICAL_DAMAGE,UNKNOWN,CARBON STEEL
20160091,2016,MATERIAL_FAILURE,UNKNOWN,CARBON STEEL
20160092,2016,MECHANICAL_DAMAGE,2014,MATERIAL OTHER THAN CARBON STEEL
20160093,2016,MECHANICAL_DAMAGE,2001,CARBON STEEL
20160094,2016,OTHER,UNKNOWN,MATERIAL OTHER THAN CARBON STEEL
20160095,2016,MATERIAL_FAILURE,1978,CARBON STEEL
20160096,2016,MECHANICAL_DAMAGE,UNKNOWN,CARBON STEEL
20160097,2016,MECHANICAL_DAMAGE,2014,CARBON STEEL
20160098,2016,EXTERNAL_CORROSION,1930,CARBON STEEL
20160099,2015,MECHANICAL_DAMAGE,1949,CARBON STEEL
20160100,2015,EXTERNAL_CORROSION,1969,CARBON STEEL
20160101,2016,MECHANICAL_DAMAGE,UNKNOWN,CARBON STEEL
20160102,2016,OTHER,2016,CARBON STEEL
20160103,2016,MECHANICAL_DAMAGE,2016,MATERIAL OTHER THAN CARBON STEEL
20160104,2016,MECHANICAL_DAMAGE,1992,CARBON STEEL
20160105,2016,EXTERNAL_CORROSION,1980,CARBON STEEL
20160106,2016,MECHANICAL_DAMAGE,2001,CARBON STEEL
20160107,2016,MECHANICAL_DAMAGE,2015,CARBON STEEL
20160108,2016,OTHER,1965,CARBON STEEL
20160109,2016,MECHANICAL_DAMAGE,2000,CARBON STEEL
20160110,2016,INTERNAL_CORROSION,1994,CARBON STEEL
20160111,2016,MECHANICAL_DAMAGE,1974,CARBON STEEL
20160112,2016,MECHANICAL_DAMAGE,1968,CARBON STEEL
20160113,2016,INTERNAL_CORROSION,1956,CARBON STEEL
20160114,2016,OTHER,2012,MATERIAL OTHER THAN CARBON STEEL
20160115,2016,MATERIAL_FAILURE,1946,CARBON STEEL
20160116,2016,OTHER,2016,MATERIAL OTHER THAN CARBON STEEL
20160117,2016,INTERNAL_CORROSION,1991,CARBON STEEL
20160118,2016,INTERNAL_CORROSION,1928,CARBON STEEL
20160119,2016,INTERNAL_CORROSION,1928,CARBON STEEL
20160120,2016,OTHER,2016,CARBON STEEL
20160121,2016,EXTERNAL_CORROSION,UNKNOWN,CARBON STEEL
20160122,2016,MECHANICAL_DAMAGE,2015,CARBON STEEL
20160123,2016,MECHANICAL_DAMAGE,2013,CARBON STEEL
20160124,2016,EXTERNAL_CORROSION,1968,CARBON STEEL
20160125,2016,MECHANICAL_DAMAGE,1976,MATERIAL OTHER THAN CARBON STEEL
20160126,2016,MATERIAL_FAILURE,1946,CARBON STEEL
20160127,2016,INTERNAL_CORROSION,1991,CARBON STEEL
20160128,2016,MECHANICAL_DAMAGE,UNKNOWN,CARBON STEEL
20160129,2016,MATERIAL_FAILURE,1948,CARBON STEEL
20160130,2016,MECHANICAL_DAMAGE,2016,MATERIAL OTHER THAN CARBON STEEL
20160131,2015,MECHANICAL_DAMAGE,UNKNOWN,MATERIAL OTHER THAN CARBON STEEL
20160132,2015,MECHANICAL_DAMAGE,2012,CARBON STEEL
20160133,2015,MECHANICAL_DAMAGE,UNKNOWN,CARBON STEEL
20160134,2016,MECHANICAL_DAMAGE,2012,CARBON STEEL
20160135,2016,MATERIAL_FAILURE,2009,CARBON STEEL
20160136,2016,MECHANICAL_DAMAGE,2013,CARBON STEEL
20160137,2016,MATERIAL_FAILURE,UNKNOWN,CARBON STEEL
20160138,2016,MATERIAL_FAILURE,1961,CARBON STEEL
20160139,2016,INTERNAL_CORROSION,1953,CARBON STEEL
20160140,2016,MATERIAL_FAILURE,2010,CARBON STEEL
20160141,2016,MECHANICAL_DAMAGE,1977,CARBON STEEL
20160142,2016,MECHANICAL_DAMAGE,2016,CARBON STEEL
20160143,2016,INTERNAL_CORROSION,2012,CARBON STEEL
20160144,2016,OTHER,1951,CARBON STEEL
20160145,2016,INTERNAL_CORROSION,1934,CARBON STEEL
20160146,2016,EXTERNAL_CORROSION,1986,CARBON STEEL
20160147,2016,OTHER,2002,CARBON STEEL
20160148,2015,INTERNAL_CORROSION,2011,CARBON STEEL
20160149,2016,MECHANICAL_DAMAGE,UNKNOWN,CARBON STEEL
20160150,2016,MECHANICAL_DAMAGE,2013,MATERIAL OTHER THAN CARBON STEEL
20160151,2016,MECHANICAL_DAMAGE,UNKNOWN,CARBON STEEL
20160152,2016,INTERNAL_CORROSION,2013,CARBON STEEL
20160153,2016,OTHER,2016,CARBON STEEL
20160154,2016,OTHER,2008,MATERIAL OTHER THAN CARBON STEEL
20160155,2016,MECHANICAL_DAMAGE,2016,CARBON STEEL
20160156,2016,INTERNAL_CORROSION,2014,CARBON STEEL
20160157,2015,EXTERNAL_CORROSION,1969,CARBON STEEL
20160158,2016,MECHANICAL_DAMAGE,UNKNOWN,CARBON STEEL
20160159,2016,MECHANICAL_DAMAGE,2011,MATERIAL OTHER THAN CARBON STEEL
20160160,2016,INTERNAL_CORROSION,1944,CARBON STEEL
20160161,2016,OTHER,2012,CARBON STEEL
20160162,2016,MECHANICAL_DAMAGE,2012,MATERIAL OTHER THAN CARBON STEEL
20160164,2016,MECHANICAL_DAMAGE,2007,CARBON STEEL
20160165,2016,MECHANICAL_DAMAGE,UNKNOWN,CARBON STEEL
20160166,2016,OTHER,2016,CARBON STEEL
20160167,2016,OTHER,2016,CARBON STEEL
20160168,2016,EXTERNAL_CORROSION,1966,CARBON STEEL
20160169,2016,MECHANICAL_DAMAGE,1974,MATERIAL OTHER THAN CARBON STEEL
20160170,2016,OTHER,2014,MATERIAL OTHER THAN CARBON STEEL
20160171,2016,OTHER,2013,MATERIAL OTHER THAN CARBON STEEL
20160172,2016,MECHANICAL_DAMAGE,2013,MATERIAL OTHER THAN CARBON STEEL
20160173,2016,MECHANICAL_DAMAGE,UNKNOWN,CARBON STEEL
20160174,2016,EXTERNAL_CORROSION,1968,CARBON STEEL
20160175,2016,MECHANICAL_DAMAGE,2016,CARBON STEEL
20160176,2016,MECHANICAL_DAMAGE,UNKNOWN,CARBON STEEL
20160177,2016,OTHER,2016,CARBON STEEL
20160178,2016,OTHER,1987,CARBON STEEL
20160179,2016,INTERNAL_CORROSION,UNKNOWN,CARBON STEEL
20160180,2016,MECHANICAL_DAMAGE,1982,CARBON STEEL
20160181,2016,MECHANICAL_DAMAGE,1972,CARBON STEEL
20160182,2016,OTHER,2016,CARBON STEEL
20160183,2016,OTHER,1981,CARBON STEEL
20160184,2016,MATERIAL_FAILURE,1989,CARBON STEEL
20160185,2016,MECHANICAL_DAMAGE,2006,CARBON STEEL
20160186,2016,INTERNAL_CORROSION,1975,CARBON STEEL
20160187,2016,EXTERNAL_CORROSION,2013,CARBON STEEL
20160188,2016,MECHANICAL_DAMAGE,UNKNOWN,CARBON STEEL
20160189,2016,INTERNAL_CORROSION,1993,CARBON STEEL
20160190,2016,MECHANICAL_DAMAGE,2015,CARBON STEEL
20160191,2016,MECHANICAL_DAMAGE,1981,MATERIAL OTHER THAN CARBON STEEL
20160192,2016,MECHANICAL_DAMAGE,2014,MATERIAL OTHER THAN CARBON STEEL
20160193,2016,MECHANICAL_DAMAGE,UNKNOWN,MATERIAL OTHER THAN CARBON STEEL
20160194,2016,OTHER,1998,MATERIAL OTHER THAN CARBON STEEL
20160195,2016,OTHER,1978,CARBON STEEL
20160196,2016,OTHER,UNKNOWN,CARBON STEEL
20160197,2016,MECHANICAL_DAMAGE,2016,CARBON STEEL
20160198,2016,OTHER,2010,CARBON STEEL
20160199,2016,MECHANICAL_DAMAGE,2011,CARBON STEEL
20160200,2015,MECHANICAL_DAMAGE,1953,CARBON STEEL
20160201,2016,MECHANICAL_DAMAGE,2008,CARBON STEEL
20160202,2016,OTHER,1962,CARBON STEEL
20160203,2016,OTHER,2009,CARBON STEEL
20160204,2016,OTHER,2000,MATERIAL OTHER THAN CARBON STEEL
20160205,2016,INTERNAL_CORROSION,1978,CARBON STEEL
20160206,2016,MECHANICAL_DAMAGE,2016,MATERIAL OTHER THAN CARBON STEEL
20160207,2016,MECHANICAL_DAMAGE,1968,MATERIAL OTHER THAN CARBON STEEL
20160208,2016,MECHANICAL_DAMAGE,2013,MATERIAL OTHER THAN CARBON STEEL
20160209,2016,MECHANICAL_DAMAGE,UNKNOWN,CARBON STEEL
20160210,2016,EXTERNAL_CORROSION,1969,CARBON STEEL
20160211,2016,OTHER,2015,CARBON STEEL
20160212,2016,INTERNAL_CORROSION,2011,CARBON STEEL
20160213,2016,INTERNAL_CORROSION,2014,CARBON STEEL
20160214,2016,EXTERNAL_CORROSION,1952,CARBON STEEL
20160215,2016,MECHANICAL_DAMAGE,UNKNOWN,CARBON STEEL
20160216,2016,MECHANICAL_DAMAGE,1980,MATERIAL OTHER THAN CARBON STEEL
20160217,2016,INTERNAL_CORROSION,2013,CARBON STEEL
20160218,2016,INTERNAL_CORROSION,1984,CARBON STEEL
20160219,2016,INTERNAL_CORROSION,1950,CARBON STEEL
20160220,2016,MECHANICAL_DAMAGE,UNKNOWN,CARBON STEEL
20160221,2016,INTERNAL_CORROSION,1944,CARBON STEEL
20160222,2016,OTHER,2012,MATERIAL OTHER THAN CARBON STEEL
20160223,2016,EXTERNAL_CORROSION,2011,CARBON STEEL
20160224,2016,MECHANICAL_DAMAGE,2015,CARBON STEEL
20160225,2016,INTERNAL_CORROSION,1998,CARBON STEEL
20160226,2016,INTERNAL_CORROSION,2015,MATERIAL OTHER THAN CARBON STEEL
20160227,2016,MATERIAL_FAILURE,2016,CARBON STEEL
20160228,2016,MECHANICAL_DAMAGE,2016,MATERIAL OTHER THAN CARBON STEEL
20160229,2016,MECHANICAL_DAMAGE,UNKNOWN,CARBON STEEL
20160230,2016,INTERNAL_CORROSION,2003,CARBON STEEL
20160231,2016,MECHANICAL_DAMAGE,1981,MATERIAL OTHER THAN CARBON STEEL
20160232,2016,OTHER,2016,CARBON STEEL
20160233,2016,MECHANICAL_DAMAGE,1958,CARBON STEEL
20160234,2016,EXTERNAL_CORROSION,1952,CARBON STEEL
20160235,2016,MECHANICAL_DAMAGE,1953,CARBON STEEL
20160236,2016,MATERIAL_FAILURE,2000,CARBON STEEL
20160237,2016,OTHER,UNKNOWN,MATERIAL OTHER THAN CARBON STEEL
20160238,2016,INTERNAL_CORROSION,1952,CARBON STEEL
20160240,2016,EXTERNAL_CORROSION,UNKNOWN,CARBON STEEL
20160241,2016,MECHANICAL_DAMAGE,UNKNOWN,CARBON STEEL
20160242,2016,MATERIAL_FAILURE,1964,CARBON STEEL
20160243,2016,MECHANICAL_DAMAGE,2001,MATERIAL OTHER THAN CARBON STEEL
20160244,2016,OTHER,2015,CARBON STEEL
20160245,2016,MECHANICAL_DAMAGE,1976,CARBON STEEL
20160246,2016,OTHER,2016,CARBON STEEL
20160247,2016,OTHER,1981,CARBON STEEL
20160248,2016,MECHANICAL_DAMAGE,2008,MATERIAL OTHER THAN CARBON STEEL
20160249,2016,MECHANICAL_DAMAGE,2015,CARBON STEEL
20160250,2016,MECHANICAL_DAMAGE,2016,CARBON STEEL
20160251,2016,INTERNAL_CORROSION,2011,CARBON STEEL
20160252,2016,MECHANICAL_DAMAGE,2008,MATERIAL OTHER THAN CARBON STEEL
20160253,2016,MECHANICAL_DAMAGE,1951,CARBON STEEL
20160254,2016,MECHANICAL_DAMAGE,1980,MATERIAL OTHER THAN CARBON STEEL
20160255,2016,MECHANICAL_DAMAGE,2016,CARBON STEEL
20160256,2016,EXTERNAL_CORROSION,UNKNOWN,CARBON STEEL
20160257,2016,OTHER,2016,MATERIAL OTHER THAN CARBON STEEL
20160258,2016,OTHER,2016,MATERIAL OTHER THAN CARBON STEEL
20160259,2016,INTERNAL_CORROSION,1952,CARBON STEEL
20160260,2016,MECHANICAL_DAMAGE,1993,MATERIAL OTHER THAN CARBON STEEL
20160261,2016,OTHER,1968,CARBON STEEL
20160262,2016,MECHANICAL_DAMAGE,1972,CARBON STEEL
20160263,2016,OTHER,UNKNOWN,MATERIAL OTHER THAN CARBON STEEL
20160264,2016,OTHER,UNKNOWN,CARBON STEEL
20160265,2016,MECHANICAL_DAMAGE,2015,CARBON STEEL
20160266,2016,EXTERNAL_CORROSION,1969,CARBON STEEL
20160267,2016,OTHER,2013,CARBON STEEL
20160268,2016,MECHANICAL_DAMAGE,1957,CARBON STEEL
20160269,2016,MECHANICAL_DAMAGE,UNKNOWN,CARBON STEEL
20160270,2016,EXTERNAL_CORROSION,1979,CARBON STEEL
20160271,2016,OTHER,2016,CARBON STEEL
20160272,2016,MECHANICAL_DAMAGE,2010,CARBON STEEL
20160273,2016,MECHANICAL_DAMAGE,2011,CARBON STEEL
20160274,2016,MECHANICAL_DAMAGE,1988,CARBON STEEL
20160275,2016,MECHANICAL_DAMAGE,1959,CARBON STEEL
20160276,2016,MECHANICAL_DAMAGE,2010,CARBON STEEL
20160277,2016,OTHER,2015,CARBON STEEL
20160278,2016,OTHER,1950,CARBON STEEL
20160279,2016,OTHER,1960,CARBON STEEL
20160280,2016,MECHANICAL_DAMAGE,UNKNOWN,CARBON STEEL
20160281,2016,INTERNAL_CORROSION,1950,CARBON STEEL
20160282,2016,INTERNAL_CORROSION,UNKNOWN,CARBON STEEL
20160283,2016,OTHER,UNKNOWN,CARBON STEEL
20160284,2016,INTERNAL_CORROSION,2012,CARBON STEEL
20160285,2016,EXTERNAL_CORROSION,2015,CARBON STEEL
20160286,2016,MECHANICAL_DAMAGE,UNKNOWN,CARBON STEEL
20160287,2016,OTHER,UNKNOWN,CARBON STEEL
20160288,2016,MECHANICAL_DAMAGE,2016,CARBON STEEL
20160289,2016,INTERNAL_CORROSION,1953,CARBON STEEL
20160290,2016,MECHANICAL_DAMAGE,1995,CARBON STEEL
20160291,2016,MECHANICAL_DAMAGE,2016,MATERIAL OTHER THAN CARBON STEEL
20160292,2016,MECHANICAL_DAMAGE,1996,CARBON STEEL
20160293,2016,MECHANICAL_DAMAGE,1960,MATERIAL OTHER THAN CARBON STEEL
20160294,2016,OTHER,1965,CARBON STEEL
20160295,2016,OTHER,1979,CARBON STEEL
20160296,2016,MECHANICAL_DAMAGE,1961,CARBON STEEL
20160297,2016,MECHANICAL_DAMAGE,2015,MATERIAL OTHER THAN CARBON STEEL
20160298,2016,MECHANICAL_DAMAGE,2009,CARBON STEEL
20160299,2016,MECHANICAL_DAMAGE,2009,CARBON STEEL
20160300,2016,MECHANICAL_DAMAGE,UNKNOWN,CARBON STEEL
20160301,2016,MECHANICAL_DAMAGE,UNKNOWN,MATERIAL OTHER THAN CARBON STEEL
20160302,2016,MECHANICAL_DAMAGE,2016,CARBON STEEL
20160303,2016,MECHANICAL_DAMAGE,UNKNOWN,MATERIAL OTHER THAN CARBON STEEL
20160304,2016,OTHER,UNKNOWN,MATERIAL OTHER THAN CARBON STEEL
20160305,2016,OTHER,1961,CARBON STEEL
20160306,2016,OTHER,2016,CARBON STEEL
20160307,2016,MECHANICAL_DAMAGE,2014,MATERIAL OTHER THAN CARBON STEEL
20160308,2016,OTHER,UNKNOWN,CARBON STEEL
20160309,2016,MECHANICAL_DAMAGE,UNKNOWN,CARBON STEEL
20160310,2016,MECHANICAL_DAMAGE,1953,CARBON STEEL
20160311,2016,OTHER,2016,CARBON STEEL
20160312,2016,INTERNAL_CORROSION,2001,CARBON STEEL
20160313,2016,OTHER,2008,CARBON STEEL
20160314,2016,MECHANICAL_DAMAGE,1995,MATERIAL OTHER THAN CARBON STEEL
20160315,2016,OTHER,2013,CARBON STEEL
20160316,2016,MECHANICAL_DAMAGE,2006,CARBON STEEL
20160317,2016,EXTERNAL_CORROSION,2009,CARBON STEEL
20160318,2016,OTHER,UNKNOWN,CARBON STEEL
20160319,2016,MECHANICAL_DAMAGE,1974,CARBON STEEL
20160320,2016,INTERNAL_CORROSION,2007,CARBON STEEL
20160321,2016,INTERNAL_CORROSION,UNKNOWN,CARBON STEEL
20160322,2016,INTERNAL_CORROSION,2007,CARBON STEEL
20160323,2016,MECHANICAL_DAMAGE,2014,CARBON STEEL
20160324,2016,OTHER,1961,CARBON STEEL
20160325,2016,EXTERNAL_CORROSION,2015,CARBON STEEL
20160326,2016,MECHANICAL_DAMAGE,2015,MATERIAL OTHER THAN CARBON STEEL
20160327,2016,MECHANICAL_DAMAGE,2016,CARBON STEEL
20160328,2016,EXTERNAL_CORROSION,1976,CARBON STEEL
20160329,2016,MATERIAL_FAILURE,2014,CARBON STEEL
20160330,2016,OTHER,2016,CARBON STEEL
20160331,2016,EXTERNAL_CORROSION,1975,CARBON STEEL
20160332,2016,MECHANICAL_DAMAGE,1978,CARBON STEEL
20160333,2016,MECHANICAL_DAMAGE,1950,CARBON STEEL
20160334,2016,MECHANICAL_DAMAGE,1992,CARBON STEEL
20160335,2016,OTHER,2010,CARBON STEEL
20160336,2016,MECHANICAL_DAMAGE,2015,MATERIAL OTHER THAN CARBON STEEL
20160337,2016,MECHANICAL_DAMAGE,2012,CARBON STEEL
20160338,2016,MECHANICAL_DAMAGE,1973,CARBON STEEL
20160339,2016,OTHER,2016,CARBON STEEL
20160340,2016,MECHANICAL_DAMAGE,1973,CARBON STEEL
20160341,2016,OTHER,1978,CARBON STEEL
20160342,2016,INTERNAL_CORROSION,UNKNOWN,CARBON STEEL
20160343,2016,MECHANICAL_DAMAGE,2001,CARBON STEEL
20160344,2016,MECHANICAL_DAMAGE,2015,MATERIAL OTHER THAN CARBON STEEL
20160345,2016,MATERIAL_FAILURE,UNKNOWN,CARBON STEEL
20160346,2015,EXTERNAL_CORROSION,1949,CARBON STEEL
20160347,2015,EXTERNAL_CORROSION,UNKNOWN,CARBON STEEL
20160348,2015,EXTERNAL_CORROSION,UNKNOWN,CARBON STEEL
20160349,2015,EXTERNAL_CORROSION,UNKNOWN,CARBON STEEL
20160350,2015,EXTERNAL_CORROSION,UNKNOWN,CARBON STEEL
20160351,2016,EXTERNAL_CORROSION,UNKNOWN,CARBON STEEL
20160352,2015,EXTERNAL_CORROSION,UNKNOWN,CARBON STEEL
20160353,2016,MATERIAL_FAILURE,UNKNOWN,CARBON STEEL
20160354,2015,MECHANICAL_DAMAGE,UNKNOWN,MATERIAL OTHER THAN CARBON STEEL
20160355,2016,MECHANICAL_DAMAGE,UNKNOWN,CARBON STEEL
20160356,2016,MECHANICAL_DAMAGE,2013,CARBON STEEL
20160357,2016,MATERIAL_FAILURE,1975,CARBON STEEL
20160358,2016,MECHANICAL_DAMAGE,2016,MATERIAL OTHER THAN CARBON STEEL
20160359,2016,MECHANICAL_DAMAGE,2016,CARBON STEEL
20160360,2016,MECHANICAL_DAMAGE,1971,CARBON STEEL
20160361,2016,MECHANICAL_DAMAGE,2013,CARBON STEEL
20160362,2016,EXTERNAL_CORROSION,2015,CARBON STEEL
20160363,2016,MECHANICAL_DAMAGE,2013,MATERIAL OTHER THAN CARBON STEEL
20160364,2016,OTHER,UNKNOWN,CARBON STEEL
20160365,2016,OTHER,2016,CARBON STEEL
20160366,2016,MECHANICAL_DAMAGE,1997,MATERIAL OTHER THAN CARBON STEEL
20160367,2016,MECHANICAL_DAMAGE,UNKNOWN,MATERIAL OTHER THAN CARBON STEEL
20160368,2016,MECHANICAL_DAMAGE,2014,MATERIAL OTHER THAN CARBON STEEL
20160369,2016,OTHER,1965,CARBON STEEL
20160370,2014,EXTERNAL_CORROSION,1949,CARBON STEEL
20160371,2014,EXTERNAL_CORROSION,1949,CARBON STEEL
20160372,2016,MECHANICAL_DAMAGE,2013,CARBON STEEL
20160373,2016,OTHER,UNKNOWN,CARBON STEEL
20160374,2016,EXTERNAL_CORROSION,UNKNOWN,CARBON STEEL
20160375,2016,OTHER,UNKNOWN,CARBON STEEL
20160376,2016,MATERIAL_FAILURE,1999,CARBON STEEL
20160377,2016,MATERIAL_FAILURE,1968,CARBON STEEL
20160378,2016,MECHANICAL_DAMAGE,1976,CARBON STEEL
20160379,2016,INTERNAL_CORROSION,1952,CARBON STEEL
20160380,2016,OTHER,UNKNOWN,MATERIAL OTHER THAN CARBON STEEL
20160381,2014,OTHER,UNKNOWN,CARBON STEEL
20160382,2016,OTHER,1994,CARBON STEEL
20160383,2014,MECHANICAL_DAMAGE,1956,CARBON STEEL
20160384,2014,EXTERNAL_CORROSION,UNKNOWN,CARBON STEEL
20160385,2016,MECHANICAL_DAMAGE,2002,CARBON STEEL
20160386,2014,MECHANICAL_DAMAGE,UNKNOWN,CARBON STEEL
20160387,2014,OTHER,UNKNOWN,CARBON STEEL
20160388,2016,OTHER,UNKNOWN,CARBON STEEL
20160389,2014,EXTERNAL_CORROSION,UNKNOWN,CARBON STEEL
20160390,2014,INTERNAL_CORROSION,UNKNOWN,CARBON STEEL
20160391,2016,MECHANICAL_DAMAGE,1961,CARBON STEEL
20160392,2016,EXTERNAL_CORROSION,1993,CARBON STEEL
20160393,2016,OTHER,2014,CARBON STEEL
20160394,2016,MECHANICAL_DAMAGE,2013,MATERIAL OTHER THAN CARBON STEEL
20160395,2016,MECHANICAL_DAMAGE,2015,MATERIAL OTHER THAN CARBON STEEL
20160396,2016,MECHANICAL_DAMAGE,UNKNOWN,CARBON STEEL
20160397,2016,MECHANICAL_DAMAGE,UNKNOWN,CARBON STEEL
20160398,2016,EXTERNAL_CORROSION,1957,CARBON STEEL
20160399,2016,OTHER,1963,CARBON STEEL
20160400,2016,MECHANICAL_DAMAGE,2015,CARBON STEEL
20160401,2016,EXTERNAL_CORROSION,1966,CARBON STEEL
20160403,2016,MECHANICAL_DAMAGE,1995,MATERIAL OTHER THAN CARBON STEEL
20160404,2016,MECHANICAL_DAMAGE,1960,MATERIAL OTHER THAN CARBON STEEL
20160405,2016,INTERNAL_CORROSION,UNKNOWN,CARBON STEEL
20160406,2016,MECHANICAL_DAMAGE,1942,CARBON STEEL
20160407,2016,MECHANICAL_DAMAGE,1987,CARBON STEEL
20160408,2016,MECHANICAL_DAMAGE,2000,CARBON STEEL
20160409,2016,MECHANICAL_DAMAGE,UNKNOWN,CARBON STEEL
20160410,2016,EXTERNAL_CORROSION,UNKNOWN,CARBON STEEL
20160411,2016,INTERNAL_CORROSION,1971,CARBON STEEL
20160412,2016,MECHANICAL_DAMAGE,1962,MATERIAL OTHER THAN CARBON STEEL
20160413,2016,MATERIAL_FAILURE,1957,CARBON STEEL
20160414,2016,MECHANICAL_DAMAGE,2016,CARBON STEEL
20160415,2016,MATERIAL_FAILURE,1974,CARBON STEEL
20160416,2016,MECHANICAL_DAMAGE,UNKNOWN,CARBON STEEL
20160417,2016,MECHANICAL_DAMAGE,2016,MATERIAL OTHER THAN CARBON STEEL
20160418,2016,MATERIAL_FAILURE,1970,CARBON STEEL
20160419,2016,MECHANICAL_DAMAGE,2014,CARBON STEEL
20160420,2016,MECHANICAL_DAMAGE,UNKNOWN,CARBON STEEL
20160421,2016,MATERIAL_FAILURE,2016,CARBON STEEL
20160422,2016,OTHER,2013,MATERIAL OTHER THAN CARBON STEEL
20160423,2016,MECHANICAL_DAMAGE,1997,MATERIAL OTHER THAN CARBON STEEL
20160424,2016,INTERNAL_CORROSION,2006,CARBON STEEL
20160425,2016,EXTERNAL_CORROSION,1998,CARBON STEEL
20160426,2016,MECHANICAL_DAMAGE,2009,CARBON STEEL
20160427,2016,MECHANICAL_DAMAGE,2016,CARBON STEEL
20160428,2016,MECHANICAL_DAMAGE,1976,CARBON STEEL
20160429,2016,MECHANICAL_DAMAGE,2008,CARBON STEEL
20160430,2016,MECHANICAL_DAMAGE,2011,MATERIAL OTHER THAN CARBON STEEL
20160431,2016,OTHER,UNKNOWN,CARBON STEEL
20160432,2016,MECHANICAL_DAMAGE,2016,MATERIAL OTHER THAN CARBON STEEL
20170001,2016,MATERIAL_FAILURE,2016,CARBON STEEL
20170002,2016,OTHER,2013,CARBON STEEL
20170003,2016,OTHER,2014,CARBON STEEL
20170004,2016,OTHER,UNKNOWN,CARBON STEEL
20170005,2016,EXTERNAL_CORROSION,1955,CARBON STEEL
20170006,2016,OTHER,2013,CARBON STEEL
20170007,2016,MECHANICAL_DAMAGE,2011,CARBON STEEL
20170008,2016,OTHER,2016,CARBON STEEL
20170009,2016,OTHER,2016,CARBON STEEL
20170010,2016,MECHANICAL_DAMAGE,2016,CARBON STEEL
20170011,2016,MECHANICAL_DAMAGE,2008,CARBON STEEL
20170012,2016,INTERNAL_CORROSION,UNKNOWN,CARBON STEEL
20170013,2016,MECHANICAL_DAMAGE,1964,CARBON STEEL
20170014,2016,MECHANICAL_DAMAGE,2016,CARBON STEEL
20170015,2016,MECHANICAL_DAMAGE,2009,CARBON STEEL
20170016,2016,MATERIAL_FAILURE,1928,CARBON STEEL
20170017,2016,MATERIAL_FAILURE,1928,CARBON STEEL
20170018,2016,MECHANICAL_DAMAGE,2012,CARBON STEEL
20170019,2016,OTHER,2015,CARBON STEEL
20170020,2016,MECHANICAL_DAMAGE,2005,CARBON STEEL
20170021,2016,OTHER,2012,CARBON STEEL
20170022,2016,MECHANICAL_DAMAGE,2014,MATERIAL OTHER THAN CARBON STEEL
20170023,2016,MECHANICAL_DAMAGE,UNKNOWN,CARBON STEEL
20170024,2017,MATERIAL_FAILURE,1989,CARBON STEEL
20170025,2017,OTHER,2011,MATERIAL OTHER THAN CARBON STEEL
20170026,2016,INTERNAL_CORROSION,2012,CARBON STEEL
20170027,2016,MECHANICAL_DAMAGE,2007,MATERIAL OTHER THAN CARBON STEEL
20170028,2016,MATERIAL_FAILURE,1965,CARBON STEEL
20170029,2017,OTHER,UNKNOWN,CARBON STEEL
20170030,2017,MECHANICAL_DAMAGE,1973,CARBON STEEL
20170031,2017,MECHANICAL_DAMAGE,2006,MATERIAL OTHER THAN CARBON STEEL
20170032,2017,MECHANICAL_DAMAGE,1952,CARBON STEEL
20170033,2017,MECHANICAL_DAMAGE,2009,CARBON STEEL
20170034,2017,MATERIAL_FAILURE,1976,CARBON STEEL
20170035,2017,MECHANICAL_DAMAGE,UNKNOWN,CARBON STEEL
20170036,2017,INTERNAL_CORROSION,1950,CARBON STEEL
20170037,2017,OTHER,UNKNOWN,CARBON STEEL
20170038,2017,OTHER,2016,MATERIAL OTHER THAN CARBON STEEL
20170039,2017,OTHER,2010,MATERIAL OTHER THAN CARBON STEEL
20170040,2017,MECHANICAL_DAMAGE,2012,MATERIAL OTHER THAN CARBON STEEL
20170041,2017,MECHANICAL_DAMAGE,2015,MATERIAL OTHER THAN CARBON STEEL
20170042,2017,EXTERNAL_CORROSION,1968,CARBON STEEL
20170043,2017,MECHANICAL_DAMAGE,UNKNOWN,CARBON STEEL
20170044,2017,MECHANICAL_DAMAGE,2015,MATERIAL OTHER THAN CARBON STEEL
20170045,2016,OTHER,2009,CARBON STEEL
20170046,2017,MECHANICAL_DAMAGE,1949,CARBON STEEL
20170047,2017,MECHANICAL_DAMAGE,UNKNOWN,CARBON STEEL
20170048,2017,EXTERNAL_CORROSION,UNKNOWN,CARBON STEEL
20170049,2017,MECHANICAL_DAMAGE,UNKNOWN,CARBON STEEL
20170050,2017,MECHANICAL_DAMAGE,2014,MATERIAL OTHER THAN CARBON STEEL
20170051,2017,MECHANICAL_DAMAGE,2016,MATERIAL OTHER THAN CARBON STEEL
20170052,2017,MECHANICAL_DAMAGE,2016,MATERIAL OTHER THAN CARBON STEEL
20170053,2016,OTHER,UNKNOWN,CARBON STEEL
20170054,2017,MECHANICAL_DAMAGE,2017,MATERIAL OTHER THAN CARBON STEEL
20170055,2017,OTHER,UNKNOWN,CARBON STEEL
20170056,2017,MECHANICAL_DAMAGE,1950,CARBON STEEL
20170057,2017,MECHANICAL_DAMAGE,UNKNOWN,MATERIAL OTHER THAN CARBON STEEL
20170058,2017,EXTERNAL_CORROSION,1957,CARBON STEEL
20170059,2017,OTHER,UNKNOWN,CARBON STEEL
20170060,2017,MATERIAL_FAILURE,1955,CARBON STEEL
20170065,2017,OTHER,2013,CARBON STEEL
20170066,2017,MECHANICAL_DAMAGE,1946,MATERIAL OTHER THAN CARBON STEEL
20170067,2017,OTHER,2013,CARBON STEEL
20170068,2017,MECHANICAL_DAMAGE,2007,MATERIAL OTHER THAN CARBON STEEL
20170069,2017,INTERNAL_CORROSION,1944,CARBON STEEL
20170070,2017,MECHANICAL_DAMAGE,UNKNOWN,CARBON STEEL
20170071,2017,INTERNAL_CORROSION,1930,CARBON STEEL
20170072,2017,MECHANICAL_DAMAGE,1976,CARBON STEEL
20170074,2017,MECHANICAL_DAMAGE,2009,MATERIAL OTHER THAN CARBON STEEL
20170075,2017,INTERNAL_CORROSION,UNKNOWN,CARBON STEEL
20170076,2017,EXTERNAL_CORROSION,1952,CARBON STEEL
20170077,2017,OTHER,UNKNOWN,CARBON STEEL
20170078,2017,MECHANICAL_DAMAGE,UNKNOWN,MATERIAL OTHER THAN CARBON STEEL
20170079,2017,OTHER,UNKNOWN,CARBON STEEL
20170080,2017,OTHER,2017,CARBON STEEL
20170081,2017,INTERNAL_CORROSION,UNKNOWN,CARBON STEEL
20170082,2017,MECHANICAL_DAMAGE,1980,MATERIAL OTHER THAN CARBON STEEL
20170083,2017,INTERNAL_CORROSION,1940,CARBON STEEL
20170084,2017,OTHER,2007,CARBON STEEL
20170085,2017,MECHANICAL_DAMAGE,2015,CARBON STEEL
20170086,2017,MECHANICAL_DAMAGE,2015,CARBON STEEL
20170087,2017,INTERNAL_CORROSION,2013,CARBON STEEL
20170088,2017,EXTERNAL_CORROSION,1955,CARBON STEEL
20170089,2017,MECHANICAL_DAMAGE,UNKNOWN,MATERIAL OTHER THAN CARBON STEEL
20170090,2017,INTERNAL_CORROSION,2010,CARBON STEEL
20170091,2017,MECHANICAL_DAMAGE,1997,CARBON STEEL
20170092,2017,MECHANICAL_DAMAGE,2012,CARBON STEEL
20170093,2017,MECHANICAL_DAMAGE,1994,CARBON STEEL
20170094,2017,OTHER,UNKNOWN,CARBON STEEL
20170095,2017,MECHANICAL_DAMAGE,1971,CARBON STEEL
20170096,2017,MECHANICAL_DAMAGE,UNKNOWN,MATERIAL OTHER THAN CARBON STEEL
20170097,2017,MECHANICAL_DAMAGE,2017,CARBON STEEL
20170098,2017,MECHANICAL_DAMAGE,2014,CARBON STEEL
20170099,2017,MATERIAL_FAILURE,1976,CARBON STEEL
20170100,2017,OTHER,1967,CARBON STEEL
20170101,2017,INTERNAL_CORROSION,2012,CARBON STEEL
20170102,2017,MECHANICAL_DAMAGE,1985,CARBON STEEL
20170103,2017,MECHANICAL_DAMAGE,2014,CARBON STEEL
20170104,2017,MECHANICAL_DAMAGE,2016,MATERIAL OTHER THAN CARBON STEEL
20170105,2016,OTHER,2016,MATERIAL OTHER THAN CARBON STEEL
20170106,2017,EXTERNAL_CORROSION,1964,CARBON STEEL
20170107,2017,MATERIAL_FAILURE,1976,CARBON STEEL
20170108,2017,MATERIAL_FAILURE,2015,CARBON STEEL
20170109,2017,MECHANICAL_DAMAGE,2014,CARBON STEEL
20170110,2017,MECHANICAL_DAMAGE,2016,CARBON STEEL
20170111,2017,MECHANICAL_DAMAGE,2016,CARBON STEEL
20170112,2017,MECHANICAL_DAMAGE,2015,CARBON STEEL
20170113,2017,MECHANICAL_DAMAGE,2013,MATERIAL OTHER THAN CARBON STEEL
20170114,2017,MECHANICAL_DAMAGE,2015,CARBON STEEL
20170115,2017,INTERNAL_CORROSION,1946,CARBON STEEL
20170116,2017,MECHANICAL_DAMAGE,2015,MATERIAL OTHER THAN CARBON STEEL
20170117,2017,INTERNAL_CORROSION,1967,CARBON STEEL
20170118,2017,MECHANICAL_DAMAGE,2016,CARBON STEEL
20170119,2017,MECHANICAL_DAMAGE,2016,CARBON STEEL
20170120,2017,MECHANICAL_DAMAGE,1970,CARBON STEEL
20170121,2017,INTERNAL_CORROSION,UNKNOWN,CARBON STEEL
20170122,2017,EXTERNAL_CORROSION,1960,CARBON STEEL
20170123,2017,MECHANICAL_DAMAGE,UNKNOWN,MATERIAL OTHER THAN CARBON STEEL
20170124,2017,INTERNAL_CORROSION,UNKNOWN,CARBON STEEL
20170125,2017,OTHER,2017,CARBON STEEL
20170126,2017,MECHANICAL_DAMAGE,2015,MATERIAL OTHER THAN CARBON STEEL
20170127,2017,MATERIAL_FAILURE,1998,CARBON STEEL
20170128,2017,OTHER,2017,CARBON STEEL
20170129,2017,INTERNAL_CORROSION,2011,CARBON STEEL
20170130,2017,MECHANICAL_DAMAGE,1964,CARBON STEEL
20170131,2017,MECHANICAL_DAMAGE,2015,MATERIAL OTHER THAN CARBON STEEL
20170132,2017,MATERIAL_FAILURE,1981,CARBON STEEL
20170133,2017,MECHANICAL_DAMAGE,UNKNOWN,CARBON STEEL
20170134,2017,OTHER,2009,CARBON STEEL
20170135,2017,MECHANICAL_DAMAGE,UNKNOWN,MATERIAL OTHER THAN CARBON STEEL
20170136,2017,MECHANICAL_DAMAGE,1992,CARBON STEEL
20170137,2017,INTERNAL_CORROSION,UNKNOWN,CARBON STEEL
20170138,2017,EXTERNAL_CORROSION,1931,CARBON STEEL
20170139,2017,MECHANICAL_DAMAGE,2014,MATERIAL OTHER THAN CARBON STEEL
20170140,2017,MECHANICAL_DAMAGE,1991,CARBON STEEL
20170141,2017,MECHANICAL_DAMAGE,2015,CARBON STEEL
20170142,2017,OTHER,UNKNOWN,CARBON STEEL
20170143,2017,MATERIAL_FAILURE,1977,CARBON STEEL
20170144,2017,MECHANICAL_DAMAGE,1974,CARBON STEEL
20170145,2017,MECHANICAL_DAMAGE,1980,MATERIAL OTHER THAN CARBON STEEL
20170146,2017,MECHANICAL_DAMAGE,2016,CARBON STEEL
20170147,2017,MECHANICAL_DAMAGE,UNKNOWN,CARBON STEEL
20170148,2017,OTHER,2017,CARBON STEEL
20170149,2017,MECHANICAL_DAMAGE,2011,CARBON STEEL
20170150,2017,INTERNAL_CORROSION,1927,CARBON STEEL
20170151,2017,OTHER,UNKNOWN,CARBON STEEL
20170152,2017,MECHANICAL_DAMAGE,2016,CARBON STEEL
20170153,2017,OTHER,2017,CARBON STEEL
20170154,2017,MECHANICAL_DAMAGE,2012,CARBON STEEL
20170155,2017,OTHER,2016,CARBON STEEL
20170156,2017,MECHANICAL_DAMAGE,2012,CARBON STEEL
20170157,2017,EXTERNAL_CORROSION,1960,CARBON STEEL
20170158,2017,MECHANICAL_DAMAGE,UNKNOWN,MATERIAL OTHER THAN CARBON STEEL
20170159,2017,INTERNAL_CORROSION,2015,CARBON STEEL
20170160,2017,MECHANICAL_DAMAGE,2015,CARBON STEEL
20170161,2017,MECHANICAL_DAMAGE,2012,CARBON STEEL
20170162,2017,MECHANICAL_DAMAGE,2003,MATERIAL OTHER THAN CARBON STEEL
20170163,2017,MECHANICAL_DAMAGE,1944,CARBON STEEL
20170164,2017,OTHER,2016,MATERIAL OTHER THAN CARBON STEEL
20170165,2017,MECHANICAL_DAMAGE,UNKNOWN,MATERIAL OTHER THAN CARBON STEEL
20170166,2017,EXTERNAL_CORROSION,UNKNOWN,CARBON STEEL
20170167,2017,OTHER,UNKNOWN,CARBON STEEL
20170168,2017,INTERNAL_CORROSION,UNKNOWN,CARBON STEEL
20170169,2017,INTERNAL_CORROSION,1960,CARBON STEEL
20170170,2017,OTHER,2016,CARBON STEEL
20170171,2017,OTHER,2015,MATERIAL OTHER THAN CARBON STEEL
20170172,2017,MECHANICAL_DAMAGE,1958,MATERIAL OTHER THAN CARBON STEEL
20170173,2017,INTERNAL_CORROSION,1980,CARBON STEEL
20170174,2017,MECHANICAL_DAMAGE,2013,CARBON STEEL
20170175,2017,MECHANICAL_DAMAGE,2017,CARBON STEEL
20170176,2017,MECHANICAL_DAMAGE,2016,CARBON STEEL
20170177,2017,OTHER,2015,MATERIAL OTHER THAN CARBON STEEL
20170178,2017,MECHANICAL_DAMAGE,2016,CARBON STEEL
20170179,2017,OTHER,2017,CARBON STEEL
20170180,2017,MECHANICAL_DAMAGE,1964,CARBON STEEL
20170182,2017,MECHANICAL_DAMAGE,1970,CARBON STEEL
20170183,2017,INTERNAL_CORROSION,1979,CARBON STEEL
20170184,2017,EXTERNAL_CORROSION,1953,CARBON STEEL
20170185,2017,OTHER,2010,CARBON STEEL
20170186,2017,MECHANICAL_DAMAGE,UNKNOWN,CARBON STEEL
20170187,2017,OTHER,2016,CARBON STEEL
20170188,2017,MECHANICAL_DAMAGE,2017,CARBON STEEL
20170189,2017,MECHANICAL_DAMAGE,2016,CARBON STEEL
20170190,2017,MATERIAL_FAILURE,1954,CARBON STEEL
20170191,2017,OTHER,1952,CARBON STEEL
20170192,2017,OTHER,2011,CARBON STEEL
20170193,2017,MECHANICAL_DAMAGE,UNKNOWN,MATERIAL OTHER THAN CARBON STEEL
20170194,2017,MECHANICAL_DAMAGE,UNKNOWN,MATERIAL OTHER THAN CARBON STEEL
20170195,2017,MECHANICAL_DAMAGE,2017,CARBON STEEL
20170196,2017,MECHANICAL_DAMAGE,1972,CARBON STEEL
20170197,2017,OTHER,2017,CARBON STEEL
20170198,2017,MATERIAL_FAILURE,2016,CARBON STEEL
20170199,2017,MECHANICAL_DAMAGE,2016,MATERIAL OTHER THAN CARBON STEEL
20170200,2017,MECHANICAL_DAMAGE,2010,MATERIAL OTHER THAN CARBON STEEL
20170201,2017,MECHANICAL_DAMAGE,2016,MATERIAL OTHER THAN CARBON STEEL
20170202,2017,MECHANICAL_DAMAGE,UNKNOWN,MATERIAL OTHER THAN CARBON STEEL
20170203,2017,OTHER,UNKNOWN,CARBON STEEL
20170204,2017,MECHANICAL_DAMAGE,1997,CARBON STEEL
20170205,2017,OTHER,1992,CARBON STEEL
20170206,2017,MECHANICAL_DAMAGE,2012,CARBON STEEL
20170207,2017,MECHANICAL_DAMAGE,2012,CARBON STEEL
20170209,2017,MECHANICAL_DAMAGE,2016,CARBON STEEL
20170210,2017,INTERNAL_CORROSION,2001,CARBON STEEL
20170211,2017,MECHANICAL_DAMAGE,2017,CARBON STEEL
20170212,2017,MECHANICAL_DAMAGE,2016,MATERIAL OTHER THAN CARBON STEEL
20170213,2017,OTHER,2014,MATERIAL OTHER THAN CARBON STEEL
20170214,2017,OTHER,2015,CARBON STEEL
20170215,2017,MATERIAL_FAILURE,1953,CARBON STEEL
20170216,2017,INTERNAL_CORROSION,2014,CARBON STEEL
20170217,2017,OTHER,UNKNOWN,CARBON STEEL
20170218,2017,INTERNAL_CORROSION,1976,CARBON STEEL
20170220,2017,INTERNAL_CORROSION,UNKNOWN,CARBON STEEL
20170221,2017,OTHER,1965,CARBON STEEL
20170223,2017,MECHANICAL_DAMAGE,UNKNOWN,MATERIAL OTHER THAN CARBON STEEL
20170224,2017,MECHANICAL_DAMAGE,2017,MATERIAL OTHER THAN CARBON STEEL
20170225,2017,OTHER,2015,CARBON STEEL
20170226,2017,MECHANICAL_DAMAGE,2013,CARBON STEEL
20170227,2017,OTHER,2017,CARBON STEEL
20170228,2017,MECHANICAL_DAMAGE,UNKNOWN,CARBON STEEL
20170229,2017,OTHER,1957,CARBON STEEL
20170230,2017,MECHANICAL_DAMAGE,2008,CARBON STEEL
20170231,2017,INTERNAL_CORROSION,1954,CARBON STEEL
20170232,2017,INTERNAL_CORROSION,1960,CARBON STEEL
20170233,2017,OTHER,1964,CARBON STEEL
20170234,2017,EXTERNAL_CORROSION,1952,CARBON STEEL
20170235,2017,INTERNAL_CORROSION,1991,CARBON STEEL
20170236,2017,MATERIAL_FAILURE,UNKNOWN,CARBON STEEL
20170237,2017,MATERIAL_FAILURE,UNKNOWN,CARBON STEEL
20170238,2017,OTHER,2014,CARBON STEEL
20170239,2017,MECHANICAL_DAMAGE,2016,MATERIAL OTHER THAN CARBON STEEL
20170240,2017,OTHER,2004,CARBON STEEL
20170241,2017,MECHANICAL_DAMAGE,2009,CARBON STEEL
20170242,2017,OTHER,1996,CARBON STEEL
20170243,2017,MECHANICAL_DAMAGE,UNKNOWN,CARBON STEEL
20170244,2017,MECHANICAL_DAMAGE,2008,CARBON STEEL
20170245,2017,INTERNAL_CORROSION,1971,CARBON STEEL
20170246,2017,MECHANICAL_DAMAGE,UNKNOWN,CARBON STEEL
20170247,2017,MECHANICAL_DAMAGE,UNKNOWN,CARBON STEEL
20170248,2017,MECHANICAL_DAMAGE,UNKNOWN,MATERIAL OTHER THAN CARBON STEEL
20170249,2017,INTERNAL_CORROSION,1950,CARBON STEEL
20170250,2017,MECHANICAL_DAMAGE,2014,CARBON STEEL
20170251,2017,MECHANICAL_DAMAGE,UNKNOWN,CARBON STEEL
20170252,2017,OTHER,1948,CARBON STEEL
20170253,2017,OTHER,1948,CARBON STEEL
20170255,2017,INTERNAL_CORROSION,1994,CARBON STEEL
20170256,2017,MECHANICAL_DAMAGE,2012,CARBON STEEL
20170257,2017,MATERIAL_FAILURE,1960,CARBON STEEL
20170258,2017,EXTERNAL_CORROSION,2017,CARBON STEEL
20170259,2017,MECHANICAL_DAMAGE,1971,CARBON STEEL
20170260,2017,MECHANICAL_DAMAGE,2016,CARBON STEEL
20170261,2017,OTHER,1970,CARBON STEEL
20170262,2017,OTHER,2012,CARBON STEEL
20170263,2017,MECHANICAL_DAMAGE,1978,MATERIAL OTHER THAN CARBON STEEL
20170264,2017,MECHANICAL_DAMAGE,1985,MATERIAL OTHER THAN CARBON STEEL
20170265,2017,MECHANICAL_DAMAGE,2013,CARBON STEEL
20170266,2017,MECHANICAL_DAMAGE,2012,MATERIAL OTHER THAN CARBON STEEL
20170267,2017,MECHANICAL_DAMAGE,2017,CARBON STEEL
20170268,2017,MECHANICAL_DAMAGE,1966,CARBON STEEL
20170269,2017,MATERIAL_FAILURE,1960,CARBON STEEL
20170270,2017,OTHER,UNKNOWN,CARBON STEEL
20170271,2017,OTHER,UNKNOWN,CARBON STEEL
20170272,2017,OTHER,1932,CARBON STEEL
20170273,2017,MECHANICAL_DAMAGE,2017,MATERIAL OTHER THAN CARBON STEEL
20170274,2017,EXTERNAL_CORROSION,2016,CARBON STEEL
20170275,2017,MECHANICAL_DAMAGE,2015,MATERIAL OTHER THAN CARBON STEEL
20170276,2017,MECHANICAL_DAMAGE,2017,MATERIAL OTHER THAN CARBON STEEL
20170277,2017,MECHANICAL_DAMAGE,2015,CARBON STEEL
20170278,2017,OTHER,1985,CARBON STEEL
20170279,2017,EXTERNAL_CORROSION,1961,CARBON STEEL
20170280,2017,EXTERNAL_CORROSION,1929,CARBON STEEL
20170281,2017,OTHER,2014,CARBON STEEL
20170282,2017,MECHANICAL_DAMAGE,2014,MATERIAL OTHER THAN CARBON STEEL
20170283,2017,OTHER,2017,CARBON STEEL
20170284,2017,OTHER,UNKNOWN,MATERIAL OTHER THAN CARBON STEEL
20170285,2017,OTHER,2015,MATERIAL OTHER THAN CARBON STEEL
20170286,2017,OTHER,2017,CARBON STEEL
20170287,2017,MATERIAL_FAILURE,1952,CARBON STEEL
20170288,2017,MECHANICAL_DAMAGE,2017,CARBON STEEL
20170289,2017,MECHANICAL_DAMAGE,1968,CARBON STEEL
20170290,2017,MATERIAL_FAILURE,1960,CARBON STEEL
20170291,2017,MECHANICAL_DAMAGE,1957,CARBON STEEL
20170292,2017,OTHER,UNKNOWN,CARBON STEEL
20170293,2017,OTHER,1969,CARBON STEEL
20170294,2017,MECHANICAL_DAMAGE,2006,CARBON STEEL
20170295,2017,EXTERNAL_CORROSION,1973,CARBON STEEL
20170296,2017,INTERNAL_CORROSION,1994,MATERIAL OTHER THAN CARBON STEEL
20170297,2017,MECHANICAL_DAMAGE,2016,MATERIAL OTHER THAN CARBON STEEL
20170298,2017,MECHANICAL_DAMAGE,2016,MATERIAL OTHER THAN CARBON STEEL
20170299,2017,MATERIAL_FAILURE,UNKNOWN,CARBON STEEL
20170300,2017,MECHANICAL_DAMAGE,1962,MATERIAL OTHER THAN CARBON STEEL
20170301,2017,OTHER,2016,MATERIAL OTHER THAN CARBON STEEL
20170302,2016,OTHER,2016,CARBON STEEL
20170303,2017,MECHANICAL_DAMAGE,2015,CARBON STEEL
20170304,2017,OTHER,1969,CARBON STEEL
20170305,2017,OTHER,2000,CARBON STEEL
20170306,2017,OTHER,UNKNOWN,CARBON STEEL
20170307,2017,OTHER,1973,CARBON STEEL
20170308,2017,MATERIAL_FAILURE,1957,CARBON STEEL
20170311,2017,OTHER,1963,CARBON STEEL
20170312,2017,OTHER,1973,CARBON STEEL
20170313,2017,MECHANICAL_DAMAGE,1991,MATERIAL OTHER THAN CARBON STEEL
20170314,2017,MECHANICAL_DAMAGE,2013,CARBON STEEL
20170315,2017,OTHER,UNKNOWN,CARBON STEEL
20170316,2017,EXTERNAL_CORROSION,1982,CARBON STEEL
20170317,2017,OTHER,2012,MATERIAL OTHER THAN CARBON STEEL
20170318,2017,OTHER,UNKNOWN,CARBON STEEL
20170319,2017,OTHER,1963,CARBON STEEL
20170320,2017,OTHER,2008,CARBON STEEL
20170321,2017,OTHER,2008,CARBON STEEL
20170322,2017,EXTERNAL_CORROSION,1958,CARBON STEEL
20170323,2017,OTHER,UNKNOWN,CARBON STEEL
20170324,2017,MECHANICAL_DAMAGE,1990,CARBON STEEL
20170325,2017,MATERIAL_FAILURE,1978,CARBON STEEL
20170326,2017,MECHANICAL_DAMAGE,2012,CARBON STEEL
20170327,2017,INTERNAL_CORROSION,UNKNOWN,CARBON STEEL
20170329,2017,OTHER,1963,CARBON STEEL
20170330,2017,MECHANICAL_DAMAGE,2014,MATERIAL OTHER THAN CARBON STEEL
20170331,2017,OTHER,1952,CARBON STEEL
20170332,2017,MECHANICAL_DAMAGE,1968,MATERIAL OTHER THAN CARBON STEEL
20170333,2017,MECHANICAL_DAMAGE,2017,CARBON STEEL
20170334,2017,OTHER,UNKNOWN,MATERIAL OTHER THAN CARBON STEEL
20170335,2017,MECHANICAL_DAMAGE,UNKNOWN,MATERIAL OTHER THAN CARBON STEEL
20170336,2017,EXTERNAL_CORROSION,2016,CARBON STEEL
20170337,2017,OTHER,UNKNOWN,CARBON STEEL
20170338,2017,OTHER,UNKNOWN,CARBON STEEL
20170339,2017,EXTERNAL_CORROSION,1976,CARBON STEEL
20170340,2017,MECHANICAL_DAMAGE,1981,CARBON STEEL
20170341,2017,MECHANICAL_DAMAGE,2007,MATERIAL OTHER THAN CARBON STEEL
20170342,2017,OTHER,UNKNOWN,CARBON STEEL
20170343,2017,MECHANICAL_DAMAGE,1986,CARBON STEEL
20170344,2017,MECHANICAL_DAMAGE,2017,MATERIAL OTHER THAN CARBON STEEL
20170345,2017,MECHANICAL_DAMAGE,2016,CARBON STEEL
20170346,2017,MATERIAL_FAILURE,1970,CARBON STEEL
20170347,2017,MECHANICAL_DAMAGE,1992,MATERIAL OTHER THAN CARBON STEEL
20170348,2017,MECHANICAL_DAMAGE,2007,MATERIAL OTHER THAN CARBON STEEL
20170349,2017,MECHANICAL_DAMAGE,1994,CARBON STEEL
20170350,2017,INTERNAL_CORROSION,1934,CARBON STEEL
20170351,2017,EXTERNAL_CORROSION,1976,CARBON STEEL
20170352,2017,OTHER,2017,MATERIAL OTHER THAN CARBON STEEL
20170353,2017,INTERNAL_CORROSION,UNKNOWN,CARBON STEEL
20170354,2017,MATERIAL_FAILURE,1980,CARBON STEEL
20170355,2017,MECHANICAL_DAMAGE,2015,CARBON STEEL
20170356,2017,MECHANICAL_DAMAGE,2012,CARBON STEEL
20170357,2017,EXTERNAL_CORROSION,1955,CARBON STEEL
20170358,2017,MATERIAL_FAILURE,1977,CARBON STEEL
20170359,2017,EXTERNAL_CORROSION,1978,CARBON STEEL
20170360,2017,MECHANICAL_DAMAGE,1948,CARBON STEEL
20170361,2017,OTHER,1953,CARBON STEEL
20170362,2017,OTHER,2006,CARBON STEEL
20170363,2017,MECHANICAL_DAMAGE,1984,MATERIAL OTHER THAN CARBON STEEL
20170364,2017,MECHANICAL_DAMAGE,UNKNOWN,MATERIAL OTHER THAN CARBON STEEL
20170365,2017,INTERNAL_CORROSION,2012,CARBON STEEL
20170366,2017,MECHANICAL_DAMAGE,1997,MATERIAL OTHER THAN CARBON STEEL
20170367,2017,OTHER,2016,CARBON STEEL
20170368,2017,MECHANICAL_DAMAGE,2017,CARBON STEEL
20170369,2017,MECHANICAL_DAMAGE,2013,CARBON STEEL
20170370,2017,MATERIAL_FAILURE,1955,CARBON STEEL
20170371,2017,MECHANICAL_DAMAGE,2017,CARBON STEEL
20170372,2017,OTHER,2017,MATERIAL OTHER THAN CARBON STEEL
20170373,2017,MECHANICAL_DAMAGE,1958,MATERIAL OTHER THAN CARBON STEEL
20170374,2017,MECHANICAL_DAMAGE,2016,MATERIAL OTHER THAN CARBON STEEL
20170375,2017,OTHER,2014,MATERIAL OTHER THAN CARBON STEEL
20170376,2017,OTHER,1981,CARBON STEEL
20170377,2017,INTERNAL_CORROSION,UNKNOWN,CARBON STEEL
20170378,2017,INTERNAL_CORROSION,2004,CARBON STEEL
20170379,2017,MECHANICAL_DAMAGE,2014,CARBON STEEL
20170380,2017,OTHER,2015,MATERIAL OTHER THAN CARBON STEEL
20170381,2017,OTHER,2017,CARBON STEEL
20170382,2017,MECHANICAL_DAMAGE,1977,CARBON STEEL
20170383,2017,INTERNAL_CORROSION,1946,CARBON STEEL
20170384,2017,OTHER,UNKNOWN,CARBON STEEL
20170385,2017,EXTERNAL_CORROSION,UNKNOWN,CARBON STEEL
20170386,2017,OTHER,2017,CARBON STEEL
20170387,2017,INTERNAL_CORROSION,1972,CARBON STEEL
20170388,2017,OTHER,UNKNOWN,CARBON STEEL
20170389,2017,OTHER,1952,CARBON STEEL
20170390,2017,INTERNAL_CORROSION,1931,CARBON STEEL
20170391,2017,INTERNAL_CORROSION,1993,CARBON STEEL
20170392,2017,INTERNAL_CORROSION,UNKNOWN,CARBON STEEL
20170393,2017,MECHANICAL_DAMAGE,2017,CARBON STEEL
20170394,2017,OTHER,2017,CARBON STEEL
20170395,2017,MECHANICAL_DAMAGE,2009,CARBON STEEL
20170396,2017,MATERIAL_FAILURE,1959,CARBON STEEL
20170397,2017,MECHANICAL_DAMAGE,2009,CARBON STEEL
20170398,2017,OTHER,1973,MATERIAL OTHER THAN CARBON STEEL
20170399,2017,OTHER,UNKNOWN,CARBON STEEL
20170400,2017,EXTERNAL_CORROSION,2013,CARBON STEEL
20170401,2017,MECHANICAL_DAMAGE,2017,CARBON STEEL
20170402,2017,MECHANICAL_DAMAGE,2011,CARBON STEEL
20170403,2017,MECHANICAL_DAMAGE,2010,MATERIAL OTHER THAN CARBON STEEL
20170404,2017,MATERIAL_FAILURE,1953,CARBON STEEL
20170405,2017,EXTERNAL_CORROSION,1961,CARBON STEEL
20170406,2017,MECHANICAL_DAMAGE,UNKNOWN,MATERIAL OTHER THAN CARBON STEEL
20170407,2017,MATERIAL_FAILURE,2016,CARBON STEEL
20170409,2017,OTHER,UNKNOWN,MATERIAL OTHER THAN CARBON STEEL
20170410,2017,MECHANICAL_DAMAGE,2015,CARBON STEEL
20170411,2017,INTERNAL_CORROSION,UNKNOWN,CARBON STEEL
20170412,2017,MECHANICAL_DAMAGE,1985,MATERIAL OTHER THAN CARBON STEEL
20170413,2017,INTERNAL_CORROSION,2012,CARBON STEEL
20170414,2017,MECHANICAL_DAMAGE,2015,MATERIAL OTHER THAN CARBON STEEL
20170415,2017,MECHANICAL_DAMAGE,UNKNOWN,CARBON STEEL
20170416,2017,INTERNAL_CORROSION,UNKNOWN,CARBON STEEL
20170417,2017,MATERIAL_FAILURE,2008,CARBON STEEL
20170418,2017,MECHANICAL_DAMAGE,UNKNOWN,CARBON STEEL
20170419,2017,MECHANICAL_DAMAGE,2017,CARBON STEEL
20170420,2017,MECHANICAL_DAMAGE,1974,CARBON STEEL
20170421,2017,MECHANICAL_DAMAGE,2013,MATERIAL OTHER THAN CARBON STEEL
20170422,2017,MATERIAL_FAILURE,1953,CARBON STEEL
20170423,2017,MECHANICAL_DAMAGE,2013,MATERIAL OTHER THAN CARBON STEEL
20170424,2017,MECHANICAL_DAMAGE,2009,MATERIAL OTHER THAN CARBON STEEL
20170425,2017,OTHER,UNKNOWN,CARBON STEEL
20170428,2017,OTHER,2017,CARBON STEEL
20170429,2017,MECHANICAL_DAMAGE,2017,CARBON STEEL
20170430,2016,OTHER,2015,CARBON STEEL
20170431,2017,MECHANICAL_DAMAGE,UNKNOWN,CARBON STEEL
20170432,2017,OTHER,UNKNOWN,CARBON STEEL
20170433,2017,MECHANICAL_DAMAGE,2016,MATERIAL OTHER THAN CARBON STEEL
20170434,2017,MECHANICAL_DAMAGE,1970,MATERIAL OTHER THAN CARBON STEEL
20170435,2017,MECHANICAL_DAMAGE,1974,CARBON STEEL
20170436,2017,MECHANICAL_DAMAGE,2005,MATERIAL OTHER THAN CARBON STEEL
20170437,2017,MECHANICAL_DAMAGE,1922,CARBON STEEL
20180001,2017,MECHANICAL_DAMAGE,2013,MATERIAL OTHER THAN CARBON STEEL
20180002,2017,MECHANICAL_DAMAGE,1947,CARBON STEEL
20180003,2017,MECHANICAL_DAMAGE,2015,CARBON STEEL
20180004,2017,OTHER,1949,CARBON STEEL
20180005,2017,MECHANICAL_DAMAGE,UNKNOWN,CARBON STEEL
20180006,2017,MECHANICAL_DAMAGE,UNKNOWN,CARBON STEEL
20180007,2017,MECHANICAL_DAMAGE,2013,MATERIAL OTHER THAN CARBON STEEL
20180008,2017,MECHANICAL_DAMAGE,2013,MATERIAL OTHER THAN CARBON STEEL
20180009,2017,OTHER,UNKNOWN,CARBON STEEL
20180010,2017,INTERNAL_CORROSION,2012,CARBON STEEL
20180011,2017,MECHANICAL_DAMAGE,2009,MATERIAL OTHER THAN CARBON STEEL
20180012,2017,MECHANICAL_DAMAGE,1980,CARBON STEEL
20180013,2017,MECHANICAL_DAMAGE,1962,CARBON STEEL
20180014,2017,MECHANICAL_DAMAGE,1970,CARBON STEEL
20180015,2017,MECHANICAL_DAMAGE,1985,CARBON STEEL
20180016,2017,MECHANICAL_DAMAGE,UNKNOWN,MATERIAL OTHER THAN CARBON STEEL
20180017,2017,MATERIAL_FAILURE,UNKNOWN,CARBON STEEL
20180019,2018,MECHANICAL_DAMAGE,2017,MATERIAL OTHER THAN CARBON STEEL
20180020,2017,MECHANICAL_DAMAGE,UNKNOWN,MATERIAL OTHER THAN CARBON STEEL
20180021,2017,MECHANICAL_DAMAGE,2015,CARBON STEEL
20180022,2017,MECHANICAL_DAMAGE,UNKNOWN,CARBON STEEL
20180023,2018,OTHER,UNKNOWN,CARBON STEEL
20180024,2018,MECHANICAL_DAMAGE,2017,MATERIAL OTHER THAN CARBON STEEL
20180025,2017,MECHANICAL_DAMAGE,UNKNOWN,MATERIAL OTHER THAN CARBON STEEL
20180026,2018,OTHER,2005,CARBON STEEL
20180027,2018,MECHANICAL_DAMAGE,2013,CARBON STEEL
20180028,2018,EXTERNAL_CORROSION,2004,CARBON STEEL
20180029,2018,MECHANICAL_DAMAGE,UNKNOWN,CARBON STEEL
20180030,2018,OTHER,UNKNOWN,CARBON STEEL
20180031,2018,EXTERNAL_CORROSION,1991,CARBON STEEL
20180032,2018,OTHER,2008,CARBON STEEL
20180033,2018,MECHANICAL_DAMAGE,1950,CARBON STEEL
20180034,2018,MECHANICAL_DAMAGE,2017,MATERIAL OTHER THAN CARBON STEEL
20180035,2018,MECHANICAL_DAMAGE,2016,MATERIAL OTHER THAN CARBON STEEL
20180036,2018,OTHER,2016,CARBON STEEL
20180037,2018,INTERNAL_CORROSION,UNKNOWN,CARBON STEEL
20180038,2018,MECHANICAL_DAMAGE,2013,CARBON STEEL
20180039,2018,OTHER,UNKNOWN,CARBON STEEL
20180040,2018,MECHANICAL_DAMAGE,2015,CARBON STEEL
20180041,2018,MECHANICAL_DAMAGE,UNKNOWN,CARBON STEEL
20180042,2018,OTHER,2015,CARBON STEEL
20180043,2018,OTHER,1965,MATERIAL OTHER THAN CARBON STEEL
20180044,2018,OTHER,2009,MATERIAL OTHER THAN CARBON STEEL
20180045,2018,EXTERNAL_CORROSION,1964,CARBON STEEL
20180046,2018,MECHANICAL_DAMAGE,1986,CARBON STEEL
20180047,2018,MECHANICAL_DAMAGE,2014,CARBON STEEL
20180048,2018,MECHANICAL_DAMAGE,2017,CARBON STEEL
20180049,2018,EXTERNAL_CORROSION,1994,CARBON STEEL
20180050,2018,OTHER,1982,CARBON STEEL
20180051,2018,OTHER,2016,CARBON STEEL
20180052,2018,MECHANICAL_DAMAGE,UNKNOWN,CARBON STEEL
20180053,2018,MECHANICAL_DAMAGE,2008,CARBON STEEL
20180054,2018,OTHER,2017,CARBON STEEL
20180055,2018,OTHER,UNKNOWN,CARBON STEEL
20180056,2018,EXTERNAL_CORROSION,1932,CARBON STEEL
20180057,2018,MECHANICAL_DAMAGE,UNKNOWN,CARBON STEEL
20180058,2018,MECHANICAL_DAMAGE,2017,CARBON STEEL
20180059,2018,MECHANICAL_DAMAGE,2008,CARBON STEEL
20180060,2018,MECHANICAL_DAMAGE,2014,MATERIAL OTHER THAN CARBON STEEL
20180061,2018,MECHANICAL_DAMAGE,2007,CARBON STEEL
20180062,2018,MATERIAL_FAILURE,1979,CARBON STEEL
20180063,2018,OTHER,UNKNOWN,CARBON STEEL
20180064,2018,MECHANICAL_DAMAGE,UNKNOWN,CARBON STEEL
20180065,2018,MECHANICAL_DAMAGE,2016,CARBON STEEL
20180066,2018,MECHANICAL_DAMAGE,UNKNOWN,MATERIAL OTHER THAN CARBON STEEL
20180067,2018,MECHANICAL_DAMAGE,2017,CARBON STEEL
20180068,2018,MECHANICAL_DAMAGE,2017,CARBON STEEL
20180069,2018,MECHANICAL_DAMAGE,2015,CARBON STEEL
20180070,2018,EXTERNAL_CORROSION,UNKNOWN,CARBON STEEL
20180071,2018,MECHANICAL_DAMAGE,2014,CARBON STEEL
20180072,2018,MECHANICAL_DAMAGE,2015,CARBON STEEL
20180073,2018,MECHANICAL_DAMAGE,2017,MATERIAL OTHER THAN CARBON STEEL
20180074,2018,OTHER,UNKNOWN,CARBON STEEL
20180075,2018,OTHER,2017,CARBON STEEL
20180076,2018,MECHANICAL_DAMAGE,2016,CARBON STEEL
20180077,2018,OTHER,2012,MATERIAL OTHER THAN CARBON STEEL
20180078,2018,MECHANICAL_DAMAGE,1980,MATERIAL OTHER THAN CARBON STEEL
20180079,2018,MECHANICAL_DAMAGE,UNKNOWN,MATERIAL OTHER THAN CARBON STEEL
20180080,2018,MECHANICAL_DAMAGE,2016,CARBON STEEL
20180081,2018,MECHANICAL_DAMAGE,2018,MATERIAL OTHER THAN CARBON STEEL
20180082,2018,OTHER,UNKNOWN,CARBON STEEL
20180083,2018,INTERNAL_CORROSION,UNKNOWN,CARBON STEEL
20180084,2017,MECHANICAL_DAMAGE,1991,CARBON STEEL
20180085,2018,MECHANICAL_DAMAGE,2016,MATERIAL OTHER THAN CARBON STEEL
20180086,2018,MECHANICAL_DAMAGE,2003,MATERIAL OTHER THAN CARBON STEEL
20180087,2018,MECHANICAL_DAMAGE,1967,CARBON STEEL
20180088,2018,OTHER,2012,CARBON STEEL
20180089,2018,MECHANICAL_DAMAGE,2008,MATERIAL OTHER THAN CARBON STEEL
20180090,2018,INTERNAL_CORROSION,UNKNOWN,CARBON STEEL
20180091,2018,MECHANICAL_DAMAGE,2016,MATERIAL OTHER THAN CARBON STEEL
20180092,2018,OTHER,UNKNOWN,CARBON STEEL
20180093,2018,OTHER,2018,MATERIAL OTHER THAN CARBON STEEL
20180094,2018,MECHANICAL_DAMAGE,2017,CARBON STEEL
20180095,2017,INTERNAL_CORROSION,1955,CARBON STEEL
20180096,2018,MECHANICAL_DAMAGE,2017,MATERIAL OTHER THAN CARBON STEEL
20180097,2018,MECHANICAL_DAMAGE,2017,MATERIAL OTHER THAN CARBON STEEL
20180098,2018,MECHANICAL_DAMAGE,2018,MATERIAL OTHER THAN CARBON STEEL
20180099,2018,OTHER,1971,CARBON STEEL
20180100,2018,MECHANICAL_DAMAGE,2008,CARBON STEEL
20180101,2018,MECHANICAL_DAMAGE,2017,MATERIAL OTHER THAN CARBON STEEL
20180102,2018,MECHANICAL_DAMAGE,2017,CARBON STEEL
20180103,2018,MECHANICAL_DAMAGE,2012,MATERIAL OTHER THAN CARBON STEEL
20180104,2018,MATERIAL_FAILURE,UNKNOWN,CARBON STEEL
20180105,2018,MATERIAL_FAILURE,1968,CARBON STEEL
20180106,2018,INTERNAL_CORROSION,1966,CARBON STEEL
20180107,2018,OTHER,2016,MATERIAL OTHER THAN CARBON STEEL
20180108,2018,OTHER,2015,CARBON STEEL
20180109,2018,MECHANICAL_DAMAGE,1993,CARBON STEEL
20180110,2018,MECHANICAL_DAMAGE,2016,CARBON STEEL
20180111,2018,OTHER,1951,CARBON STEEL
20180112,2018,INTERNAL_CORROSION,UNKNOWN,CARBON STEEL
20180113,2018,INTERNAL_CORROSION,1973,CARBON STEEL
20180114,2018,OTHER,UNKNOWN,CARBON STEEL
20180115,2018,MECHANICAL_DAMAGE,1998,MATERIAL OTHER THAN CARBON STEEL
20180116,2018,MECHANICAL_DAMAGE,1975,CARBON STEEL
20180117,2018,MECHANICAL_DAMAGE,2005,CARBON STEEL
20180118,2018,INTERNAL_CORROSION,1990,CARBON STEEL
20180119,2018,MECHANICAL_DAMAGE,2014,CARBON STEEL
20180120,2018,MECHANICAL_DAMAGE,2003,CARBON STEEL
20180121,2018,OTHER,2017,CARBON STEEL
20180122,2018,MECHANICAL_DAMAGE,2005,CARBON STEEL
20180124,2018,OTHER,1950,CARBON STEEL
20180125,2018,MECHANICAL_DAMAGE,UNKNOWN,MATERIAL OTHER THAN CARBON STEEL
20180126,2018,MECHANICAL_DAMAGE,UNKNOWN,CARBON STEEL
20180127,2018,MECHANICAL_DAMAGE,1981,CARBON STEEL
20180128,2018,MECHANICAL_DAMAGE,UNKNOWN,CARBON STEEL
20180129,2018,MECHANICAL_DAMAGE,UNKNOWN,CARBON STEEL
20180130,2018,INTERNAL_CORROSION,1990,CARBON STEEL
20180131,2018,MECHANICAL_DAMAGE,2014,MATERIAL OTHER THAN CARBON STEEL
20180132,2018,OTHER,2018,MATERIAL OTHER THAN CARBON STEEL
20180133,2018,MATERIAL_FAILURE,2016,CARBON STEEL
20180134,2018,INTERNAL_CORROSION,1990,CARBON STEEL
20180135,2018,MECHANICAL_DAMAGE,2013,CARBON STEEL
20180136,2018,EXTERNAL_CORROSION,1955,CARBON STEEL
20180137,2018,MECHANICAL_DAMAGE,2016,CARBON STEEL
20180138,2018,INTERNAL_CORROSION,1994,CARBON STEEL
20180139,2018,OTHER,2012,CARBON STEEL
20180140,2018,MECHANICAL_DAMAGE,2015,CARBON STEEL
20180141,2018,OTHER,2012,CARBON STEEL
20180142,2018,MECHANICAL_DAMAGE,1982,CARBON STEEL
20180143,2018,INTERNAL_CORROSION,1968,CARBON STEEL
20180144,2018,MECHANICAL_DAMAGE,UNKNOWN,CARBON STEEL
20180145,2018,MECHANICAL_DAMAGE,2018,CARBON STEEL
20180146,2018,EXTERNAL_CORROSION,1975,CARBON STEEL
20180147,2018,MECHANICAL_DAMAGE,UNKNOWN,MATERIAL OTHER THAN CARBON STEEL
20180148,2018,OTHER,2016,CARBON STEEL
20180149,2018,MECHANICAL_DAMAGE,2016,CARBON STEEL
20180154,2018,MECHANICAL_DAMAGE,2017,CARBON STEEL
20180155,2018,MECHANICAL_DAMAGE,2015,CARBON STEEL
20180156,2018,OTHER,UNKNOWN,CARBON STEEL
20180157,2018,MATERIAL_FAILURE,1986,CARBON STEEL
20180158,2018,MECHANICAL_DAMAGE,UNKNOWN,CARBON STEEL
20180159,2018,MECHANICAL_DAMAGE,2010,MATERIAL OTHER THAN CARBON STEEL
20180160,2018,OTHER,2017,CARBON STEEL
20180161,2018,MATERIAL_FAILURE,UNKNOWN,CARBON STEEL
20180162,2018,MECHANICAL_DAMAGE,2013,MATERIAL OTHER THAN CARBON STEEL
20180163,2017,OTHER,2015,CARBON STEEL
20180164,2018,OTHER,2018,CARBON STEEL
20180165,2018,INTERNAL_CORROSION,1963,CARBON STEEL
20180166,2018,MECHANICAL_DAMAGE,2018,CARBON STEEL
20180167,2018,MATERIAL_FAILURE,UNKNOWN,CARBON STEEL
20180168,2018,EXTERNAL_CORROSION,1950,CARBON STEEL
20180169,2018,MECHANICAL_DAMAGE,2012,CARBON STEEL
20180170,2018,MATERIAL_FAILURE,1964,CARBON STEEL
20180171,2018,OTHER,1967,CARBON STEEL
20180172,2018,MATERIAL_FAILURE,2011,CARBON STEEL
20180173,2018,MATERIAL_FAILURE,1957,CARBON STEEL
20180174,2018,MECHANICAL_DAMAGE,2018,CARBON STEEL
20180175,2018,MECHANICAL_DAMAGE,2000,CARBON STEEL
20180176,2018,MECHANICAL_DAMAGE,UNKNOWN,MATERIAL OTHER THAN CARBON STEEL
20180177,2018,MECHANICAL_DAMAGE,1967,CARBON STEEL
20180178,2018,OTHER,UNKNOWN,CARBON STEEL
20180179,2018,MECHANICAL_DAMAGE,1939,CARBON STEEL
20180180,2018,EXTERNAL_CORROSION,1957,CARBON STEEL
20180181,2018,EXTERNAL_CORROSION,1977,CARBON STEEL
20180182,2018,MECHANICAL_DAMAGE,UNKNOWN,CARBON STEEL
20180183,2018,MECHANICAL_DAMAGE,2016,CARBON STEEL
20180184,2018,MECHANICAL_DAMAGE,2018,CARBON STEEL
20180185,2018,MECHANICAL_DAMAGE,1998,CARBON STEEL
20180186,2018,MECHANICAL_DAMAGE,1980,MATERIAL OTHER THAN CARBON STEEL
20180187,2018,OTHER,2016,MATERIAL OTHER THAN CARBON STEEL
20180188,2018,MECHANICAL_DAMAGE,2016,MATERIAL OTHER THAN CARBON STEEL
20180189,2018,OTHER,1927,CARBON STEEL
20180190,2018,MECHANICAL_DAMAGE,1939,CARBON STEEL
20180191,2018,MECHANICAL_DAMAGE,2017,CARBON STEEL
20180192,2018,MECHANICAL_DAMAGE,UNKNOWN,CARBON STEEL
20180193,2018,MECHANICAL_DAMAGE,2015,MATERIAL OTHER THAN CARBON STEEL
20180195,2018,MECHANICAL_DAMAGE,2017,MATERIAL OTHER THAN CARBON STEEL
20180197,2018,MECHANICAL_DAMAGE,2017,CARBON STEEL
20180198,2018,MECHANICAL_DAMAGE,2018,CARBON STEEL
20180199,2018,MECHANICAL_DAMAGE,1998,CARBON STEEL
20180200,2018,MECHANICAL_DAMAGE,2014,CARBON STEEL
20180201,2018,MECHANICAL_DAMAGE,2006,CARBON STEEL
20180202,2017,INTERNAL_CORROSION,2011,CARBON STEEL
20180203,2018,OTHER,2018,CARBON STEEL
20180205,2018,MECHANICAL_DAMAGE,2014,CARBON STEEL
20180206,2018,MECHANICAL_DAMAGE,1963,CARBON STEEL
20180207,2018,OTHER,2018,CARBON STEEL
20180208,2018,MECHANICAL_DAMAGE,2018,CARBON STEEL
20180209,2018,OTHER,1970,CARBON STEEL
20180210,2018,MECHANICAL_DAMAGE,2014,MATERIAL OTHER THAN CARBON STEEL
20180211,2018,MECHANICAL_DAMAGE,2018,CARBON STEEL
20180212,2018,EXTERNAL_CORROSION,1957,CARBON STEEL
20180213,2018,OTHER,1958,CARBON STEEL
20180214,2018,MECHANICAL_DAMAGE,2015,MATERIAL OTHER THAN CARBON STEEL
20180215,2018,MATERIAL_FAILURE,1937,CARBON STEEL
20180216,2018,MECHANICAL_DAMAGE,2016,CARBON STEEL
20180217,2018,MECHANICAL_DAMAGE,1996,CARBON STEEL
20180218,2018,INTERNAL_CORROSION,1947,CARBON STEEL
20180219,2018,MECHANICAL_DAMAGE,UNKNOWN,CARBON STEEL
20180221,2018,MECHANICAL_DAMAGE,2018,MATERIAL OTHER THAN CARBON STEEL
20180222,2018,MECHANICAL_DAMAGE,1998,MATERIAL OTHER THAN CARBON STEEL
20180223,2018,MECHANICAL_DAMAGE,UNKNOWN,CARBON STEEL
20180224,2018,INTERNAL_CORROSION,UNKNOWN,CARBON STEEL
20180225,2018,MECHANICAL_DAMAGE,2018,CARBON STEEL
20180226,2018,MECHANICAL_DAMAGE,2017,MATERIAL OTHER THAN CARBON STEEL
20180227,2018,MECHANICAL_DAMAGE,2008,MATERIAL OTHER THAN CARBON STEEL
20180228,2018,MECHANICAL_DAMAGE,2018,MATERIAL OTHER THAN CARBON STEEL
20180229,2018,INTERNAL_CORROSION,UNKNOWN,CARBON STEEL
20180230,2018,MECHANICAL_DAMAGE,1950,CARBON STEEL
20180231,2018,MECHANICAL_DAMAGE,2014,CARBON STEEL
20180232,2018,OTHER,UNKNOWN,CARBON STEEL
20180233,2018,MECHANICAL_DAMAGE,1980,MATERIAL OTHER THAN CARBON STEEL
20180234,2018,MECHANICAL_DAMAGE,2007,CARBON STEEL
20180235,2018,MECHANICAL_DAMAGE,2016,CARBON STEEL
20180236,2018,OTHER,2016,CARBON STEEL
20180237,2018,MECHANICAL_DAMAGE,2003,MATERIAL OTHER THAN CARBON STEEL
20180238,2018,OTHER,2018,CARBON STEEL
20180239,2018,MATERIAL_FAILURE,1946,CARBON STEEL
20180240,2018,OTHER,2014,CARBON STEEL
20180241,2018,OTHER,2018,CARBON STEEL
20180242,2018,MATERIAL_FAILURE,2005,CARBON STEEL
20180243,2018,OTHER,2013,MATERIAL OTHER THAN CARBON STEEL
20180244,2018,MECHANICAL_DAMAGE,1996,CARBON STEEL
20180245,2018,MECHANICAL_DAMAGE,UNKNOWN,MATERIAL OTHER THAN CARBON STEEL
20180246,2018,MECHANICAL_DAMAGE,2014,CARBON STEEL
20180247,2018,MECHANICAL_DAMAGE,UNKNOWN,CARBON STEEL
20180248,2018,MECHANICAL_DAMAGE,1958,CARBON STEEL
20180249,2018,OTHER,2018,CARBON STEEL
20180250,2018,INTERNAL_CORROSION,UNKNOWN,CARBON STEEL
20180251,2018,MECHANICAL_DAMAGE,UNKNOWN,CARBON STEEL
20180252,2018,MECHANICAL_DAMAGE,1985,MATERIAL OTHER THAN CARBON STEEL
20180253,2018,MECHANICAL_DAMAGE,1996,CARBON STEEL
20180254,2018,MECHANICAL_DAMAGE,1973,CARBON STEEL
20180255,2018,MECHANICAL_DAMAGE,1995,CARBON STEEL
20180256,2018,OTHER,2009,CARBON STEEL
20180257,2018,MECHANICAL_DAMAGE,2008,CARBON STEEL
20180258,2018,MECHANICAL_DAMAGE,2018,CARBON STEEL
20180259,2018,MECHANICAL_DAMAGE,1952,CARBON STEEL
20180260,2018,OTHER,2015,CARBON STEEL
20180261,2018,MECHANICAL_DAMAGE,2010,MATERIAL OTHER THAN CARBON STEEL
20180262,2018,OTHER,2018,CARBON STEEL
20180263,2018,MATERIAL_FAILURE,1999,CARBON STEEL
20180264,2018,MECHANICAL_DAMAGE,1998,CARBON STEEL
20180265,2018,MECHANICAL_DAMAGE,2015,MATERIAL OTHER THAN CARBON STEEL
20180266,2018,MECHANICAL_DAMAGE,UNKNOWN,CARBON STEEL
20180267,2018,MECHANICAL_DAMAGE,2018,MATERIAL OTHER THAN CARBON STEEL
20180268,2018,MECHANICAL_DAMAGE,2017,CARBON STEEL
20180269,2018,MECHANICAL_DAMAGE,1954,CARBON STEEL
20180270,2018,MECHANICAL_DAMAGE,UNKNOWN,MATERIAL OTHER THAN CARBON STEEL
20180271,2018,MECHANICAL_DAMAGE,2002,MATERIAL OTHER THAN CARBON STEEL
20180272,2018,MECHANICAL_DAMAGE,UNKNOWN,CARBON STEEL
20180273,2018,INTERNAL_CORROSION,2009,CARBON STEEL
20180274,2018,INTERNAL_CORROSION,1995,CARBON STEEL
20180275,2018,MECHANICAL_DAMAGE,2011,MATERIAL OTHER THAN CARBON STEEL
20180276,2018,MECHANICAL_DAMAGE,2015,CARBON STEEL
20180277,2018,MECHANICAL_DAMAGE,2012,CARBON STEEL
20180278,2018,MECHANICAL_DAMAGE,2018,CARBON STEEL
20180279,2018,MECHANICAL_DAMAGE,1923,CARBON STEEL
20180280,2018,MECHANICAL_DAMAGE,2006,MATERIAL OTHER THAN CARBON STEEL
20180281,2018,INTERNAL_CORROSION,UNKNOWN,CARBON STEEL
20180282,2018,MECHANICAL_DAMAGE,UNKNOWN,MATERIAL OTHER THAN CARBON STEEL
20180283,2018,OTHER,1962,MATERIAL OTHER THAN CARBON STEEL
20180284,2018,MECHANICAL_DAMAGE,1959,CARBON STEEL
20180285,2018,MECHANICAL_DAMAGE,2008,MATERIAL OTHER THAN CARBON STEEL
20180286,2018,OTHER,1990,MATERIAL OTHER THAN CARBON STEEL
20180287,2018,MECHANICAL_DAMAGE,2014,CARBON STEEL
20180288,2018,MECHANICAL_DAMAGE,UNKNOWN,MATERIAL OTHER THAN CARBON STEEL
20180289,2018,MECHANICAL_DAMAGE,2017,CARBON STEEL
20180290,2018,INTERNAL_CORROSION,UNKNOWN,CARBON STEEL
20180291,2018,MECHANICAL_DAMAGE,2018,CARBON STEEL
20180292,2018,OTHER,UNKNOWN,CARBON STEEL
20180293,2018,MECHANICAL_DAMAGE,1961,CARBON STEEL
20180294,2018,OTHER,2005,CARBON STEEL
20180295,2018,MECHANICAL_DAMAGE,UNKNOWN,MATERIAL OTHER THAN CARBON STEEL
20180296,2018,MECHANICAL_DAMAGE,1971,CARBON STEEL
20180297,2018,MATERIAL_FAILURE,2014,CARBON STEEL
20180298,2018,MECHANICAL_DAMAGE,UNKNOWN,CARBON STEEL
20180299,2018,MECHANICAL_DAMAGE,1993,CARBON STEEL
20180300,2018,OTHER,2013,CARBON STEEL
20180301,2018,MECHANICAL_DAMAGE,1991,MATERIAL OTHER THAN CARBON STEEL
20180302,2018,MECHANICAL_DAMAGE,2018,CARBON STEEL
20180303,2018,MECHANICAL_DAMAGE,2015,CARBON STEEL
20180304,2018,MECHANICAL_DAMAGE,UNKNOWN,CARBON STEEL
20180305,2018,MATERIAL_FAILURE,1970,CARBON STEEL
20180306,2018,MECHANICAL_DAMAGE,2018,MATERIAL OTHER THAN CARBON STEEL
20180307,2018,MECHANICAL_DAMAGE,UNKNOWN,CARBON STEEL
20180308,2018,OTHER,1973,CARBON STEEL
20180309,2018,MECHANICAL_DAMAGE,2015,MATERIAL OTHER THAN CARBON STEEL
20180310,2018,MECHANICAL_DAMAGE,2015,CARBON STEEL
20180311,2018,INTERNAL_CORROSION,2013,CARBON STEEL
20180312,2018,MECHANICAL_DAMAGE,2013,CARBON STEEL
20180313,2018,MECHANICAL_DAMAGE,2018,MATERIAL OTHER THAN CARBON STEEL
20180314,2018,INTERNAL_CORROSION,2009,CARBON STEEL
20180315,2018,MECHANICAL_DAMAGE,1950,CARBON STEEL
20180316,2018,MECHANICAL_DAMAGE,2009,CARBON STEEL
20180317,2018,INTERNAL_CORROSION,2016,CARBON STEEL
20180318,2018,OTHER,2017,MATERIAL OTHER THAN CARBON STEEL
20180319,2018,MECHANICAL_DAMAGE,1945,CARBON STEEL
20180320,2018,MATERIAL_FAILURE,1963,CARBON STEEL
20180321,2018,OTHER,UNKNOWN,MATERIAL OTHER THAN CARBON STEEL
20180322,2018,MECHANICAL_DAMAGE,2003,CARBON STEEL
20180323,2018,OTHER,1973,CARBON STEEL
20180324,2018,EXTERNAL_CORROSION,1986,CARBON STEEL
20180325,2018,INTERNAL_CORROSION,1952,CARBON STEEL
20180326,2018,MECHANICAL_DAMAGE,2018,CARBON STEEL
20180327,2018,MECHANICAL_DAMAGE,2010,CARBON STEEL
20180328,2018,MECHANICAL_DAMAGE,2012,MATERIAL OTHER THAN CARBON STEEL
20180329,2018,MECHANICAL_DAMAGE,1998,CARBON STEEL
20180330,2018,OTHER,1981,CARBON STEEL
20180331,2018,MECHANICAL_DAMAGE,UNKNOWN,MATERIAL OTHER THAN CARBON STEEL
20180332,2018,INTERNAL_CORROSION,2012,CARBON STEEL
20180333,2018,MECHANICAL_DAMAGE,2017,MATERIAL OTHER THAN CARBON STEEL
20180334,2018,EXTERNAL_CORROSION,1997,CARBON STEEL
20180335,2018,MECHANICAL_DAMAGE,1954,MATERIAL OTHER THAN CARBON STEEL
20180336,2018,MECHANICAL_DAMAGE,UNKNOWN,MATERIAL OTHER THAN CARBON STEEL
20180337,2018,MECHANICAL_DAMAGE,UNKNOWN,CARBON STEEL
20180338,2018,MECHANICAL_DAMAGE,2018,MATERIAL OTHER THAN CARBON STEEL
20180339,2018,MECHANICAL_DAMAGE,2003,CARBON STEEL
20180340,2018,INTERNAL_CORROSION,1947,CARBON STEEL
20180341,2018,MATERIAL_FAILURE,1950,CARBON STEEL
20180342,2018,OTHER,2018,CARBON STEEL
20180343,2018,OTHER,1944,CARBON STEEL
20180344,2018,MECHANICAL_DAMAGE,2014,MATERIAL OTHER THAN CARBON STEEL
20180345,2018,MECHANICAL_DAMAGE,2015,CARBON STEEL
20180346,2018,MECHANICAL_DAMAGE,1941,CARBON STEEL
20180347,2018,EXTERNAL_CORROSION,1952,CARBON STEEL
20180348,2018,MECHANICAL_DAMAGE,UNKNOWN,CARBON STEEL
20180349,2018,MECHANICAL_DAMAGE,2018,MATERIAL OTHER THAN CARBON STEEL
20180350,2018,EXTERNAL_CORROSION,2012,CARBON STEEL
20180351,2018,MECHANICAL_DAMAGE,UNKNOWN,CARBON STEEL
20180352,2018,INTERNAL_CORROSION,1999,CARBON STEEL
20180353,2018,MECHANICAL_DAMAGE,UNKNOWN,CARBON STEEL
20180354,2018,OTHER,1945,CARBON STEEL
20180355,2018,OTHER,UNKNOWN,CARBON STEEL
20180356,2018,MECHANICAL_DAMAGE,2018,CARBON STEEL
20180357,2018,MECHANICAL_DAMAGE,2014,MATERIAL OTHER THAN CARBON STEEL
20180358,2018,MECHANICAL_DAMAGE,1986,CARBON STEEL
20180359,2018,OTHER,2018,CARBON STEEL
20180360,2018,MECHANICAL_DAMAGE,2016,MATERIAL OTHER THAN CARBON STEEL
20180361,2018,MECHANICAL_DAMAGE,UNKNOWN,CARBON STEEL
20180362,2018,MECHANICAL_DAMAGE,UNKNOWN,MATERIAL OTHER THAN CARBON STEEL
20180363,2018,OTHER,2015,CARBON STEEL
20180364,2018,MECHANICAL_DAMAGE,1947,CARBON STEEL
20180365,2018,MECHANICAL_DAMAGE,2016,MATERIAL OTHER THAN CARBON STEEL
20180366,2018,MECHANICAL_DAMAGE,1986,CARBON STEEL
20180367,2018,INTERNAL_CORROSION,1990,CARBON STEEL
20180368,2018,MECHANICAL_DAMAGE,2000,MATERIAL OTHER THAN CARBON STEEL
20180369,2018,OTHER,UNKNOWN,CARBON STEEL
20180370,2018,MECHANICAL_DAMAGE,2016,CARBON STEEL
20180371,2018,EXTERNAL_CORROSION,1932,CARBON STEEL
20180372,2018,MECHANICAL_DAMAGE,1962,CARBON STEEL
20180373,2018,MECHANICAL_DAMAGE,1958,MATERIAL OTHER THAN CARBON STEEL
20180374,2018,MECHANICAL_DAMAGE,2014,MATERIAL OTHER THAN CARBON STEEL
20180375,2018,OTHER,2016,CARBON STEEL
20180376,2018,MECHANICAL_DAMAGE,2014,CARBON STEEL
20180377,2018,MECHANICAL_DAMAGE,UNKNOWN,MATERIAL OTHER THAN CARBON STEEL
20180378,2018,MECHANICAL_DAMAGE,2014,CARBON STEEL
20180379,2018,OTHER,2011,CARBON STEEL
20180380,2018,OTHER,2018,CARBON STEEL
20180381,2018,MECHANICAL_DAMAGE,1986,MATERIAL OTHER THAN CARBON STEEL
20180382,2018,MECHANICAL_DAMAGE,2013,CARBON STEEL
20180383,2018,MECHANICAL_DAMAGE,1996,CARBON STEEL
20180384,2018,MATERIAL_FAILURE,1927,CARBON STEEL
20180385,2018,OTHER,2009,CARBON STEEL
20180386,2018,MECHANICAL_DAMAGE,2015,MATERIAL OTHER THAN CARBON STEEL
20180387,2018,MECHANICAL_DAMAGE,UNKNOWN,MATERIAL OTHER THAN CARBON STEEL
20180388,2018,MECHANICAL_DAMAGE,2009,MATERIAL OTHER THAN CARBON STEEL
20180389,2018,MECHANICAL_DAMAGE,UNKNOWN,CARBON STEEL
20180390,2018,MATERIAL_FAILURE,UNKNOWN,CARBON STEEL
20180391,2018,MATERIAL_FAILURE,2015,CARBON STEEL
20180392,2018,MATERIAL_FAILURE,1966,CARBON STEEL
20180393,2018,OTHER,1952,CARBON STEEL
20180394,2018,OTHER,UNKNOWN,CARBON STEEL
20180395,2018,INTERNAL_CORROSION,2016,CARBON STEEL
20180396,2018,MATERIAL_FAILURE,1951,CARBON STEEL
20180397,2018,INTERNAL_CORROSION,1954,CARBON STEEL
20180399,2018,OTHER,2018,CARBON STEEL
20180400,2018,MECHANICAL_DAMAGE,UNKNOWN,CARBON STEEL
20180401,2018,MECHANICAL_DAMAGE,UNKNOWN,CARBON STEEL
20180402,2018,MECHANICAL_DAMAGE,2018,CARBON STEEL
20180403,2018,OTHER,1955,CARBON STEEL
20180404,2018,OTHER,2018,CARBON STEEL
20180405,2018,MECHANICAL_DAMAGE,UNKNOWN,MATERIAL OTHER THAN CARBON STEEL
20180406,2018,MECHANICAL_DAMAGE,UNKNOWN,CARBON STEEL
20180407,2018,MECHANICAL_DAMAGE,1956,CARBON STEEL
20180408,2018,MECHANICAL_DAMAGE,1990,CARBON STEEL
20180409,2018,OTHER,UNKNOWN,CARBON STEEL
20180410,2018,OTHER,2015,CARBON STEEL
20180411,2018,INTERNAL_CORROSION,2015,CARBON STEEL
20180412,2018,MECHANICAL_DAMAGE,UNKNOWN,CARBON STEEL
20190001,2018,MECHANICAL_DAMAGE,2018,CARBON STEEL
20190002,2018,MECHANICAL_DAMAGE,2015,MATERIAL OTHER THAN CARBON STEEL
20190003,2018,OTHER,UNKNOWN,CARBON STEEL
20190004,2018,MECHANICAL_DAMAGE,2018,CARBON STEEL
20190005,2018,MATERIAL_FAILURE,2015,CARBON STEEL
20190006,2018,MECHANICAL_DAMAGE,2018,CARBON STEEL
20190007,2018,EXTERNAL_CORROSION,1964,CARBON STEEL
20190008,2018,MECHANICAL_DAMAGE,2008,CARBON STEEL
20190009,2018,MECHANICAL_DAMAGE,2018,CARBON STEEL
20190010,2018,MECHANICAL_DAMAGE,1968,CARBON STEEL
20190011,2018,MECHANICAL_DAMAGE,2018,CARBON STEEL
20190012,2018,MECHANICAL_DAMAGE,2018,CARBON STEEL
20190013,2018,MECHANICAL_DAMAGE,2018,MATERIAL OTHER THAN CARBON STEEL
20190014,2018,INTERNAL_CORROSION,1967,CARBON STEEL
20190015,2018,INTERNAL_CORROSION,1983,CARBON STEEL
20190016,2018,EXTERNAL_CORROSION,1956,CARBON STEEL
20190017,2018,INTERNAL_CORROSION,2011,CARBON STEEL
20190018,2018,MECHANICAL_DAMAGE,UNKNOWN,CARBON STEEL
20190019,2018,MECHANICAL_DAMAGE,2018,CARBON STEEL
20190020,2018,MECHANICAL_DAMAGE,2018,CARBON STEEL
20190021,2018,OTHER,1949,MATERIAL OTHER THAN CARBON STEEL
20190022,2018,MECHANICAL_DAMAGE,2018,CARBON STEEL
20190023,2018,INTERNAL_CORROSION,2014,CARBON STEEL
20190024,2018,OTHER,2014,CARBON STEEL
20190025,2019,MECHANICAL_DAMAGE,2015,CARBON STEEL
20190026,2019,OTHER,2013,CARBON STEEL
20190027,2019,MECHANICAL_DAMAGE,1982,CARBON STEEL
20190028,2018,INTERNAL_CORROSION,1967,CARBON STEEL
20190029,2019,MECHANICAL_DAMAGE,1998,CARBON STEEL
20190030,2019,MECHANICAL_DAMAGE,1976,CARBON STEEL
20190031,2019,EXTERNAL_CORROSION,1962,CARBON STEEL
20190032,2019,MECHANICAL_DAMAGE,1987,MATERIAL OTHER THAN CARBON STEEL
20190033,2019,MECHANICAL_DAMAGE,1970,CARBON STEEL
20190034,2019,OTHER,2015,CARBON STEEL
20190035,2019,MECHANICAL_DAMAGE,1990,MATERIAL OTHER THAN CARBON STEEL
20190036,2019,MECHANICAL_DAMAGE,2018,MATERIAL OTHER THAN CARBON STEEL
20190037,2019,MECHANICAL_DAMAGE,2017,CARBON STEEL
20190038,2018,MECHANICAL_DAMAGE,1970,CARBON STEEL
20190039,2019,OTHER,2014,CARBON STEEL
20190040,2019,MECHANICAL_DAMAGE,2018,CARBON STEEL
20190041,2019,MECHANICAL_DAMAGE,1997,CARBON STEEL
20190042,2019,MECHANICAL_DAMAGE,1986,MATERIAL OTHER THAN CARBON STEEL
20190043,2019,MECHANICAL_DAMAGE,2018,CARBON STEEL
20190044,2019,MECHANICAL_DAMAGE,UNKNOWN,CARBON STEEL
20190045,2019,MECHANICAL_DAMAGE,2018,MATERIAL OTHER THAN CARBON STEEL
20190046,2019,MECHANICAL_DAMAGE,1995,CARBON STEEL
20190047,2019,MECHANICAL_DAMAGE,1956,CARBON STEEL
20190048,2019,MECHANICAL_DAMAGE,UNKNOWN,MATERIAL OTHER THAN CARBON STEEL
20190049,2019,EXTERNAL_CORROSION,1971,CARBON STEEL
20190050,2019,INTERNAL_CORROSION,1968,CARBON STEEL
20190051,2019,MECHANICAL_DAMAGE,2016,MATERIAL OTHER THAN CARBON STEEL
20190052,2019,MECHANICAL_DAMAGE,2002,CARBON STEEL
20190053,2019,OTHER,2019,CARBON STEEL
20190054,2019,MECHANICAL_DAMAGE,1999,CARBON STEEL
20190055,2019,OTHER,1996,CARBON STEEL
20190056,2019,OTHER,2018,CARBON STEEL
20190057,2019,MECHANICAL_DAMAGE,2017,CARBON STEEL
20190058,2018,MECHANICAL_DAMAGE,1989,CARBON STEEL
20190059,2019,OTHER,UNKNOWN,CARBON STEEL
20190060,2019,EXTERNAL_CORROSION,1999,CARBON STEEL
20190061,2019,OTHER,UNKNOWN,CARBON STEEL
20190062,2019,MECHANICAL_DAMAGE,2013,CARBON STEEL
20190063,2019,MECHANICAL_DAMAGE,UNKNOWN,CARBON STEEL
20190064,2019,MECHANICAL_DAMAGE,UNKNOWN,CARBON STEEL
20190065,2019,MECHANICAL_DAMAGE,2008,CARBON STEEL
20190066,2019,MECHANICAL_DAMAGE,2016,MATERIAL OTHER THAN CARBON STEEL
20190067,2019,MECHANICAL_DAMAGE,2014,CARBON STEEL
20190068,2019,INTERNAL_CORROSION,UNKNOWN,CARBON STEEL
20190069,2019,MATERIAL_FAILURE,1968,CARBON STEEL
20190070,2019,MECHANICAL_DAMAGE,UNKNOWN,MATERIAL OTHER THAN CARBON STEEL
20190071,2019,MECHANICAL_DAMAGE,2013,CARBON STEEL
20190072,2019,OTHER,2018,MATERIAL OTHER THAN CARBON STEEL
20190073,2019,OTHER,2009,CARBON STEEL
20190074,2019,INTERNAL_CORROSION,1991,CARBON STEEL
20190075,2019,OTHER,2005,MATERIAL OTHER THAN CARBON STEEL
20190076,2019,MECHANICAL_DAMAGE,UNKNOWN,CARBON STEEL
20190077,2019,OTHER,UNKNOWN,CARBON STEEL
20190078,2019,MECHANICAL_DAMAGE,1962,CARBON STEEL
20190079,2019,MATERIAL_FAILURE,2004,CARBON STEEL
20190080,2019,MECHANICAL_DAMAGE,2019,CARBON STEEL
20190081,2019,MECHANICAL_DAMAGE,2002,MATERIAL OTHER THAN CARBON STEEL
20190082,2019,OTHER,2019,CARBON STEEL
20190083,2019,MECHANICAL_DAMAGE,2009,CARBON STEEL
20190084,2019,MECHANICAL_DAMAGE,2015,CARBON STEEL
20190085,2019,OTHER,UNKNOWN,CARBON STEEL
20190086,2019,MECHANICAL_DAMAGE,UNKNOWN,CARBON STEEL
20190087,2019,MECHANICAL_DAMAGE,UNKNOWN,CARBON STEEL
20190088,2019,OTHER,UNKNOWN,CARBON STEEL
20190089,2019,OTHER,UNKNOWN,CARBON STEEL
20190090,2019,MECHANICAL_DAMAGE,UNKNOWN,CARBON STEEL
20190091,2019,OTHER,2015,CARBON STEEL
20190092,2019,MECHANICAL_DAMAGE,2016,MATERIAL OTHER THAN CARBON STEEL
20190093,2019,MECHANICAL_DAMAGE,2003,CARBON STEEL
20190094,2019,MECHANICAL_DAMAGE,2018,CARBON STEEL
20190095,2019,OTHER,2018,CARBON STEEL
20190096,2019,MECHANICAL_DAMAGE,2015,CARBON STEEL
20190097,2019,MECHANICAL_DAMAGE,1999,CARBON STEEL
20190098,2019,MECHANICAL_DAMAGE,1951,CARBON STEEL
20190099,2019,MECHANICAL_DAMAGE,1995,CARBON STEEL
20190100,2019,OTHER,2016,CARBON STEEL
20190101,2019,MECHANICAL_DAMAGE,2019,CARBON STEEL
20190102,2019,MECHANICAL_DAMAGE,2013,MATERIAL OTHER THAN CARBON STEEL
20190103,2019,MECHANICAL_DAMAGE,2019,MATERIAL OTHER THAN CARBON STEEL
20190104,2019,MECHANICAL_DAMAGE,2001,MATERIAL OTHER THAN CARBON STEEL
20190106,2019,OTHER,1965,CARBON STEEL
20190107,2019,MECHANICAL_DAMAGE,2018,CARBON STEEL
20190108,2019,OTHER,2019,CARBON STEEL
20190109,2019,EXTERNAL_CORROSION,UNKNOWN,CARBON STEEL
20190110,2019,MECHANICAL_DAMAGE,1993,CARBON STEEL
20190111,2019,INTERNAL_CORROSION,UNKNOWN,CARBON STEEL
20190112,2019,MECHANICAL_DAMAGE,2018,CARBON STEEL
20190113,2019,MECHANICAL_DAMAGE,1966,CARBON STEEL
20190114,2019,MECHANICAL_DAMAGE,UNKNOWN,MATERIAL OTHER THAN CARBON STEEL
20190115,2019,MECHANICAL_DAMAGE,1969,CARBON STEEL
20190116,2019,EXTERNAL_CORROSION,2013,CARBON STEEL
20190117,2019,INTERNAL_CORROSION,UNKNOWN,CARBON STEEL
20190118,2019,OTHER,2018,CARBON STEEL
20190119,2019,INTERNAL_CORROSION,1950,CARBON STEEL
20190120,2019,MATERIAL_FAILURE,1975,CARBON STEEL
20190121,2019,MECHANICAL_DAMAGE,2015,CARBON STEEL
20190122,2019,INTERNAL_CORROSION,2014,CARBON STEEL
20190123,2019,INTERNAL_CORROSION,1951,CARBON STEEL
20190124,2019,MECHANICAL_DAMAGE,2003,CARBON STEEL
20190125,2018,MECHANICAL_DAMAGE,UNKNOWN,CARBON STEEL
20190126,2019,MECHANICAL_DAMAGE,2015,CARBON STEEL
20190127,2019,OTHER,1996,CARBON STEEL
20190129,2019,OTHER,UNKNOWN,CARBON STEEL
20190130,2019,OTHER,1954,CARBON STEEL
20190131,2019,INTERNAL_CORROSION,2014,CARBON STEEL
20190132,2019,OTHER,1952,CARBON STEEL
20190133,2019,OTHER,2013,CARBON STEEL
20190134,2019,EXTERNAL_CORROSION,1985,CARBON STEEL
20190135,2019,INTERNAL_CORROSION,UNKNOWN,CARBON STEEL
20190136,2019,OTHER,2019,MATERIAL OTHER THAN CARBON STEEL
20190137,2019,MECHANICAL_DAMAGE,UNKNOWN,CARBON STEEL
20190138,2019,MECHANICAL_DAMAGE,1945,CARBON STEEL
20190139,2019,INTERNAL_CORROSION,2017,CARBON STEEL
20190140,2019,OTHER,UNKNOWN,CARBON STEEL
20190141,2019,INTERNAL_CORROSION,1960,CARBON STEEL
20190142,2019,MECHANICAL_DAMAGE,1982,CARBON STEEL
20190143,2019,MECHANICAL_DAMAGE,UNKNOWN,CARBON STEEL
20190144,2019,INTERNAL_CORROSION,UNKNOWN,CARBON STEEL
20190145,2019,EXTERNAL_CORROSION,1978,CARBON STEEL
20190146,2019,MECHANICAL_DAMAGE,2008,CARBON STEEL
20190147,2019,MECHANICAL_DAMAGE,2015,CARBON STEEL
20190148,2019,MECHANICAL_DAMAGE,2015,MATERIAL OTHER THAN CARBON STEEL
20190150,2019,MECHANICAL_DAMAGE,1972,CARBON STEEL
20190151,2019,MECHANICAL_DAMAGE,2010,MATERIAL OTHER THAN CARBON STEEL
20190152,2019,MECHANICAL_DAMAGE,UNKNOWN,MATERIAL OTHER THAN CARBON STEEL
20190153,2019,MATERIAL_FAILURE,1979,CARBON STEEL
20190154,2019,MATERIAL_FAILURE,1980,CARBON STEEL
20190155,2019,MATERIAL_FAILURE,1950,CARBON STEEL
20190156,2019,MECHANICAL_DAMAGE,2018,CARBON STEEL
20190157,2019,OTHER,2017,CARBON STEEL
20190158,2019,MECHANICAL_DAMAGE,2013,MATERIAL OTHER THAN CARBON STEEL
20190159,2019,OTHER,2017,MATERIAL OTHER THAN CARBON STEEL
20190160,2019,MECHANICAL_DAMAGE,UNKNOWN,CARBON STEEL
20190161,2019,OTHER,2011,CARBON STEEL
20190162,2019,INTERNAL_CORROSION,2011,CARBON STEEL
20190163,2019,MECHANICAL_DAMAGE,2013,CARBON STEEL
20190164,2019,OTHER,UNKNOWN,CARBON STEEL
20190165,2019,MECHANICAL_DAMAGE,2016,MATERIAL OTHER THAN CARBON STEEL
20190166,2019,OTHER,1946,CARBON STEEL
20190167,2019,OTHER,2004,CARBON STEEL
20190168,2019,INTERNAL_CORROSION,UNKNOWN,CARBON STEEL
20190169,2019,MECHANICAL_DAMAGE,1998,MATERIAL OTHER THAN CARBON STEEL
20190170,2019,MECHANICAL_DAMAGE,UNKNOWN,MATERIAL OTHER THAN CARBON STEEL
20190171,2019,INTERNAL_CORROSION,1946,CARBON STEEL
20190172,2019,MECHANICAL_DAMAGE,2012,MATERIAL OTHER THAN CARBON STEEL
20190173,2019,OTHER,2018,CARBON STEEL
20190174,2019,MECHANICAL_DAMAGE,UNKNOWN,CARBON STEEL
20190175,2019,OTHER,2019,CARBON STEEL
20190176,2018,INTERNAL_CORROSION,1990,CARBON STEEL
20190177,2019,MECHANICAL_DAMAGE,2014,MATERIAL OTHER THAN CARBON STEEL
20190178,2019,INTERNAL_CORROSION,2015,CARBON STEEL
20190179,2019,MECHANICAL_DAMAGE,UNKNOWN,CARBON STEEL
20190180,2019,MECHANICAL_DAMAGE,2018,MATERIAL OTHER THAN CARBON STEEL
20190181,2019,EXTERNAL_CORROSION,1956,CARBON STEEL
20190182,2019,INTERNAL_CORROSION,1996,CARBON STEEL
20190183,2019,MECHANICAL_DAMAGE,UNKNOWN,CARBON STEEL
20190184,2019,MECHANICAL_DAMAGE,2016,CARBON STEEL
20190185,2019,MECHANICAL_DAMAGE,2019,MATERIAL OTHER THAN CARBON STEEL
20190186,2019,MECHANICAL_DAMAGE,2018,MATERIAL OTHER THAN CARBON STEEL
20190187,2019,MECHANICAL_DAMAGE,2017,MATERIAL OTHER THAN CARBON STEEL
20190188,2019,OTHER,2016,CARBON STEEL
20190189,2019,MECHANICAL_DAMAGE,1970,CARBON STEEL
20190190,2019,MECHANICAL_DAMAGE,1997,MATERIAL OTHER THAN CARBON STEEL
20190191,2019,OTHER,UNKNOWN,CARBON STEEL
20190192,2019,MECHANICAL_DAMAGE,2018,CARBON STEEL
20190193,2019,MECHANICAL_DAMAGE,1975,MATERIAL OTHER THAN CARBON STEEL
20190194,2019,INTERNAL_CORROSION,UNKNOWN,CARBON STEEL
20190196,2019,INTERNAL_CORROSION,1995,CARBON STEEL
20190197,2019,MECHANICAL_DAMAGE,2019,CARBON STEEL
20190198,2019,EXTERNAL_CORROSION,1950,CARBON STEEL
20190199,2019,MECHANICAL_DAMAGE,2018,MATERIAL OTHER THAN CARBON STEEL
20190200,2019,MECHANICAL_DAMAGE,UNKNOWN,CARBON STEEL
20190201,2019,MECHANICAL_DAMAGE,UNKNOWN,CARBON STEEL
20190202,2019,MECHANICAL_DAMAGE,2018,MATERIAL OTHER THAN CARBON STEEL
20190203,2019,OTHER,2018,CARBON STEEL
20190204,2019,MECHANICAL_DAMAGE,2012,MATERIAL OTHER THAN CARBON STEEL
20190205,2019,INTERNAL_CORROSION,UNKNOWN,CARBON STEEL
20190206,2019,MATERIAL_FAILURE,2018,CARBON STEEL
20190207,2019,MECHANICAL_DAMAGE,2005,CARBON STEEL
20190208,2019,OTHER,2000,CARBON STEEL
20190209,2019,OTHER,UNKNOWN,CARBON STEEL
20190210,2019,MECHANICAL_DAMAGE,UNKNOWN,CARBON STEEL
20190211,2019,MECHANICAL_DAMAGE,2019,MATERIAL OTHER THAN CARBON STEEL
20190212,2019,MECHANICAL_DAMAGE,UNKNOWN,CARBON STEEL
20190213,2019,MECHANICAL_DAMAGE,UNKNOWN,MATERIAL OTHER THAN CARBON STEEL
20190214,2019,MECHANICAL_DAMAGE,UNKNOWN,CARBON STEEL
20190215,2019,MECHANICAL_DAMAGE,2019,MATERIAL OTHER THAN CARBON STEEL
20190216,2019,MECHANICAL_DAMAGE,2013,CARBON STEEL
20190217,2019,MECHANICAL_DAMAGE,1952,CARBON STEEL
20190219,2019,OTHER,2016,CARBON STEEL
20190220,2019,MECHANICAL_DAMAGE,2007,CARBON STEEL
20190221,2019,MECHANICAL_DAMAGE,1944,CARBON STEEL
20190222,2019,OTHER,UNKNOWN,CARBON STEEL
20190223,2019,INTERNAL_CORROSION,1997,CARBON STEEL
20190224,2019,MECHANICAL_DAMAGE,2019,CARBON STEEL
20190225,2019,OTHER,UNKNOWN,MATERIAL OTHER THAN CARBON STEEL
20190226,2019,OTHER,UNKNOWN,CARBON STEEL
20190227,2019,EXTERNAL_CORROSION,UNKNOWN,CARBON STEEL
20190228,2019,MECHANICAL_DAMAGE,2019,MATERIAL OTHER THAN CARBON STEEL
20190229,2019,MECHANICAL_DAMAGE,1992,MATERIAL OTHER THAN CARBON STEEL
20190230,2019,INTERNAL_CORROSION,1947,CARBON STEEL
20190231,2019,OTHER,2013,CARBON STEEL
20190232,2019,MECHANICAL_DAMAGE,2017,CARBON STEEL
20190233,2019,MECHANICAL_DAMAGE,2016,MATERIAL OTHER THAN CARBON STEEL
20190234,2019,MECHANICAL_DAMAGE,1992,CARBON STEEL
20190235,2019,OTHER,1973,CARBON STEEL
20190236,2019,OTHER,2012,CARBON STEEL
20190237,2019,MECHANICAL_DAMAGE,2018,CARBON STEEL
20190238,2019,MECHANICAL_DAMAGE,2015,MATERIAL OTHER THAN CARBON STEEL
20190239,2019,MECHANICAL_DAMAGE,2019,MATERIAL OTHER THAN CARBON STEEL
20190240,2019,INTERNAL_CORROSION,UNKNOWN,CARBON STEEL
20190241,2019,OTHER,2012,CARBON STEEL
20190242,2019,MECHANICAL_DAMAGE,1970,CARBON STEEL
20190243,2019,EXTERNAL_CORROSION,1955,CARBON STEEL
20190244,2019,INTERNAL_CORROSION,2016,CARBON STEEL
20190245,2019,MECHANICAL_DAMAGE,2012,MATERIAL OTHER THAN CARBON STEEL
20190246,2019,MECHANICAL_DAMAGE,1942,CARBON STEEL
20190247,2019,INTERNAL_CORROSION,1949,CARBON STEEL
20190248,2019,OTHER,1998,CARBON STEEL
20190249,2019,MECHANICAL_DAMAGE,2018,CARBON STEEL
20190250,2019,OTHER,UNKNOWN,CARBON STEEL
20190251,2019,MATERIAL_FAILURE,2019,CARBON STEEL
20190252,2019,MECHANICAL_DAMAGE,2019,MATERIAL OTHER THAN CARBON STEEL
20190253,2019,OTHER,UNKNOWN,CARBON STEEL
20190254,2019,INTERNAL_CORROSION,2011,CARBON STEEL
20190255,2019,MECHANICAL_DAMAGE,UNKNOWN,CARBON STEEL
20190256,2019,EXTERNAL_CORROSION,1955,CARBON STEEL
20190257,2019,OTHER,2013,CARBON STEEL
20190258,2019,EXTERNAL_CORROSION,UNKNOWN,CARBON STEEL
20190260,2019,INTERNAL_CORROSION,1967,CARBON STEEL
20190261,2019,MECHANICAL_DAMAGE,1963,CARBON STEEL
20190262,2019,MECHANICAL_DAMAGE,2019,MATERIAL OTHER THAN CARBON STEEL
20190263,2019,MECHANICAL_DAMAGE,2019,MATERIAL OTHER THAN CARBON STEEL
20190264,2019,MECHANICAL_DAMAGE,UNKNOWN,CARBON STEEL
20190265,2019,MECHANICAL_DAMAGE,2017,MATERIAL OTHER THAN CARBON STEEL
20190266,2019,INTERNAL_CORROSION,2015,CARBON STEEL
20190267,2019,OTHER,UNKNOWN,MATERIAL OTHER THAN CARBON STEEL
20190268,2019,MECHANICAL_DAMAGE,1965,CARBON STEEL
20190269,2019,MECHANICAL_DAMAGE,2010,MATERIAL OTHER THAN CARBON STEEL
20190270,2019,OTHER,UNKNOWN,CARBON STEEL
20190271,2019,MECHANICAL_DAMAGE,UNKNOWN,CARBON STEEL
20190273,2019,MECHANICAL_DAMAGE,UNKNOWN,MATERIAL OTHER THAN CARBON STEEL
20190274,2019,MECHANICAL_DAMAGE,2014,MATERIAL OTHER THAN CARBON STEEL
20190275,2019,MECHANICAL_DAMAGE,2019,CARBON STEEL
20190276,2019,MECHANICAL_DAMAGE,2019,CARBON STEEL
20190277,2019,MECHANICAL_DAMAGE,1979,MATERIAL OTHER THAN CARBON STEEL
20190278,2019,INTERNAL_CORROSION,2012,CARBON STEEL
20190279,2019,INTERNAL_CORROSION,UNKNOWN,CARBON STEEL
20190280,2019,MATERIAL_FAILURE,2012,CARBON STEEL
20190282,2019,OTHER,1971,CARBON STEEL
20190283,2019,MECHANICAL_DAMAGE,2019,CARBON STEEL
20190284,2019,MECHANICAL_DAMAGE,UNKNOWN,MATERIAL OTHER THAN CARBON STEEL
20190285,2019,EXTERNAL_CORROSION,1959,CARBON STEEL
20190286,2019,OTHER,2013,CARBON STEEL
20190287,2019,MECHANICAL_DAMAGE,2015,MATERIAL OTHER THAN CARBON STEEL
20190288,2019,MECHANICAL_DAMAGE,2019,CARBON STEEL
20190289,2019,MECHANICAL_DAMAGE,2012,MATERIAL OTHER THAN CARBON STEEL
20190290,2019,INTERNAL_CORROSION,2010,CARBON STEEL
20190291,2019,OTHER,UNKNOWN,CARBON STEEL
20190292,2019,MECHANICAL_DAMAGE,1966,CARBON STEEL
20190293,2019,OTHER,UNKNOWN,CARBON STEEL
20190294,2019,MECHANICAL_DAMAGE,2019,CARBON STEEL
20190295,2019,MECHANICAL_DAMAGE,2018,MATERIAL OTHER THAN CARBON STEEL
20190296,2019,INTERNAL_CORROSION,1989,CARBON STEEL
20190297,2019,EXTERNAL_CORROSION,1971,CARBON STEEL
20190298,2019,MATERIAL_FAILURE,UNKNOWN,CARBON STEEL
20190299,2019,INTERNAL_CORROSION,1931,CARBON STEEL
20190300,2019,MECHANICAL_DAMAGE,2019,MATERIAL OTHER THAN CARBON STEEL
20190301,2019,EXTERNAL_CORROSION,UNKNOWN,CARBON STEEL
20190302,2019,MATERIAL_FAILURE,2017,CARBON STEEL
20190303,2019,MECHANICAL_DAMAGE,2019,CARBON STEEL
20190304,2019,OTHER,2015,CARBON STEEL
20190305,2019,MECHANICAL_DAMAGE,2017,CARBON STEEL
20190306,2019,OTHER,1953,CARBON STEEL
20190307,2019,MECHANICAL_DAMAGE,2012,CARBON STEEL
20190308,2019,OTHER,UNKNOWN,CARBON STEEL
20190309,2019,INTERNAL_CORROSION,2011,CARBON STEEL
20190310,2019,MATERIAL_FAILURE,1980,CARBON STEEL
20190311,2019,INTERNAL_CORROSION,UNKNOWN,CARBON STEEL
20190312,2019,OTHER,2019,CARBON STEEL
20190313,2019,OTHER,UNKNOWN,CARBON STEEL
20190314,2019,OTHER,2013,CARBON STEEL
20190315,2019,OTHER,2017,CARBON STEEL
20190316,2019,MECHANICAL_DAMAGE,2018,CARBON STEEL
20190317,2019,MECHANICAL_DAMAGE,1982,CARBON STEEL
20190318,2019,OTHER,1953,MATERIAL OTHER THAN CARBON STEEL
20190319,2019,EXTERNAL_CORROSION,1955,CARBON STEEL
20190320,2019,OTHER,2007,CARBON STEEL
20190321,2019,MECHANICAL_DAMAGE,2015,CARBON STEEL
20190322,2019,MECHANICAL_DAMAGE,2007,MATERIAL OTHER THAN CARBON STEEL
20190323,2019,MATERIAL_FAILURE,2009,CARBON STEEL
20190324,2019,OTHER,UNKNOWN,CARBON STEEL
20190325,2019,OTHER,1963,CARBON STEEL
20190326,2019,MECHANICAL_DAMAGE,2019,CARBON STEEL
20190327,2019,OTHER,2019,CARBON STEEL
20190328,2019,INTERNAL_CORROSION,UNKNOWN,CARBON STEEL
20190329,2019,MECHANICAL_DAMAGE,2019,CARBON STEEL
20190330,2019,OTHER,2007,CARBON STEEL
20190331,2019,MECHANICAL_DAMAGE,1961,CARBON STEEL
20190332,2019,MECHANICAL_DAMAGE,2015,MATERIAL OTHER THAN CARBON STEEL
20190333,2019,MECHANICAL_DAMAGE,UNKNOWN,CARBON STEEL
20190334,2019,INTERNAL_CORROSION,2012,CARBON STEEL
20190335,2019,MECHANICAL_DAMAGE,1950,MATERIAL OTHER THAN CARBON STEEL
20190336,2019,INTERNAL_CORROSION,UNKNOWN,CARBON STEEL
20190337,2019,MECHANICAL_DAMAGE,2018,CARBON STEEL
20190338,2019,MECHANICAL_DAMAGE,2019,MATERIAL OTHER THAN CARBON STEEL
20190339,2019,INTERNAL_CORROSION,UNKNOWN,CARBON STEEL
20190340,2019,MECHANICAL_DAMAGE,2019,CARBON STEEL
20190341,2019,OTHER,2019,CARBON STEEL
20190342,2019,OTHER,2019,CARBON STEEL
20190343,2019,EXTERNAL_CORROSION,1934,CARBON STEEL
20190344,2019,MECHANICAL_DAMAGE,1965,CARBON STEEL
20190345,2019,INTERNAL_CORROSION,2015,CARBON STEEL
20190346,2019,MECHANICAL_DAMAGE,1962,CARBON STEEL
20190347,2019,MECHANICAL_DAMAGE,1983,CARBON STEEL
20190348,2019,MECHANICAL_DAMAGE,2019,CARBON STEEL
20190349,2019,MECHANICAL_DAMAGE,2009,CARBON STEEL
20190350,2019,OTHER,UNKNOWN,MATERIAL OTHER THAN CARBON STEEL
20190351,2019,MECHANICAL_DAMAGE,2016,CARBON STEEL
20190352,2019,INTERNAL_CORROSION,1962,CARBON STEEL
20190353,2019,INTERNAL_CORROSION,2012,CARBON STEEL
20190354,2019,MECHANICAL_DAMAGE,2019,CARBON STEEL
20190355,2019,MECHANICAL_DAMAGE,UNKNOWN,MATERIAL OTHER THAN CARBON STEEL
20190356,2019,OTHER,2019,CARBON STEEL
20190357,2019,OTHER,1956,CARBON STEEL
20190358,2019,OTHER,UNKNOWN,CARBON STEEL
20190359,2019,MATERIAL_FAILURE,2008,CARBON STEEL
20190360,2019,INTERNAL_CORROSION,2005,CARBON STEEL
20190361,2019,EXTERNAL_CORROSION,1981,CARBON STEEL
20190362,2019,OTHER,2019,MATERIAL OTHER THAN CARBON STEEL
20190363,2019,MECHANICAL_DAMAGE,2019,MATERIAL OTHER THAN CARBON STEEL
20190364,2019,INTERNAL_CORROSION,1951,CARBON STEEL
20190365,2019,MECHANICAL_DAMAGE,2013,CARBON STEEL
20190366,2019,OTHER,UNKNOWN,CARBON STEEL
20190367,2019,OTHER,2019,CARBON STEEL
20190368,2019,EXTERNAL_CORROSION,1959,CARBON STEEL
20190369,2019,MECHANICAL_DAMAGE,1978,MATERIAL OTHER THAN CARBON STEEL
20190370,2019,OTHER,UNKNOWN,CARBON STEEL
20190371,2019,OTHER,1994,CARBON STEEL
20190372,2019,OTHER,UNKNOWN,CARBON STEEL
20190373,2019,MECHANICAL_DAMAGE,2000,CARBON STEEL
20190374,2019,OTHER,2019,CARBON STEEL
20190375,2019,EXTERNAL_CORROSION,1977,CARBON STEEL
20190376,2019,MECHANICAL_DAMAGE,2014,MATERIAL OTHER THAN CARBON STEEL
20190377,2019,MECHANICAL_DAMAGE,1955,CARBON STEEL
20190378,2019,MECHANICAL_DAMAGE,2014,CARBON STEEL
20190379,2019,MECHANICAL_DAMAGE,UNKNOWN,CARBON STEEL
20190380,2019,MECHANICAL_DAMAGE,UNKNOWN,CARBON STEEL
20190381,2019,MATERIAL_FAILURE,UNKNOWN,CARBON STEEL
20190382,2019,OTHER,1958,CARBON STEEL
20190383,2019,OTHER,2012,MATERIAL OTHER THAN CARBON STEEL
20190384,2019,OTHER,1956,CARBON STEEL
20190385,2019,OTHER,1956,CARBON STEEL
20190386,2019,OTHER,2017,CARBON STEEL
20190387,2019,EXTERNAL_CORROSION,1948,CARBON STEEL
20190388,2019,EXTERNAL_CORROSION,1965,CARBON STEEL
20190389,2019,MECHANICAL_DAMAGE,1978,CARBON STEEL
20190390,2019,EXTERNAL_CORROSION,1946,CARBON STEEL
20190391,2019,MECHANICAL_DAMAGE,UNKNOWN,CARBON STEEL
20190392,2019,EXTERNAL_CORROSION,1935,CARBON STEEL
20190393,2019,MECHANICAL_DAMAGE,2014,MATERIAL OTHER THAN CARBON STEEL
20190394,2019,OTHER,UNKNOWN,CARBON STEEL
20190395,2019,OTHER,UNKNOWN,CARBON STEEL
20190396,2019,MATERIAL_FAILURE,1964,CARBON STEEL
20190397,2019,MECHANICAL_DAMAGE,1955,CARBON STEEL
20190398,2019,OTHER,2018,MATERIAL OTHER THAN CARBON STEEL
20200001,2019,OTHER,1980,CARBON STEEL
20200002,2019,MECHANICAL_DAMAGE,2014,CARBON STEEL
20200003,2019,MECHANICAL_DAMAGE,2019,MATERIAL OTHER THAN CARBON STEEL
20200004,2019,MECHANICAL_DAMAGE,2016,MATERIAL OTHER THAN CARBON STEEL
20200005,2019,MECHANICAL_DAMAGE,2019,CARBON STEEL
20200006,2019,MECHANICAL_DAMAGE,1977,MATERIAL OTHER THAN CARBON STEEL
20200007,2019,OTHER,UNKNOWN,MATERIAL OTHER THAN CARBON STEEL
20200008,2019,MECHANICAL_DAMAGE,2019,MATERIAL OTHER THAN CARBON STEEL
20200009,2019,MECHANICAL_DAMAGE,2019,MATERIAL OTHER THAN CARBON STEEL
20200010,2019,OTHER,1950,CARBON STEEL
20200011,2019,OTHER,1971,CARBON STEEL
20200012,2019,OTHER,1989,CARBON STEEL
20200013,2019,MECHANICAL_DAMAGE,UNKNOWN,MATERIAL OTHER THAN CARBON STEEL
20200014,2019,MECHANICAL_DAMAGE,1999,CARBON STEEL
20200015,2019,OTHER,UNKNOWN,CARBON STEEL
20200016,2019,MECHANICAL_DAMAGE,2016,MATERIAL OTHER THAN CARBON STEEL
20200017,2019,MECHANICAL_DAMAGE,2019,CARBON STEEL
20200018,2020,MECHANICAL_DAMAGE,UNKNOWN,MATERIAL OTHER THAN CARBON STEEL
20200019,2019,OTHER,1942,CARBON STEEL
20200020,2019,MECHANICAL_DAMAGE,UNKNOWN,CARBON STEEL
20200021,2020,MECHANICAL_DAMAGE,2014,CARBON STEEL
20200022,2020,INTERNAL_CORROSION,UNKNOWN,CARBON STEEL
20200023,2019,OTHER,2019,CARBON STEEL
20200024,2020,MECHANICAL_DAMAGE,2017,CARBON STEEL
20200025,2020,MATERIAL_FAILURE,1991,CARBON STEEL
20200026,2020,OTHER,2019,CARBON STEEL
20200027,2020,MECHANICAL_DAMAGE,UNKNOWN,CARBON STEEL
20200028,2020,MECHANICAL_DAMAGE,2017,CARBON STEEL
20200029,2020,MECHANICAL_DAMAGE,2019,CARBON STEEL
20200030,2020,MECHANICAL_DAMAGE,1980,CARBON STEEL
20200031,2020,OTHER,2020,CARBON STEEL
20200032,2020,OTHER,1960,CARBON STEEL
20200033,2020,MECHANICAL_DAMAGE,2013,MATERIAL OTHER THAN CARBON STEEL
20200034,2019,MECHANICAL_DAMAGE,UNKNOWN,MATERIAL OTHER THAN CARBON STEEL
20200035,2020,EXTERNAL_CORROSION,UNKNOWN,CARBON STEEL
20200036,2020,MECHANICAL_DAMAGE,UNKNOWN,MATERIAL OTHER THAN CARBON STEEL
20200037,2020,EXTERNAL_CORROSION,1944,CARBON STEEL
20200038,2020,MECHANICAL_DAMAGE,2006,CARBON STEEL
20200039,2020,MECHANICAL_DAMAGE,2012,MATERIAL OTHER THAN CARBON STEEL
20200040,2020,OTHER,2019,CARBON STEEL
20200041,2020,MECHANICAL_DAMAGE,2019,CARBON STEEL
20200042,2020,MECHANICAL_DAMAGE,2014,CARBON STEEL
20200043,2020,MECHANICAL_DAMAGE,UNKNOWN,CARBON STEEL
20200044,2020,MECHANICAL_DAMAGE,2019,CARBON STEEL
20200045,2020,EXTERNAL_CORROSION,2015,CARBON STEEL
20200046,2020,MECHANICAL_DAMAGE,2019,CARBON STEEL
20200047,2020,MECHANICAL_DAMAGE,2012,MATERIAL OTHER THAN CARBON STEEL
20200048,2020,MECHANICAL_DAMAGE,2003,MATERIAL OTHER THAN CARBON STEEL
20200050,2020,MECHANICAL_DAMAGE,2017,CARBON STEEL
20200051,2020,MATERIAL_FAILURE,1969,CARBON STEEL
20200052,2020,INTERNAL_CORROSION,2013,CARBON STEEL
20200053,2020,MECHANICAL_DAMAGE,1960,CARBON STEEL
20200054,2020,OTHER,1972,CARBON STEEL
20200055,2020,MATERIAL_FAILURE,1957,CARBON STEEL
20200056,2020,MECHANICAL_DAMAGE,2019,MATERIAL OTHER THAN CARBON STEEL
20200057,2020,MECHANICAL_DAMAGE,1942,CARBON STEEL
20200058,2020,MECHANICAL_DAMAGE,2020,CARBON STEEL
20200059,2020,MECHANICAL_DAMAGE,2011,MATERIAL OTHER THAN CARBON STEEL
20200060,2020,MECHANICAL_DAMAGE,2004,MATERIAL OTHER THAN CARBON STEEL
20200061,2020,MECHANICAL_DAMAGE,1994,MATERIAL OTHER THAN CARBON STEEL
20200062,2020,MATERIAL_FAILURE,2019,CARBON STEEL
20200063,2020,OTHER,UNKNOWN,MATERIAL OTHER THAN CARBON STEEL
20200064,2020,OTHER,2007,CARBON STEEL
20200065,2020,MECHANICAL_DAMAGE,2019,MATERIAL OTHER THAN CARBON STEEL
20200066,2020,MECHANICAL_DAMAGE,2012,MATERIAL OTHER THAN CARBON STEEL
20200067,2020,MECHANICAL_DAMAGE,1972,CARBON STEEL
20200068,2020,OTHER,2018,MATERIAL OTHER THAN CARBON STEEL
20200070,2020,OTHER,1971,CARBON STEEL
20200071,2020,INTERNAL_CORROSION,2012,CARBON STEEL
20200072,2020,OTHER,UNKNOWN,CARBON STEEL
20200073,2020,MATERIAL_FAILURE,1941,CARBON STEEL
20200074,2020,MECHANICAL_DAMAGE,UNKNOWN,CARBON STEEL
20200075,2020,MECHANICAL_DAMAGE,1978,CARBON STEEL
20200076,2020,MECHANICAL_DAMAGE,UNKNOWN,CARBON STEEL
20200077,2020,MECHANICAL_DAMAGE,2018,MATERIAL OTHER THAN CARBON STEEL
20200078,2020,MECHANICAL_DAMAGE,1997,MATERIAL OTHER THAN CARBON STEEL
20200079,2020,MECHANICAL_DAMAGE,2011,CARBON STEEL
20200080,2020,MECHANICAL_DAMAGE,2019,MATERIAL OTHER THAN CARBON STEEL
20200081,2020,OTHER,UNKNOWN,CARBON STEEL
20200082,2020,MECHANICAL_DAMAGE,2011,MATERIAL OTHER THAN CARBON STEEL
20200083,2020,OTHER,2009,CARBON STEEL
20200084,2020,OTHER,1970,CARBON STEEL
20200085,2020,OTHER,2019,CARBON STEEL
20200086,2020,MECHANICAL_DAMAGE,UNKNOWN,CARBON STEEL
20200087,2020,OTHER,2009,CARBON STEEL
20200088,2020,INTERNAL_CORROSION,UNKNOWN,CARBON STEEL
20200089,2020,OTHER,2020,CARBON STEEL
20200090,2020,OTHER,2020,CARBON STEEL
20200091,2020,INTERNAL_CORROSION,UNKNOWN,CARBON STEEL
20200092,2020,MECHANICAL_DAMAGE,1997,CARBON STEEL
20200093,2020,OTHER,2018,CARBON STEEL
20200094,2020,MECHANICAL_DAMAGE,2016,CARBON STEEL
20200095,2020,MECHANICAL_DAMAGE,UNKNOWN,CARBON STEEL
20200096,2020,OTHER,2014,CARBON STEEL
20200097,2020,OTHER,2019,MATERIAL OTHER THAN CARBON STEEL
20200098,2020,OTHER,UNKNOWN,MATERIAL OTHER THAN CARBON STEEL
20200099,2020,OTHER,2019,CARBON STEEL
20200100,2020,MECHANICAL_DAMAGE,2014,CARBON STEEL
20200101,2020,MATERIAL_FAILURE,1950,CARBON STEEL
20200102,2020,MECHANICAL_DAMAGE,1995,CARBON STEEL
20200103,2020,MATERIAL_FAILURE,1970,CARBON STEEL
20200104,2020,MECHANICAL_DAMAGE,2019,CARBON STEEL
20200105,2020,MECHANICAL_DAMAGE,2014,CARBON STEEL
20200106,2020,INTERNAL_CORROSION,2014,CARBON STEEL
20200107,2020,MATERIAL_FAILURE,1962,CARBON STEEL
20200108,2020,MECHANICAL_DAMAGE,2019,CARBON STEEL
20200109,2020,INTERNAL_CORROSION,1929,CARBON STEEL
20200110,2020,MECHANICAL_DAMAGE,1955,CARBON STEEL
20200111,2020,INTERNAL_CORROSION,1990,CARBON STEEL
20200112,2020,MECHANICAL_DAMAGE,1941,CARBON STEEL
20200113,2020,EXTERNAL_CORROSION,UNKNOWN,CARBON STEEL
20200114,2020,INTERNAL_CORROSION,2013,CARBON STEEL
20200115,2020,MECHANICAL_DAMAGE,2017,CARBON STEEL
20200116,2020,OTHER,2009,CARBON STEEL
20200117,2020,EXTERNAL_CORROSION,1942,CARBON STEEL
20200118,2020,OTHER,2019,MATERIAL OTHER THAN CARBON STEEL
20200119,2020,MATERIAL_FAILURE,2013,CARBON STEEL
20200120,2020,EXTERNAL_CORROSION,1952,CARBON STEEL
20200121,2020,MECHANICAL_DAMAGE,UNKNOWN,CARBON STEEL
20200123,2020,EXTERNAL_CORROSION,1936,CARBON STEEL
20200124,2020,OTHER,2012,CARBON STEEL
20200125,2020,EXTERNAL_CORROSION,1977,CARBON STEEL
20200126,2020,MATERIAL_FAILURE,1971,CARBON STEEL
20200127,2020,MECHANICAL_DAMAGE,2016,MATERIAL OTHER THAN CARBON STEEL
20200128,2020,MECHANICAL_DAMAGE,1980,CARBON STEEL
20200129,2020,MECHANICAL_DAMAGE,1962,CARBON STEEL
20200130,2020,INTERNAL_CORROSION,2017,CARBON STEEL
20200131,2020,MECHANICAL_DAMAGE,UNKNOWN,CARBON STEEL
20200133,2020,MECHANICAL_DAMAGE,UNKNOWN,CARBON STEEL
20200134,2020,INTERNAL_CORROSION,UNKNOWN,CARBON STEEL
20200135,2020,OTHER,UNKNOWN,CARBON STEEL
20200137,2020,OTHER,1986,CARBON STEEL
20200139,2020,INTERNAL_CORROSION,1953,CARBON STEEL
20200140,2020,INTERNAL_CORROSION,1984,CARBON STEEL
20200141,2020,OTHER,2020,CARBON STEEL
20200142,2020,MECHANICAL_DAMAGE,2019,CARBON STEEL
20200143,2020,INTERNAL_CORROSION,2014,CARBON STEEL
20200144,2020,MECHANICAL_DAMAGE,2019,MATERIAL OTHER THAN CARBON STEEL
20200145,2020,MECHANICAL_DAMAGE,UNKNOWN,CARBON STEEL
20200146,2020,MECHANICAL_DAMAGE,1989,CARBON STEEL
20200147,2020,MECHANICAL_DAMAGE,UNKNOWN,CARBON STEEL
20200148,2020,MECHANICAL_DAMAGE,1970,CARBON STEEL
20200149,2020,OTHER,2020,CARBON STEEL
20200150,2020,OTHER,2018,CARBON STEEL
20200151,2020,OTHER,1970,CARBON STEEL
20200152,2020,OTHER,2020,CARBON STEEL
20200153,2020,MECHANICAL_DAMAGE,2019,MATERIAL OTHER THAN CARBON STEEL
20200154,2020,INTERNAL_CORROSION,2012,CARBON STEEL
20200155,2020,MECHANICAL_DAMAGE,2008,MATERIAL OTHER THAN CARBON STEEL
20200156,2020,MECHANICAL_DAMAGE,2011,CARBON STEEL
20200157,2020,MECHANICAL_DAMAGE,UNKNOWN,CARBON STEEL
20200158,2020,OTHER,2020,MATERIAL OTHER THAN CARBON STEEL
20200159,2020,INTERNAL_CORROSION,1995,CARBON STEEL
20200160,2020,OTHER,2014,CARBON STEEL
20200161,2020,MECHANICAL_DAMAGE,2019,MATERIAL OTHER THAN CARBON STEEL
20200162,2020,MECHANICAL_DAMAGE,2018,CARBON STEEL
20200163,2020,OTHER,2019,CARBON STEEL
20200164,2020,OTHER,2019,CARBON STEEL
20200165,2020,OTHER,2015,CARBON STEEL
20200166,2020,INTERNAL_CORROSION,2014,CARBON STEEL
20200167,2020,OTHER,1997,CARBON STEEL
20200168,2020,MECHANICAL_DAMAGE,2013,CARBON STEEL
20200169,2020,MECHANICAL_DAMAGE,2008,CARBON STEEL
20200170,2020,OTHER,UNKNOWN,MATERIAL OTHER THAN CARBON STEEL
20200172,2020,MECHANICAL_DAMAGE,2019,MATERIAL OTHER THAN CARBON STEEL
20200173,2020,OTHER,2015,MATERIAL OTHER THAN CARBON STEEL
20200174,2020,MECHANICAL_DAMAGE,2016,MATERIAL OTHER THAN CARBON STEEL
20200175,2020,OTHER,UNKNOWN,CARBON STEEL
20200176,2020,MECHANICAL_DAMAGE,1950,CARBON STEEL
20200177,2020,MECHANICAL_DAMAGE,2015,CARBON STEEL
20200178,2020,MECHANICAL_DAMAGE,2017,MATERIAL OTHER THAN CARBON STEEL
20200179,2020,MECHANICAL_DAMAGE,1993,CARBON STEEL
20200180,2020,OTHER,1968,CARBON STEEL
20200181,2020,MECHANICAL_DAMAGE,1991,MATERIAL OTHER THAN CARBON STEEL
20200182,2020,MECHANICAL_DAMAGE,2018,MATERIAL OTHER THAN CARBON STEEL
20200183,2020,MECHANICAL_DAMAGE,2020,CARBON STEEL
20200184,2020,MECHANICAL_DAMAGE,1965,CARBON STEEL
20200185,2020,MECHANICAL_DAMAGE,UNKNOWN,MATERIAL OTHER THAN CARBON STEEL
20200186,2020,MECHANICAL_DAMAGE,2015,CARBON STEEL
20200187,2020,EXTERNAL_CORROSION,1975,CARBON STEEL
20200188,2020,EXTERNAL_CORROSION,2019,CARBON STEEL
20200189,2020,MECHANICAL_DAMAGE,1962,CARBON STEEL
20200190,2020,MECHANICAL_DAMAGE,2008,MATERIAL OTHER THAN CARBON STEEL
20200191,2020,MECHANICAL_DAMAGE,1979,CARBON STEEL
20200192,2020,INTERNAL_CORROSION,UNKNOWN,CARBON STEEL
20200193,2020,MECHANICAL_DAMAGE,2020,CARBON STEEL
20200194,2020,MECHANICAL_DAMAGE,UNKNOWN,MATERIAL OTHER THAN CARBON STEEL
20200195,2020,MATERIAL_FAILURE,1970,CARBON STEEL
20200196,2020,MATERIAL_FAILURE,1970,CARBON STEEL
20200197,2020,MECHANICAL_DAMAGE,1970,MATERIAL OTHER THAN CARBON STEEL
20200198,2020,MECHANICAL_DAMAGE,2015,CARBON STEEL
20200199,2020,MECHANICAL_DAMAGE,2009,MATERIAL OTHER THAN CARBON STEEL
20200200,2020,MECHANICAL_DAMAGE,1991,CARBON STEEL
20200201,2020,MECHANICAL_DAMAGE,2002,CARBON STEEL
20200202,2020,EXTERNAL_CORROSION,1972,CARBON STEEL
20200203,2020,MECHANICAL_DAMAGE,1976,CARBON STEEL
20200204,2020,INTERNAL_CORROSION,1977,CARBON STEEL
20200205,2020,MECHANICAL_DAMAGE,1983,CARBON STEEL
20200206,2020,MECHANICAL_DAMAGE,2012,MATERIAL OTHER THAN CARBON STEEL
20200207,2020,MECHANICAL_DAMAGE,2019,CARBON STEEL
20200208,2020,MECHANICAL_DAMAGE,1986,CARBON STEEL
20200209,2020,MECHANICAL_DAMAGE,2012,CARBON STEEL
20200210,2020,MECHANICAL_DAMAGE,2007,MATERIAL OTHER THAN CARBON STEEL
20200211,2020,OTHER,1952,CARBON STEEL
20200212,2020,INTERNAL_CORROSION,UNKNOWN,CARBON STEEL
20200213,2020,MECHANICAL_DAMAGE,1972,CARBON STEEL
20200214,2020,OTHER,2013,CARBON STEEL
20200215,2020,MECHANICAL_DAMAGE,1971,CARBON STEEL
20200216,2020,MECHANICAL_DAMAGE,2016,MATERIAL OTHER THAN CARBON STEEL
20200217,2020,INTERNAL_CORROSION,1998,CARBON STEEL
20200218,2020,INTERNAL_CORROSION,1973,CARBON STEEL
20200219,2020,EXTERNAL_CORROSION,1971,CARBON STEEL
20200220,2020,OTHER,1979,CARBON STEEL
20200221,2020,MECHANICAL_DAMAGE,2018,MATERIAL OTHER THAN CARBON STEEL
20200222,2020,MECHANICAL_DAMAGE,1955,CARBON STEEL
20200223,2020,MECHANICAL_DAMAGE,UNKNOWN,CARBON STEEL
20200224,2020,MECHANICAL_DAMAGE,UNKNOWN,CARBON STEEL
20200225,2020,OTHER,2016,CARBON STEEL
20200227,2020,MECHANICAL_DAMAGE,2020,CARBON STEEL
20200228,2020,MECHANICAL_DAMAGE,1995,CARBON STEEL
20200229,2020,INTERNAL_CORROSION,1996,CARBON STEEL
20200230,2020,OTHER,1964,MATERIAL OTHER THAN CARBON STEEL
20200231,2020,MECHANICAL_DAMAGE,2018,MATERIAL OTHER THAN CARBON STEEL
20200232,2020,OTHER,2001,MATERIAL OTHER THAN CARBON STEEL
20200233,2020,MECHANICAL_DAMAGE,1981,CARBON STEEL
20200234,2020,MECHANICAL_DAMAGE,2015,CARBON STEEL
20200235,2020,INTERNAL_CORROSION,1952,CARBON STEEL
20200236,2020,MECHANICAL_DAMAGE,2009,CARBON STEEL
20200237,2020,MECHANICAL_DAMAGE,1981,CARBON STEEL
20200238,2020,MECHANICAL_DAMAGE,2020,CARBON STEEL
20200239,2020,OTHER,2003,MATERIAL OTHER THAN CARBON STEEL
20200240,2020,MECHANICAL_DAMAGE,UNKNOWN,MATERIAL OTHER THAN CARBON STEEL
20200241,2020,MECHANICAL_DAMAGE,2006,CARBON STEEL
20200242,2020,MECHANICAL_DAMAGE,UNKNOWN,MATERIAL OTHER THAN CARBON STEEL
20200243,2020,INTERNAL_CORROSION,2015,CARBON STEEL
20200244,2020,EXTERNAL_CORROSION,1956,CARBON STEEL
20200245,2020,OTHER,UNKNOWN,CARBON STEEL
20200246,2020,INTERNAL_CORROSION,1939,CARBON STEEL
20200247,2020,INTERNAL_CORROSION,UNKNOWN,CARBON STEEL
20200248,2020,OTHER,2020,CARBON STEEL
20200249,2020,OTHER,1951,CARBON STEEL
20200250,2020,OTHER,1971,CARBON STEEL
20200251,2020,INTERNAL_CORROSION,2000,CARBON STEEL
20200252,2020,EXTERNAL_CORROSION,2000,CARBON STEEL
20200253,2020,MATERIAL_FAILURE,1978,CARBON STEEL
20200254,2020,MECHANICAL_DAMAGE,2018,CARBON STEEL
20200255,2020,MECHANICAL_DAMAGE,2020,MATERIAL OTHER THAN CARBON STEEL
20200256,2020,MECHANICAL_DAMAGE,1968,CARBON STEEL
20200257,2020,OTHER,UNKNOWN,CARBON STEEL
20200258,2020,MECHANICAL_DAMAGE,2020,MATERIAL OTHER THAN CARBON STEEL
20200259,2020,INTERNAL_CORROSION,1956,CARBON STEEL
20200260,2020,MECHANICAL_DAMAGE,1971,MATERIAL OTHER THAN CARBON STEEL
20200261,2020,MECHANICAL_DAMAGE,1984,CARBON STEEL
20200262,2019,MECHANICAL_DAMAGE,2007,CARBON STEEL
20200263,2020,MATERIAL_FAILURE,1954,CARBON STEEL
20200264,2020,OTHER,2016,CARBON STEEL
20200265,2020,INTERNAL_CORROSION,1982,CARBON STEEL
20200266,2020,MECHANICAL_DAMAGE,2020,CARBON STEEL
20200267,2020,MECHANICAL_DAMAGE,2016,MATERIAL OTHER THAN CARBON STEEL
20200268,2020,MECHANICAL_DAMAGE,UNKNOWN,CARBON STEEL
20200269,2020,MECHANICAL_DAMAGE,2015,CARBON STEEL
20200270,2020,MECHANICAL_DAMAGE,2007,CARBON STEEL
20200271,2020,MATERIAL_FAILURE,1956,CARBON STEEL
20200272,2020,EXTERNAL_CORROSION,1946,CARBON STEEL
20200273,2020,INTERNAL_CORROSION,1979,CARBON STEEL
20200274,2020,MECHANICAL_DAMAGE,2019,MATERIAL OTHER THAN CARBON STEEL
20200275,2020,MECHANICAL_DAMAGE,2007,MATERIAL OTHER THAN CARBON STEEL
20200276,2020,OTHER,1970,CARBON STEEL
20200277,2020,INTERNAL_CORROSION,1929,CARBON STEEL
20200278,2020,EXTERNAL_CORROSION,1975,CARBON STEEL
20200279,2020,MECHANICAL_DAMAGE,1995,MATERIAL OTHER THAN CARBON STEEL
20200280,2020,MECHANICAL_DAMAGE,2020,MATERIAL OTHER THAN CARBON STEEL
20200281,2020,MECHANICAL_DAMAGE,2014,MATERIAL OTHER THAN CARBON STEEL
20200282,2020,MECHANICAL_DAMAGE,UNKNOWN,CARBON STEEL
20200283,2020,MECHANICAL_DAMAGE,2018,MATERIAL OTHER THAN CARBON STEEL
20200284,2020,MECHANICAL_DAMAGE,2019,MATERIAL OTHER THAN CARBON STEEL
20200285,2020,EXTERNAL_CORROSION,1980,CARBON STEEL
20200286,2020,MECHANICAL_DAMAGE,2016,CARBON STEEL
20200287,2020,OTHER,1995,CARBON STEEL
20200288,2020,MECHANICAL_DAMAGE,2019,MATERIAL OTHER THAN CARBON STEEL
20200289,2020,MECHANICAL_DAMAGE,1955,CARBON STEEL
20200290,2020,MECHANICAL_DAMAGE,2019,CARBON STEEL
20200291,2020,MECHANICAL_DAMAGE,2019,MATERIAL OTHER THAN CARBON STEEL
20200292,2020,MECHANICAL_DAMAGE,1981,CARBON STEEL
20200293,2020,OTHER,2020,CARBON STEEL
20200294,2020,EXTERNAL_CORROSION,1995,CARBON STEEL
20200295,2020,MECHANICAL_DAMAGE,2020,CARBON STEEL
20200296,2020,OTHER,1956,CARBON STEEL
20200297,2020,INTERNAL_CORROSION,UNKNOWN,CARBON STEEL
20200298,2020,MECHANICAL_DAMAGE,2011,MATERIAL OTHER THAN CARBON STEEL
20200299,2020,OTHER,UNKNOWN,CARBON STEEL
20200300,2020,MECHANICAL_DAMAGE,2009,CARBON STEEL
20200301,2020,EXTERNAL_CORROSION,1957,CARBON STEEL
20200302,2020,OTHER,1995,CARBON STEEL
20200303,2020,MECHANICAL_DAMAGE,2000,MATERIAL OTHER THAN CARBON STEEL
20200304,2020,MECHANICAL_DAMAGE,2019,MATERIAL OTHER THAN CARBON STEEL
20200305,2020,MECHANICAL_DAMAGE,2016,CARBON STEEL
20200306,2020,EXTERNAL_CORROSION,1956,CARBON STEEL
20200307,2020,INTERNAL_CORROSION,2017,CARBON STEEL
20200308,2020,INTERNAL_CORROSION,1970,CARBON STEEL
20200309,2020,MECHANICAL_DAMAGE,2015,MATERIAL OTHER THAN CARBON STEEL
20200310,2020,MECHANICAL_DAMAGE,2013,CARBON STEEL
20200311,2020,MECHANICAL_DAMAGE,2020,CARBON STEEL
20200312,2020,INTERNAL_CORROSION,2015,CARBON STEEL
20200313,2020,MECHANICAL_DAMAGE,UNKNOWN,CARBON STEEL
20200314,2020,MECHANICAL_DAMAGE,2016,MATERIAL OTHER THAN CARBON STEEL
20200315,2020,MECHANICAL_DAMAGE,2020,MATERIAL OTHER THAN CARBON STEEL
20200316,2020,OTHER,2014,CARBON STEEL
20200317,2020,OTHER,2019,MATERIAL OTHER THAN CARBON STEEL
20200318,2020,MECHANICAL_DAMAGE,2016,CARBON STEEL
20200319,2020,MECHANICAL_DAMAGE,1953,CARBON STEEL
20200320,2020,OTHER,UNKNOWN,CARBON STEEL
20200321,2020,MATERIAL_FAILURE,1969,CARBON STEEL
20200322,2020,MECHANICAL_DAMAGE,1960,CARBON STEEL
20200323,2020,MATERIAL_FAILURE,1979,CARBON STEEL
20200324,2020,MECHANICAL_DAMAGE,UNKNOWN,CARBON STEEL
20200325,2020,INTERNAL_CORROSION,2007,CARBON STEEL
20200326,2020,MECHANICAL_DAMAGE,UNKNOWN,CARBON STEEL
20200327,2020,MECHANICAL_DAMAGE,UNKNOWN,CARBON STEEL
20200328,2020,MECHANICAL_DAMAGE,UNKNOWN,CARBON STEEL
20200329,2020,MECHANICAL_DAMAGE,UNKNOWN,MATERIAL OTHER THAN CARBON STEEL
20200330,2020,EXTERNAL_CORROSION,1927,CARBON STEEL
20200331,2020,MECHANICAL_DAMAGE,1941,CARBON STEEL
20200332,2020,MECHANICAL_DAMAGE,2013,CARBON STEEL
20200333,2020,MATERIAL_FAILURE,1988,CARBON STEEL
20200334,2020,MECHANICAL_DAMAGE,2020,MATERIAL OTHER THAN CARBON STEEL
20200335,2020,OTHER,1985,CARBON STEEL
20200336,2020,MECHANICAL_DAMAGE,2020,CARBON STEEL
20200337,2020,INTERNAL_CORROSION,UNKNOWN,CARBON STEEL
20200338,2020,MATERIAL_FAILURE,2014,CARBON STEEL
20200339,2020,OTHER,1976,CARBON STEEL
20200340,2020,EXTERNAL_CORROSION,1966,CARBON STEEL
20200341,2020,MECHANICAL_DAMAGE,2019,CARBON STEEL
20200342,2020,MECHANICAL_DAMAGE,1964,CARBON STEEL
20210001,2020,MECHANICAL_DAMAGE,1971,CARBON STEEL
20210002,2020,OTHER,1980,CARBON STEEL
20210003,2020,MECHANICAL_DAMAGE,1987,MATERIAL OTHER THAN CARBON STEEL
20210004,2020,MECHANICAL_DAMAGE,UNKNOWN,MATERIAL OTHER THAN CARBON STEEL
20210005,2020,INTERNAL_CORROSION,2016,CARBON STEEL
20210006,2020,MATERIAL_FAILURE,1979,CARBON STEEL
20210007,2020,MECHANICAL_DAMAGE,1939,CARBON STEEL
20210008,2020,MECHANICAL_DAMAGE,2016,CARBON STEEL
20210009,2020,MATERIAL_FAILURE,1952,CARBON STEEL
20210010,2020,OTHER,2020,MATERIAL OTHER THAN CARBON STEEL
20210011,2020,INTERNAL_CORROSION,2014,CARBON STEEL
20210012,2020,MECHANICAL_DAMAGE,2014,CARBON STEEL
20210013,2020,MATERIAL_FAILURE,1965,CARBON STEEL
20210014,2020,MECHANICAL_DAMAGE,1991,MATERIAL OTHER THAN CARBON STEEL
20210015,2020,MECHANICAL_DAMAGE,1971,MATERIAL OTHER THAN CARBON STEEL
20210016,2020,INTERNAL_CORROSION,1969,CARBON STEEL
20210017,2021,MECHANICAL_DAMAGE,2020,MATERIAL OTHER THAN CARBON STEEL
20210018,2020,INTERNAL_CORROSION,2015,CARBON STEEL
20210019,2021,OTHER,2009,CARBON STEEL
20210020,2021,MECHANICAL_DAMAGE,2019,CARBON STEEL
20210021,2020,MECHANICAL_DAMAGE,2016,MATERIAL OTHER THAN CARBON STEEL
20210022,2021,INTERNAL_CORROSION,1953,CARBON STEEL
20210023,2020,EXTERNAL_CORROSION,1963,CARBON STEEL
20210024,2021,MECHANICAL_DAMAGE,2019,CARBON STEEL
20210025,2021,INTERNAL_CORROSION,1992,CARBON STEEL
20210026,2021,EXTERNAL_CORROSION,2009,CARBON STEEL
20210027,2021,OTHER,1983,CARBON STEEL
20210028,2021,MATERIAL_FAILURE,1993,CARBON STEEL
20210029,2021,MECHANICAL_DAMAGE,2020,CARBON STEEL
20210030,2021,EXTERNAL_CORROSION,1950,CARBON STEEL
20210031,2021,MECHANICAL_DAMAGE,UNKNOWN,CARBON STEEL
20210032,2021,MECHANICAL_DAMAGE,1957,CARBON STEEL
20210034,2021,OTHER,2009,CARBON STEEL
20210036,2021,MECHANICAL_DAMAGE,UNKNOWN,MATERIAL OTHER THAN CARBON STEEL
20210037,2021,MECHANICAL_DAMAGE,UNKNOWN,CARBON STEEL
20210038,2021,MECHANICAL_DAMAGE,UNKNOWN,CARBON STEEL
20210039,2021,MECHANICAL_DAMAGE,2020,MATERIAL OTHER THAN CARBON STEEL
20210040,2021,MECHANICAL_DAMAGE,1931,CARBON STEEL
20210041,2021,OTHER,2009,MATERIAL OTHER THAN CARBON STEEL
20210042,2021,MECHANICAL_DAMAGE,1988,CARBON STEEL
20210043,2021,OTHER,2020,CARBON STEEL
20210044,2021,MECHANICAL_DAMAGE,UNKNOWN,MATERIAL OTHER THAN CARBON STEEL
20210045,2021,OTHER,1926,CARBON STEEL
20210046,2021,MECHANICAL_DAMAGE,1952,CARBON STEEL
20210047,2021,MECHANICAL_DAMAGE,2015,CARBON STEEL
20210048,2021,EXTERNAL_CORROSION,1973,CARBON STEEL
20210049,2021,EXTERNAL_CORROSION,1927,CARBON STEEL
20210050,2021,EXTERNAL_CORROSION,1959,CARBON STEEL
20210051,2021,MECHANICAL_DAMAGE,UNKNOWN,MATERIAL OTHER THAN CARBON STEEL
20210052,2021,MECHANICAL_DAMAGE,2020,CARBON STEEL
20210053,2021,INTERNAL_CORROSION,UNKNOWN,CARBON STEEL
20210054,2021,EXTERNAL_CORROSION,1972,CARBON STEEL
20210055,2021,MECHANICAL_DAMAGE,1982,MATERIAL OTHER THAN CARBON STEEL
20210056,2021,OTHER,UNKNOWN,CARBON STEEL
20210057,2021,MECHANICAL_DAMAGE,2019,MATERIAL OTHER THAN CARBON STEEL
20210058,2021,MECHANICAL_DAMAGE,2005,MATERIAL OTHER THAN CARBON STEEL
20210059,2021,MECHANICAL_DAMAGE,2014,CARBON STEEL
20210060,2021,OTHER,1949,CARBON STEEL
20210061,2021,MECHANICAL_DAMAGE,2019,CARBON STEEL
20210062,2021,MATERIAL_FAILURE,2016,CARBON STEEL
20210063,2021,MATERIAL_FAILURE,UNKNOWN,CARBON STEEL
20210064,2021,MECHANICAL_DAMAGE,2020,MATERIAL OTHER THAN CARBON STEEL
20210065,2021,EXTERNAL_CORROSION,1989,CARBON STEEL
20210066,2021,MECHANICAL_DAMAGE,UNKNOWN,MATERIAL OTHER THAN CARBON STEEL
20210067,2021,MECHANICAL_DAMAGE,2014,CARBON STEEL
20210068,2021,OTHER,2018,CARBON STEEL
20210069,2021,MECHANICAL_DAMAGE,2008,MATERIAL OTHER THAN CARBON STEEL
20210070,2021,OTHER,2019,CARBON STEEL
20210071,2021,INTERNAL_CORROSION,2015,CARBON STEEL
20210072,2021,OTHER,2013,CARBON STEEL
20210073,2021,MECHANICAL_DAMAGE,1992,MATERIAL OTHER THAN CARBON STEEL
20210074,2021,OTHER,UNKNOWN,CARBON STEEL
20210075,2021,OTHER,UNKNOWN,CARBON STEEL
20210076,2021,MATERIAL_FAILURE,2019,CARBON STEEL
20210077,2021,OTHER,2019,MATERIAL OTHER THAN CARBON STEEL
20210078,2021,OTHER,2019,MATERIAL OTHER THAN CARBON STEEL
20210079,2021,MECHANICAL_DAMAGE,2019,MATERIAL OTHER THAN CARBON STEEL
20210080,2021,OTHER,2020,CARBON STEEL
20210081,2021,MATERIAL_FAILURE,1927,CARBON STEEL
20210082,2021,MECHANICAL_DAMAGE,UNKNOWN,CARBON STEEL
20210083,2021,MECHANICAL_DAMAGE,2014,MATERIAL OTHER THAN CARBON STEEL
20210084,2021,OTHER,2012,CARBON STEEL
20210085,2021,OTHER,UNKNOWN,CARBON STEEL
20210086,2021,OTHER,2021,CARBON STEEL
20210087,2021,MECHANICAL_DAMAGE,1999,CARBON STEEL
20210088,2021,OTHER,2005,MATERIAL OTHER THAN CARBON STEEL
20210089,2021,INTERNAL_CORROSION,1950,CARBON STEEL
20210090,2021,EXTERNAL_CORROSION,1950,CARBON STEEL
20210091,2021,INTERNAL_CORROSION,1972,CARBON STEEL
20210092,2021,MECHANICAL_DAMAGE,2021,MATERIAL OTHER THAN CARBON STEEL
20210093,2021,MECHANICAL_DAMAGE,2011,CARBON STEEL
20210094,2021,OTHER,2020,CARBON STEEL
20210095,2021,INTERNAL_CORROSION,2014,CARBON STEEL
20210096,2021,INTERNAL_CORROSION,UNKNOWN,CARBON STEEL
20210097,2021,OTHER,1974,CARBON STEEL
20210098,2021,OTHER,2018,CARBON STEEL
20210099,2021,OTHER,2019,CARBON STEEL
20210100,2021,OTHER,2014,CARBON STEEL
20210101,2021,OTHER,1960,CARBON STEEL
20210102,2021,OTHER,2019,MATERIAL OTHER THAN CARBON STEEL
20210103,2021,MECHANICAL_DAMAGE,UNKNOWN,CARBON STEEL
20210104,2021,MECHANICAL_DAMAGE,2018,CARBON STEEL
20210105,2021,EXTERNAL_CORROSION,1941,CARBON STEEL
20210106,2021,MECHANICAL_DAMAGE,2012,MATERIAL OTHER THAN CARBON STEEL
20210107,2021,MECHANICAL_DAMAGE,2021,MATERIAL OTHER THAN CARBON STEEL
20210108,2021,INTERNAL_CORROSION,2015,CARBON STEEL
20210109,2021,EXTERNAL_CORROSION,UNKNOWN,CARBON STEEL
20210110,2021,MECHANICAL_DAMAGE,1932,MATERIAL OTHER THAN CARBON STEEL
20210111,2021,INTERNAL_CORROSION,UNKNOWN,CARBON STEEL
20210112,2021,MECHANICAL_DAMAGE,1998,CARBON STEEL
20210113,2021,MECHANICAL_DAMAGE,2020,MATERIAL OTHER THAN CARBON STEEL
20210114,2021,OTHER,1976,CARBON STEEL
20210115,2021,EXTERNAL_CORROSION,1943,CARBON STEEL
20210116,2021,MECHANICAL_DAMAGE,2020,MATERIAL OTHER THAN CARBON STEEL
20210117,2021,EXTERNAL_CORROSION,1965,CARBON STEEL
20210118,2021,MECHANICAL_DAMAGE,2008,CARBON STEEL
20210119,2021,INTERNAL_CORROSION,1984,CARBON STEEL
20210120,2021,INTERNAL_CORROSION,2011,CARBON STEEL
20210121,2021,OTHER,1949,CARBON STEEL
20210122,2021,INTERNAL_CORROSION,UNKNOWN,CARBON STEEL
20210123,2021,INTERNAL_CORROSION,2015,CARBON STEEL
20210124,2021,MECHANICAL_DAMAGE,1984,CARBON STEEL
20210125,2021,MECHANICAL_DAMAGE,1997,CARBON STEEL
20210126,2021,MATERIAL_FAILURE,1952,CARBON STEEL
20210127,2021,OTHER,2019,CARBON STEEL
20210128,2021,OTHER,UNKNOWN,CARBON STEEL
20210129,2021,INTERNAL_CORROSION,2013,CARBON STEEL
20210130,2021,MECHANICAL_DAMAGE,1983,CARBON STEEL
20210131,2021,MECHANICAL_DAMAGE,UNKNOWN,CARBON STEEL
20210132,2021,MECHANICAL_DAMAGE,1998,CARBON STEEL
20210133,2021,MECHANICAL_DAMAGE,1927,CARBON STEEL
20210135,2021,MECHANICAL_DAMAGE,2015,MATERIAL OTHER THAN CARBON STEEL
20210136,2021,INTERNAL_CORROSION,2011,CARBON STEEL
20210137,2021,MATERIAL_FAILURE,UNKNOWN,CARBON STEEL
20210138,2021,MECHANICAL_DAMAGE,2007,CARBON STEEL
20210139,2021,MECHANICAL_DAMAGE,2020,CARBON STEEL
20210140,2021,OTHER,UNKNOWN,CARBON STEEL
20210141,2019,EXTERNAL_CORROSION,UNKNOWN,CARBON STEEL
20210142,2021,MECHANICAL_DAMAGE,2019,CARBON STEEL
20210143,2021,MECHANICAL_DAMAGE,2019,CARBON STEEL
20210144,2021,OTHER,2021,CARBON STEEL
20210145,2021,OTHER,2018,CARBON STEEL
20210146,2021,OTHER,1972,CARBON STEEL
20210147,2021,MECHANICAL_DAMAGE,UNKNOWN,MATERIAL OTHER THAN CARBON STEEL
20210148,2021,EXTERNAL_CORROSION,1963,CARBON STEEL
20210149,2021,MECHANICAL_DAMAGE,UNKNOWN,MATERIAL OTHER THAN CARBON STEEL
20210150,2021,INTERNAL_CORROSION,2015,CARBON STEEL
20210151,2020,OTHER,2015,CARBON STEEL
20210152,2021,MECHANICAL_DAMAGE,2019,MATERIAL OTHER THAN CARBON STEEL
20210153,2021,INTERNAL_CORROSION,2012,CARBON STEEL
20210154,2021,MECHANICAL_DAMAGE,2014,CARBON STEEL
20210155,2021,MECHANICAL_DAMAGE,1970,CARBON STEEL
20210156,2021,MECHANICAL_DAMAGE,2020,MATERIAL OTHER THAN CARBON STEEL
20210157,2021,MECHANICAL_DAMAGE,1953,CARBON STEEL
20210158,2021,MECHANICAL_DAMAGE,UNKNOWN,CARBON STEEL
20210159,2021,INTERNAL_CORROSION,2015,CARBON STEEL
20210160,2021,INTERNAL_CORROSION,2015,CARBON STEEL
20210161,2021,MECHANICAL_DAMAGE,2014,CARBON STEEL
20210162,2021,MECHANICAL_DAMAGE,1971,CARBON STEEL
20210163,2021,OTHER,UNKNOWN,MATERIAL OTHER THAN CARBON STEEL
20210164,2021,INTERNAL_CORROSION,2016,CARBON STEEL
20210165,2021,INTERNAL_CORROSION,1982,CARBON STEEL
20210166,2021,MECHANICAL_DAMAGE,2021,CARBON STEEL
20210167,2021,MECHANICAL_DAMAGE,2020,MATERIAL OTHER THAN CARBON STEEL
20210168,2021,MECHANICAL_DAMAGE,2007,CARBON STEEL
20210170,2021,MECHANICAL_DAMAGE,UNKNOWN,CARBON STEEL
20210171,2021,MECHANICAL_DAMAGE,2016,CARBON STEEL
20210172,2021,OTHER,2018,CARBON STEEL
20210173,2021,OTHER,1956,CARBON STEEL
20210174,2021,INTERNAL_CORROSION,2019,CARBON STEEL
20210175,2021,MECHANICAL_DAMAGE,2019,CARBON STEEL
20210177,2021,INTERNAL_CORROSION,2000,CARBON STEEL
20210178,2021,MECHANICAL_DAMAGE,2014,MATERIAL OTHER THAN CARBON STEEL
20210179,2021,MECHANICAL_DAMAGE,2019,MATERIAL OTHER THAN CARBON STEEL
20210180,2021,MECHANICAL_DAMAGE,1979,CARBON STEEL
20210181,2021,OTHER,2019,CARBON STEEL
20210183,2021,MECHANICAL_DAMAGE,2021,MATERIAL OTHER THAN CARBON STEEL
20210184,2021,OTHER,1960,CARBON STEEL
20210185,2021,MECHANICAL_DAMAGE,2019,MATERIAL OTHER THAN CARBON STEEL
20210186,2021,MECHANICAL_DAMAGE,1968,CARBON STEEL
20210187,2021,MECHANICAL_DAMAGE,1968,CARBON STEEL
20210188,2021,MECHANICAL_DAMAGE,UNKNOWN,CARBON STEEL
20210189,2021,OTHER,1980,CARBON STEEL
20210190,2021,INTERNAL_CORROSION,UNKNOWN,CARBON STEEL
20210191,2021,INTERNAL_CORROSION,2017,CARBON STEEL
20210192,2021,EXTERNAL_CORROSION,1980,CARBON STEEL
20210193,2021,MECHANICAL_DAMAGE,UNKNOWN,CARBON STEEL
20210194,2021,MECHANICAL_DAMAGE,2020,MATERIAL OTHER THAN CARBON STEEL
20210195,2021,INTERNAL_CORROSION,1950,CARBON STEEL
20210196,2021,MECHANICAL_DAMAGE,1948,CARBON STEEL
20210197,2021,INTERNAL_CORROSION,1953,CARBON STEEL
20210198,2021,OTHER,2021,MATERIAL OTHER THAN CARBON STEEL
20210199,2021,MECHANICAL_DAMAGE,2021,MATERIAL OTHER THAN CARBON STEEL
20210200,2021,MECHANICAL_DAMAGE,UNKNOWN,CARBON STEEL
20210201,2021,INTERNAL_CORROSION,1982,CARBON STEEL
20210202,2021,MECHANICAL_DAMAGE,UNKNOWN,CARBON STEEL
20210203,2021,MECHANICAL_DAMAGE,2011,CARBON STEEL
20210204,2021,OTHER,2021,MATERIAL OTHER THAN CARBON STEEL
20210205,2021,INTERNAL_CORROSION,1978,CARBON STEEL
20210206,2021,MATERIAL_FAILURE,1949,CARBON STEEL
20210207,2021,INTERNAL_CORROSION,2014,CARBON STEEL
20210208,2021,INTERNAL_CORROSION,2018,CARBON STEEL
20210209,2021,INTERNAL_CORROSION,1979,CARBON STEEL
20210210,2021,MECHANICAL_DAMAGE,1970,CARBON STEEL
20210211,2021,MECHANICAL_DAMAGE,2012,CARBON STEEL
20210212,2021,OTHER,1983,CARBON STEEL
20210213,2021,OTHER,2013,MATERIAL OTHER THAN CARBON STEEL
20210214,2021,OTHER,2020,MATERIAL OTHER THAN CARBON STEEL
20210215,2021,MECHANICAL_DAMAGE,2021,MATERIAL OTHER THAN CARBON STEEL
20210216,2021,INTERNAL_CORROSION,UNKNOWN,CARBON STEEL
20210217,2021,INTERNAL_CORROSION,2016,CARBON STEEL
20210218,2021,EXTERNAL_CORROSION,UNKNOWN,CARBON STEEL
20210219,2021,MECHANICAL_DAMAGE,UNKNOWN,MATERIAL OTHER THAN CARBON STEEL
20210220,2021,OTHER,2016,CARBON STEEL
20210221,2021,INTERNAL_CORROSION,2012,CARBON STEEL
20210222,2021,MECHANICAL_DAMAGE,1980,CARBON STEEL
20210223,2021,MECHANICAL_DAMAGE,UNKNOWN,MATERIAL OTHER THAN CARBON STEEL
20210224,2021,MECHANICAL_DAMAGE,2008,CARBON STEEL
20210225,2021,INTERNAL_CORROSION,2011,CARBON STEEL
20210226,2021,EXTERNAL_CORROSION,UNKNOWN,CARBON STEEL
20210227,2021,OTHER,2015,CARBON STEEL
20210228,2021,MECHANICAL_DAMAGE,2003,CARBON STEEL
20210229,2021,OTHER,1973,CARBON STEEL
20210230,2021,MATERIAL_FAILURE,1967,CARBON STEEL
20210231,2021,MATERIAL_FAILURE,1932,CARBON STEEL
20210232,2021,INTERNAL_CORROSION,1983,CARBON STEEL
20210233,2021,MECHANICAL_DAMAGE,UNKNOWN,CARBON STEEL
20210234,2021,MECHANICAL_DAMAGE,2013,MATERIAL OTHER THAN CARBON STEEL
20210235,2021,MECHANICAL_DAMAGE,1958,CARBON STEEL
20210236,2021,MECHANICAL_DAMAGE,2021,MATERIAL OTHER THAN CARBON STEEL
20210237,2021,MECHANICAL_DAMAGE,2019,CARBON STEEL
20210238,2021,MECHANICAL_DAMAGE,1991,MATERIAL OTHER THAN CARBON STEEL
20210239,2021,MECHANICAL_DAMAGE,2015,MATERIAL OTHER THAN CARBON STEEL
20210240,2021,OTHER,UNKNOWN,CARBON STEEL
20210241,2021,INTERNAL_CORROSION,1955,CARBON STEEL
20210242,2021,MECHANICAL_DAMAGE,2005,CARBON STEEL
20210243,2021,MECHANICAL_DAMAGE,UNKNOWN,MATERIAL OTHER THAN CARBON STEEL
20210244,2021,OTHER,UNKNOWN,CARBON STEEL
20210245,2021,EXTERNAL_CORROSION,1956,CARBON STEEL
20210246,2021,MECHANICAL_DAMAGE,UNKNOWN,MATERIAL OTHER THAN CARBON STEEL
20210247,2021,MECHANICAL_DAMAGE,2012,CARBON STEEL
20210248,2021,OTHER,2021,CARBON STEEL
20210249,2021,MATERIAL_FAILURE,1987,CARBON STEEL
20210250,2021,MECHANICAL_DAMAGE,UNKNOWN,CARBON STEEL
20210251,2021,MECHANICAL_DAMAGE,1985,CARBON STEEL
20210252,2021,OTHER,1970,CARBON STEEL
20210253,2021,MATERIAL_FAILURE,1950,CARBON STEEL
20210254,2021,INTERNAL_CORROSION,2015,CARBON STEEL
20210255,2021,INTERNAL_CORROSION,1965,CARBON STEEL
20210256,2021,MECHANICAL_DAMAGE,1958,CARBON STEEL
20210257,2021,MECHANICAL_DAMAGE,2019,CARBON STEEL
20210258,2021,EXTERNAL_CORROSION,1967,CARBON STEEL
20210259,2021,INTERNAL_CORROSION,2017,CARBON STEEL
20210260,2021,MECHANICAL_DAMAGE,2019,MATERIAL OTHER THAN CARBON STEEL
20210261,2021,OTHER,2021,MATERIAL OTHER THAN CARBON STEEL
20210262,2021,MECHANICAL_DAMAGE,1991,MATERIAL OTHER THAN CARBON STEEL
20210263,2021,OTHER,2021,CARBON STEEL
20210264,2021,EXTERNAL_CORROSION,1961,CARBON STEEL
20210265,2021,OTHER,UNKNOWN,CARBON STEEL
20210266,2021,OTHER,UNKNOWN,CARBON STEEL
20210267,2021,MATERIAL_FAILURE,1951,CARBON STEEL
20210268,2021,OTHER,UNKNOWN,MATERIAL OTHER THAN CARBON STEEL
20210269,2021,INTERNAL_CORROSION,2016,CARBON STEEL
20210270,2021,EXTERNAL_CORROSION,UNKNOWN,CARBON STEEL
20210271,2021,INTERNAL_CORROSION,2012,CARBON STEEL
20210272,2021,OTHER,1970,CARBON STEEL
20210273,2021,OTHER,1971,CARBON STEEL
20210274,2021,MECHANICAL_DAMAGE,2003,CARBON STEEL
20210275,2021,OTHER,UNKNOWN,MATERIAL OTHER THAN CARBON STEEL
20210276,2021,OTHER,UNKNOWN,CARBON STEEL
20210277,2021,INTERNAL_CORROSION,2016,CARBON STEEL
20210278,2021,OTHER,UNKNOWN,CARBON STEEL
20210279,2021,MECHANICAL_DAMAGE,2011,MATERIAL OTHER THAN CARBON STEEL
20210280,2021,INTERNAL_CORROSION,2012,CARBON STEEL
20210281,2021,OTHER,1980,CARBON STEEL
20210282,2021,MECHANICAL_DAMAGE,1966,CARBON STEEL
20210283,2021,INTERNAL_CORROSION,UNKNOWN,CARBON STEEL
20210284,2021,MECHANICAL_DAMAGE,1963,CARBON STEEL
20210285,2021,MECHANICAL_DAMAGE,UNKNOWN,MATERIAL OTHER THAN CARBON STEEL
20210286,2021,MECHANICAL_DAMAGE,2019,CARBON STEEL
20210287,2021,OTHER,2021,MATERIAL OTHER THAN CARBON STEEL
20210288,2021,MECHANICAL_DAMAGE,UNKNOWN,CARBON STEEL
20210289,2021,MECHANICAL_DAMAGE,1988,CARBON STEEL
20210290,2021,MECHANICAL_DAMAGE,1941,CARBON STEEL
20210292,2021,OTHER,UNKNOWN,CARBON STEEL
20210293,2021,INTERNAL_CORROSION,2016,CARBON STEEL
20210294,2021,EXTERNAL_CORROSION,UNKNOWN,CARBON STEEL
20210295,2021,INTERNAL_CORROSION,1950,CARBON STEEL
20210296,2021,EXTERNAL_CORROSION,UNKNOWN,CARBON STEEL
20210297,2021,INTERNAL_CORROSION,UNKNOWN,CARBON STEEL
20210298,2021,MECHANICAL_DAMAGE,2016,CARBON STEEL
20210299,2021,MECHANICAL_DAMAGE,2013,MATERIAL OTHER THAN CARBON STEEL
20210300,2021,EXTERNAL_CORROSION,UNKNOWN,CARBON STEEL
20210301,2021,INTERNAL_CORROSION,2016,CARBON STEEL
20210302,2021,MECHANICAL_DAMAGE,1969,CARBON STEEL
20210303,2021,EXTERNAL_CORROSION,2003,CARBON STEEL
20210304,2021,INTERNAL_CORROSION,2015,CARBON STEEL
20210305,2021,OTHER,2021,MATERIAL OTHER THAN CARBON STEEL
20210306,2021,OTHER,1976,CARBON STEEL
20210307,2021,MECHANICAL_DAMAGE,2021,CARBON STEEL
20210308,2021,MECHANICAL_DAMAGE,2001,CARBON STEEL
20210309,2021,OTHER,2000,MATERIAL OTHER THAN CARBON STEEL
20210310,2021,OTHER,2021,MATERIAL OTHER THAN CARBON STEEL
20210311,2021,MECHANICAL_DAMAGE,2011,CARBON STEEL
20210312,2021,MECHANICAL_DAMAGE,2018,CARBON STEEL
20210313,2021,MECHANICAL_DAMAGE,2021,MATERIAL OTHER THAN CARBON STEEL
20210314,2021,EXTERNAL_CORROSION,2006,CARBON STEEL
20210315,2021,MECHANICAL_DAMAGE,2011,MATERIAL OTHER THAN CARBON STEEL
20210316,2021,MECHANICAL_DAMAGE,2021,MATERIAL OTHER THAN CARBON STEEL
20210317,2021,OTHER,2020,CARBON STEEL
20210318,2021,MATERIAL_FAILURE,2000,CARBON STEEL
20210319,2021,MECHANICAL_DAMAGE,2018,CARBON STEEL
20210320,2021,MECHANICAL_DAMAGE,UNKNOWN,CARBON STEEL
20210321,2021,MATERIAL_FAILURE,2019,CARBON STEEL
20210322,2021,OTHER,1970,CARBON STEEL
20210323,2021,MECHANICAL_DAMAGE,1974,CARBON STEEL
20210324,2021,MECHANICAL_DAMAGE,2012,CARBON STEEL
20210325,2021,OTHER,2021,CARBON STEEL
20210326,2021,MECHANICAL_DAMAGE,2019,CARBON STEEL
20210327,2021,OTHER,UNKNOWN,CARBON STEEL
20210328,2021,MATERIAL_FAILURE,1965,CARBON STEEL
20210329,2021,MECHANICAL_DAMAGE,UNKNOWN,MATERIAL OTHER THAN CARBON STEEL
20210330,2021,EXTERNAL_CORROSION,2018,CARBON STEEL
20210331,2021,INTERNAL_CORROSION,2018,CARBON STEEL
20210332,2021,OTHER,2021,CARBON STEEL
20210333,2021,MECHANICAL_DAMAGE,2017,MATERIAL OTHER THAN CARBON STEEL
20210334,2021,MECHANICAL_DAMAGE,2018,MATERIAL OTHER THAN CARBON STEEL
20210335,2021,MECHANICAL_DAMAGE,2019,MATERIAL OTHER THAN CARBON STEEL
20210336,2021,INTERNAL_CORROSION,UNKNOWN,CARBON STEEL
20210337,2021,INTERNAL_CORROSION,1996,CARBON STEEL
20210338,2021,MECHANICAL_DAMAGE,2015,CARBON STEEL
20210339,2021,MECHANICAL_DAMAGE,2005,MATERIAL OTHER THAN CARBON STEEL
20210340,2021,EXTERNAL_CORROSION,UNKNOWN,CARBON STEEL
20210341,2021,INTERNAL_CORROSION,2010,CARBON STEEL
20210342,2021,OTHER,1979,CARBON STEEL
20210343,2021,OTHER,UNKNOWN,CARBON STEEL
20210344,2021,INTERNAL_CORROSION,1966,CARBON STEEL
20210345,2021,MECHANICAL_DAMAGE,2020,MATERIAL OTHER THAN CARBON STEEL
20210346,2021,MECHANICAL_DAMAGE,2014,MATERIAL OTHER THAN CARBON STEEL
20210347,2021,MECHANICAL_DAMAGE,2021,CARBON STEEL
20210348,2021,INTERNAL_CORROSION,1966,CARBON STEEL
20210349,2021,EXTERNAL_CORROSION,1931,CARBON STEEL
20210350,2021,INTERNAL_CORROSION,2008,CARBON STEEL
20210351,2021,MECHANICAL_DAMAGE,UNKNOWN,CARBON STEEL
20210352,2021,MECHANICAL_DAMAGE,2001,MATERIAL OTHER THAN CARBON STEEL
20210353,2021,EXTERNAL_CORROSION,UNKNOWN,CARBON STEEL
20210354,2021,MECHANICAL_DAMAGE,2018,MATERIAL OTHER THAN CARBON STEEL
20210355,2021,EXTERNAL_CORROSION,1984,CARBON STEEL
20210356,2021,INTERNAL_CORROSION,1985,CARBON STEEL
20220001,2021,MATERIAL_FAILURE,1959,CARBON STEEL
20220002,2021,MECHANICAL_DAMAGE,2021,CARBON STEEL
20220003,2021,EXTERNAL_CORROSION,1968,CARBON STEEL
20220004,2021,MECHANICAL_DAMAGE,UNKNOWN,CARBON STEEL
20220005,2021,MECHANICAL_DAMAGE,2013,CARBON STEEL
20220007,2021,MECHANICAL_DAMAGE,UNKNOWN,MATERIAL OTHER THAN CARBON STEEL
20220008,2021,MECHANICAL_DAMAGE,2018,CARBON STEEL
20220009,2021,EXTERNAL_CORROSION,1931,CARBON STEEL
20220010,2021,MATERIAL_FAILURE,1958,CARBON STEEL
20220011,2021,MECHANICAL_DAMAGE,2019,MATERIAL OTHER THAN CARBON STEEL
20220012,2021,MECHANICAL_DAMAGE,2019,CARBON STEEL
20220013,2021,MATERIAL_FAILURE,UNKNOWN,CARBON STEEL
20220014,2021,EXTERNAL_CORROSION,1970,CARBON STEEL
20220015,2021,INTERNAL_CORROSION,1950,CARBON STEEL
20220016,2022,MECHANICAL_DAMAGE,1950,CARBON STEEL
20220017,2022,OTHER,2021,MATERIAL OTHER THAN CARBON STEEL
20220018,2022,OTHER,2021,CARBON STEEL
20220019,2022,INTERNAL_CORROSION,1984,CARBON STEEL
20220020,2022,OTHER,UNKNOWN,MATERIAL OTHER THAN CARBON STEEL
20220021,2022,MECHANICAL_DAMAGE,2019,CARBON STEEL
20220022,2022,MECHANICAL_DAMAGE,2019,MATERIAL OTHER THAN CARBON STEEL
20220023,2022,MECHANICAL_DAMAGE,2021,CARBON STEEL
20220024,2022,OTHER,1996,CARBON STEEL
20220026,2022,MECHANICAL_DAMAGE,UNKNOWN,CARBON STEEL
20220027,2022,MECHANICAL_DAMAGE,UNKNOWN,CARBON STEEL
20220028,2022,MECHANICAL_DAMAGE,1995,CARBON STEEL
20220029,2022,MECHANICAL_DAMAGE,2021,CARBON STEEL
20220030,2022,MECHANICAL_DAMAGE,1992,CARBON STEEL
20220031,2022,INTERNAL_CORROSION,UNKNOWN,CARBON STEEL
20220032,2022,OTHER,2017,MATERIAL OTHER THAN CARBON STEEL
20220033,2022,INTERNAL_CORROSION,2006,CARBON STEEL
20220034,2022,INTERNAL_CORROSION,UNKNOWN,CARBON STEEL
20220035,2021,EXTERNAL_CORROSION,2014,CARBON STEEL
20220036,2022,MECHANICAL_DAMAGE,1984,CARBON STEEL
20220037,2022,MECHANICAL_DAMAGE,2005,CARBON STEEL
20220038,2022,OTHER,2015,CARBON STEEL
20220039,2022,MECHANICAL_DAMAGE,1976,CARBON STEEL
20220040,2022,OTHER,2021,CARBON STEEL
20220041,2022,MECHANICAL_DAMAGE,1957,CARBON STEEL
20220042,2022,OTHER,2010,CARBON STEEL
20220043,2022,MECHANICAL_DAMAGE,2015,CARBON STEEL
20220044,2022,MECHANICAL_DAMAGE,UNKNOWN,CARBON STEEL
20220045,2022,OTHER,2015,CARBON STEEL
20220046,2022,MECHANICAL_DAMAGE,2017,MATERIAL OTHER THAN CARBON STEEL
20220047,2022,MECHANICAL_DAMAGE,2022,CARBON STEEL
20220048,2022,MECHANICAL_DAMAGE,UNKNOWN,CARBON STEEL
20220049,2022,MECHANICAL_DAMAGE,UNKNOWN,CARBON STEEL
20220050,2022,OTHER,2021,CARBON STEEL
20220051,2022,MECHANICAL_DAMAGE,2019,CARBON STEEL
20220052,2022,INTERNAL_CORROSION,1948,CARBON STEEL
20220053,2022,OTHER,1974,CARBON STEEL
20220054,2022,MECHANICAL_DAMAGE,UNKNOWN,CARBON STEEL
20220055,2022,INTERNAL_CORROSION,UNKNOWN,CARBON STEEL
20220056,2022,OTHER,2017,CARBON STEEL
20220057,2022,MECHANICAL_DAMAGE,UNKNOWN,MATERIAL OTHER THAN CARBON STEEL
20220058,2022,MECHANICAL_DAMAGE,2008,MATERIAL OTHER THAN CARBON STEEL
20220059,2022,OTHER,2004,MATERIAL OTHER THAN CARBON STEEL
20220060,2022,MECHANICAL_DAMAGE,1998,MATERIAL OTHER THAN CARBON STEEL
20220061,2022,INTERNAL_CORROSION,2018,CARBON STEEL
20220062,2022,EXTERNAL_CORROSION,2019,CARBON STEEL
20220063,2022,MATERIAL_FAILURE,1968,CARBON STEEL
20220064,2022,OTHER,UNKNOWN,MATERIAL OTHER THAN CARBON STEEL
20220065,2022,MATERIAL_FAILURE,1969,CARBON STEEL
20220066,2022,EXTERNAL_CORROSION,1951,CARBON STEEL
20220067,2022,MECHANICAL_DAMAGE,2021,CARBON STEEL
20220068,2022,OTHER,1978,CARBON STEEL
20220069,2022,EXTERNAL_CORROSION,1989,CARBON STEEL
20220070,2022,OTHER,2018,MATERIAL OTHER THAN CARBON STEEL
20220071,2022,MECHANICAL_DAMAGE,UNKNOWN,CARBON STEEL
20220072,2022,OTHER,UNKNOWN,MATERIAL OTHER THAN CARBON STEEL
20220073,2022,OTHER,1965,CARBON STEEL
20220074,2022,MECHANICAL_DAMAGE,2012,CARBON STEEL
20220075,2022,MECHANICAL_DAMAGE,2019,MATERIAL OTHER THAN CARBON STEEL
20220076,2022,EXTERNAL_CORROSION,UNKNOWN,CARBON STEEL
20220077,2022,OTHER,1949,CARBON STEEL
20220078,2022,MECHANICAL_DAMAGE,2019,CARBON STEEL
20220079,2022,OTHER,2022,MATERIAL OTHER THAN CARBON STEEL
20220080,2022,EXTERNAL_CORROSION,2009,CARBON STEEL
20220081,2022,MATERIAL_FAILURE,1961,CARBON STEEL
20220082,2022,OTHER,2022,CARBON STEEL
20220083,2022,OTHER,2018,CARBON STEEL
20220085,2022,MATERIAL_FAILURE,1963,CARBON STEEL
20220086,2022,INTERNAL_CORROSION,1942,CARBON STEEL
20220087,2022,OTHER,2022,MATERIAL OTHER THAN CARBON STEEL
20220088,2022,MECHANICAL_DAMAGE,2021,CARBON STEEL
20220089,2022,MECHANICAL_DAMAGE,2020,CARBON STEEL
20220090,2022,EXTERNAL_CORROSION,1946,CARBON STEEL
20220092,2022,EXTERNAL_CORROSION,1961,CARBON STEEL
20220093,2022,MATERIAL_FAILURE,1970,CARBON STEEL
20220094,2022,MECHANICAL_DAMAGE,2018,CARBON STEEL
20220095,2022,INTERNAL_CORROSION,2018,CARBON STEEL
20220096,2022,OTHER,2020,MATERIAL OTHER THAN CARBON STEEL
20220097,2022,EXTERNAL_CORROSION,1955,CARBON STEEL
20220098,2022,MECHANICAL_DAMAGE,UNKNOWN,MATERIAL OTHER THAN CARBON STEEL
20220099,2022,MECHANICAL_DAMAGE,1986,CARBON STEEL
20220100,2022,MECHANICAL_DAMAGE,UNKNOWN,CARBON STEEL
20220101,2022,INTERNAL_CORROSION,1959,CARBON STEEL
20220102,2022,MATERIAL_FAILURE,1966,CARBON STEEL
20220103,2022,MECHANICAL_DAMAGE,UNKNOWN,CARBON STEEL
20220104,2022,MECHANICAL_DAMAGE,2015,CARBON STEEL
20220105,2022,MECHANICAL_DAMAGE,UNKNOWN,CARBON STEEL
20220106,2022,OTHER,UNKNOWN,CARBON STEEL
20220107,2022,MECHANICAL_DAMAGE,2021,MATERIAL OTHER THAN CARBON STEEL
20220108,2022,OTHER,1999,CARBON STEEL
20220109,2022,OTHER,2011,CARBON STEEL
20220110,2022,MATERIAL_FAILURE,2017,CARBON STEEL
20220111,2022,OTHER,1952,CARBON STEEL
20220112,2022,OTHER,2012,CARBON STEEL
20220113,2022,MATERIAL_FAILURE,2016,CARBON STEEL
20220114,2022,MECHANICAL_DAMAGE,2015,CARBON STEEL
20220115,2022,EXTERNAL_CORROSION,UNKNOWN,CARBON STEEL
20220116,2022,OTHER,2014,CARBON STEEL
20220117,2022,MECHANICAL_DAMAGE,2013,MATERIAL OTHER THAN CARBON STEEL
20220118,2022,MECHANICAL_DAMAGE,2013,CARBON STEEL
20220119,2022,MECHANICAL_DAMAGE,UNKNOWN,CARBON STEEL
20220120,2022,MECHANICAL_DAMAGE,2014,CARBON STEEL
20220121,2022,INTERNAL_CORROSION,1992,CARBON STEEL
20220122,2022,INTERNAL_CORROSION,2016,CARBON STEEL
20220123,2022,MECHANICAL_DAMAGE,1963,MATERIAL OTHER THAN CARBON STEEL
20220124,2022,MECHANICAL_DAMAGE,2022,MATERIAL OTHER THAN CARBON STEEL
20220125,2022,MECHANICAL_DAMAGE,1986,MATERIAL OTHER THAN CARBON STEEL
20220126,2022,MECHANICAL_DAMAGE,UNKNOWN,MATERIAL OTHER THAN CARBON STEEL
20220127,2022,OTHER,2013,CARBON STEEL
20220128,2022,INTERNAL_CORROSION,UNKNOWN,CARBON STEEL
20220129,2022,MECHANICAL_DAMAGE,2022,MATERIAL OTHER THAN CARBON STEEL
20220130,2022,MECHANICAL_DAMAGE,UNKNOWN,CARBON STEEL
20220131,2022,INTERNAL_CORROSION,2009,CARBON STEEL
20220132,2022,INTERNAL_CORROSION,2014,CARBON STEEL
20220133,2022,MECHANICAL_DAMAGE,2009,MATERIAL OTHER THAN CARBON STEEL
20220134,2022,MECHANICAL_DAMAGE,UNKNOWN,CARBON STEEL
20220135,2022,MECHANICAL_DAMAGE,2018,MATERIAL OTHER THAN CARBON STEEL
20220136,2022,INTERNAL_CORROSION,2012,CARBON STEEL
20220137,2022,INTERNAL_CORROSION,UNKNOWN,CARBON STEEL
20220138,2022,MECHANICAL_DAMAGE,1950,CARBON STEEL
20220139,2022,MECHANICAL_DAMAGE,1989,MATERIAL OTHER THAN CARBON STEEL
20220140,2022,MECHANICAL_DAMAGE,UNKNOWN,MATERIAL OTHER THAN CARBON STEEL
20220141,2022,EXTERNAL_CORROSION,2020,CARBON STEEL
20220142,2022,MECHANICAL_DAMAGE,1973,CARBON STEEL
20220144,2022,EXTERNAL_CORROSION,UNKNOWN,CARBON STEEL
20220145,2022,MECHANICAL_DAMAGE,2022,CARBON STEEL
20220146,2022,OTHER,1965,CARBON STEEL
20220147,2022,OTHER,2021,MATERIAL OTHER THAN CARBON STEEL
20220148,2022,MECHANICAL_DAMAGE,UNKNOWN,MATERIAL OTHER THAN CARBON STEEL
20220149,2022,EXTERNAL_CORROSION,2014,MATERIAL OTHER THAN CARBON STEEL
20220151,2022,OTHER,UNKNOWN,CARBON STEEL
20220152,2022,MECHANICAL_DAMAGE,2019,CARBON STEEL
20220153,2022,EXTERNAL_CORROSION,1957,CARBON STEEL
20220154,2022,MECHANICAL_DAMAGE,2012,MATERIAL OTHER THAN CARBON STEEL
20220155,2022,INTERNAL_CORROSION,1959,CARBON STEEL
20220156,2022,OTHER,2022,CARBON STEEL
20220157,2022,OTHER,1952,CARBON STEEL
20220158,2022,MECHANICAL_DAMAGE,2022,MATERIAL OTHER THAN CARBON STEEL
20220159,2022,OTHER,1969,CARBON STEEL
20220160,2022,MECHANICAL_DAMAGE,1990,CARBON STEEL
20220161,2022,MECHANICAL_DAMAGE,UNKNOWN,MATERIAL OTHER THAN CARBON STEEL
20220162,2022,OTHER,1950,CARBON STEEL
20220163,2022,OTHER,2022,CARBON STEEL
20220164,2022,OTHER,UNKNOWN,CARBON STEEL
20220165,2022,OTHER,2022,CARBON STEEL
20220166,2022,OTHER,1989,CARBON STEEL
20220167,2022,MECHANICAL_DAMAGE,UNKNOWN,CARBON STEEL
20220168,2022,INTERNAL_CORROSION,2014,CARBON STEEL
20220169,2022,MECHANICAL_DAMAGE,2019,CARBON STEEL
20220170,2022,OTHER,UNKNOWN,CARBON STEEL
20220171,2022,OTHER,1976,CARBON STEEL
20220172,2022,MATERIAL_FAILURE,1975,CARBON STEEL
20220173,2022,EXTERNAL_CORROSION,1989,CARBON STEEL
20220174,2022,MECHANICAL_DAMAGE,2018,CARBON STEEL
20220175,2022,INTERNAL_CORROSION,2014,CARBON STEEL
20220176,2022,MECHANICAL_DAMAGE,1990,CARBON STEEL
20220177,2022,MECHANICAL_DAMAGE,2019,MATERIAL OTHER THAN CARBON STEEL
20220178,2022,MECHANICAL_DAMAGE,2019,MATERIAL OTHER THAN CARBON STEEL
20220179,2022,INTERNAL_CORROSION,UNKNOWN,CARBON STEEL
20220180,2022,MECHANICAL_DAMAGE,2019,MATERIAL OTHER THAN CARBON STEEL
20220181,2022,INTERNAL_CORROSION,2011,CARBON STEEL
20220182,2022,EXTERNAL_CORROSION,1956,CARBON STEEL
20220183,2022,INTERNAL_CORROSION,UNKNOWN,CARBON STEEL
20220184,2022,INTERNAL_CORROSION,2017,CARBON STEEL
20220185,2022,MECHANICAL_DAMAGE,1942,CARBON STEEL
20220186,2022,OTHER,1971,CARBON STEEL
20220187,2022,MECHANICAL_DAMAGE,2022,CARBON STEEL
20220189,2022,MECHANICAL_DAMAGE,UNKNOWN,CARBON STEEL
20220190,2022,OTHER,2022,MATERIAL OTHER THAN CARBON STEEL
20220191,2022,MECHANICAL_DAMAGE,UNKNOWN,MATERIAL OTHER THAN CARBON STEEL
20220192,2022,OTHER,1972,CARBON STEEL
20220194,2022,MECHANICAL_DAMAGE,2020,MATERIAL OTHER THAN CARBON STEEL
20220195,2022,MATERIAL_FAILURE,1968,CARBON STEEL
20220196,2022,MECHANICAL_DAMAGE,2018,CARBON STEEL
20220197,2022,OTHER,UNKNOWN,MATERIAL OTHER THAN CARBON STEEL
20220198,2022,OTHER,2022,MATERIAL OTHER THAN CARBON STEEL
20220199,2022,MECHANICAL_DAMAGE,1995,MATERIAL OTHER THAN CARBON STEEL
20220200,2022,MECHANICAL_DAMAGE,2022,CARBON STEEL
20220201,2022,MECHANICAL_DAMAGE,2020,MATERIAL OTHER THAN CARBON STEEL
20220202,2022,OTHER,1963,CARBON STEEL
20220203,2022,MECHANICAL_DAMAGE,1993,MATERIAL OTHER THAN CARBON STEEL
20220204,2022,MECHANICAL_DAMAGE,1998,MATERIAL OTHER THAN CARBON STEEL
20220205,2022,MECHANICAL_DAMAGE,2008,CARBON STEEL
20220206,2022,OTHER,UNKNOWN,CARBON STEEL
20220207,2022,OTHER,1951,CARBON STEEL
20220208,2022,MATERIAL_FAILURE,1954,CARBON STEEL
20220209,2022,MATERIAL_FAILURE,1974,CARBON STEEL
20220211,2022,INTERNAL_CORROSION,2012,CARBON STEEL
20220212,2022,MECHANICAL_DAMAGE,2014,MATERIAL OTHER THAN CARBON STEEL
20220213,2021,EXTERNAL_CORROSION,2014,CARBON STEEL
20220214,2022,OTHER,UNKNOWN,CARBON STEEL
20220215,2022,EXTERNAL_CORROSION,1980,CARBON STEEL
20220216,2022,OTHER,2017,CARBON STEEL
20220217,2022,MECHANICAL_DAMAGE,2020,CARBON STEEL
20220218,2022,MECHANICAL_DAMAGE,UNKNOWN,CARBON STEEL
20220219,2022,INTERNAL_CORROSION,2015,CARBON STEEL
20220220,2022,INTERNAL_CORROSION,UNKNOWN,CARBON STEEL
20220221,2022,INTERNAL_CORROSION,UNKNOWN,CARBON STEEL
20220222,2022,MECHANICAL_DAMAGE,2016,MATERIAL OTHER THAN CARBON STEEL
20220223,2022,OTHER,2018,CARBON STEEL
20220224,2022,INTERNAL_CORROSION,UNKNOWN,CARBON STEEL
20220225,2022,INTERNAL_CORROSION,2012,CARBON STEEL
20220226,2022,MECHANICAL_DAMAGE,2014,MATERIAL OTHER THAN CARBON STEEL
20220227,2022,OTHER,2014,CARBON STEEL
20220228,2022,INTERNAL_CORROSION,2018,CARBON STEEL
20220229,2022,OTHER,1989,CARBON STEEL
20220230,2022,MECHANICAL_DAMAGE,UNKNOWN,CARBON STEEL
20220231,2022,MECHANICAL_DAMAGE,1999,CARBON STEEL
20220232,2022,MECHANICAL_DAMAGE,2018,CARBON STEEL
20220233,2022,OTHER,1931,CARBON STEEL
20220234,2022,INTERNAL_CORROSION,2019,CARBON STEEL
20220235,2022,MECHANICAL_DAMAGE,2022,CARBON STEEL
20220236,2022,OTHER,1998,CARBON STEEL
20220237,2022,OTHER,2012,CARBON STEEL
20220238,2022,OTHER,1992,CARBON STEEL
20220239,2022,MATERIAL_FAILURE,1945,CARBON STEEL
20220240,2022,MECHANICAL_DAMAGE,2016,MATERIAL OTHER THAN CARBON STEEL
20220241,2022,MECHANICAL_DAMAGE,2010,MATERIAL OTHER THAN CARBON STEEL
20220242,2022,MECHANICAL_DAMAGE,UNKNOWN,MATERIAL OTHER THAN CARBON STEEL
20220243,2022,MECHANICAL_DAMAGE,UNKNOWN,MATERIAL OTHER THAN CARBON STEEL
20220244,2022,OTHER,2013,CARBON STEEL
20220245,2022,MECHANICAL_DAMAGE,1992,CARBON STEEL
20220246,2022,MECHANICAL_DAMAGE,2013,MATERIAL OTHER THAN CARBON STEEL
20220247,2022,MECHANICAL_DAMAGE,1999,CARBON STEEL
20220248,2022,MATERIAL_FAILURE,1958,CARBON STEEL
20220249,2022,MECHANICAL_DAMAGE,2022,CARBON STEEL
20220250,2022,EXTERNAL_CORROSION,1931,CARBON STEEL
20220251,2022,MECHANICAL_DAMAGE,2022,CARBON STEEL
20220252,2022,MECHANICAL_DAMAGE,2016,CARBON STEEL
20220253,2022,INTERNAL_CORROSION,1950,CARBON STEEL
20220254,2022,MECHANICAL_DAMAGE,UNKNOWN,CARBON STEEL
20220255,2022,MECHANICAL_DAMAGE,1997,CARBON STEEL
20220256,2022,MECHANICAL_DAMAGE,2017,CARBON STEEL
20220257,2022,INTERNAL_CORROSION,UNKNOWN,CARBON STEEL
20220258,2022,OTHER,UNKNOWN,CARBON STEEL
20220259,2022,MECHANICAL_DAMAGE,1974,MATERIAL OTHER THAN CARBON STEEL
20220260,2022,INTERNAL_CORROSION,2019,CARBON STEEL
20220261,2022,OTHER,1985,CARBON STEEL
20220262,2022,INTERNAL_CORROSION,2015,CARBON STEEL
20220263,2022,MATERIAL_FAILURE,1954,CARBON STEEL
20220264,2022,OTHER,2015,CARBON STEEL
20220265,2022,MECHANICAL_DAMAGE,2022,MATERIAL OTHER THAN CARBON STEEL
20220266,2022,MATERIAL_FAILURE,1954,CARBON STEEL
20220267,2022,MECHANICAL_DAMAGE,1972,CARBON STEEL
20220268,2022,MECHANICAL_DAMAGE,1999,CARBON STEEL
20220269,2022,INTERNAL_CORROSION,UNKNOWN,CARBON STEEL
20220270,2022,MECHANICAL_DAMAGE,UNKNOWN,MATERIAL OTHER THAN CARBON STEEL
20220271,2022,INTERNAL_CORROSION,2016,CARBON STEEL
20220272,2022,INTERNAL_CORROSION,UNKNOWN,CARBON STEEL
20220273,2022,MECHANICAL_DAMAGE,2019,CARBON STEEL
20220274,2022,MECHANICAL_DAMAGE,2020,CARBON STEEL
20220275,2022,MECHANICAL_DAMAGE,2008,CARBON STEEL
20220276,2022,INTERNAL_CORROSION,2013,CARBON STEEL
20220277,2022,MECHANICAL_DAMAGE,2022,CARBON STEEL
20220278,2022,MECHANICAL_DAMAGE,2019,CARBON STEEL
20220279,2022,MECHANICAL_DAMAGE,1997,CARBON STEEL
20220280,2022,MECHANICAL_DAMAGE,1971,CARBON STEEL
20220281,2022,MECHANICAL_DAMAGE,2006,CARBON STEEL
20220282,2022,OTHER,2022,CARBON STEEL
20220283,2022,MATERIAL_FAILURE,1954,CARBON STEEL
20220284,2022,INTERNAL_CORROSION,2007,CARBON STEEL
20220285,2022,MATERIAL_FAILURE,2021,CARBON STEEL
20220286,2022,OTHER,2019,MATERIAL OTHER THAN CARBON STEEL
20220287,2022,MECHANICAL_DAMAGE,2000,MATERIAL OTHER THAN CARBON STEEL
20220288,2022,MECHANICAL_DAMAGE,2012,MATERIAL OTHER THAN CARBON STEEL
20220289,2022,MECHANICAL_DAMAGE,2021,CARBON STEEL
20220290,2022,OTHER,2017,CARBON STEEL
20220291,2022,MECHANICAL_DAMAGE,1971,CARBON STEEL
20220292,2022,MECHANICAL_DAMAGE,UNKNOWN,CARBON STEEL
20220293,2022,MECHANICAL_DAMAGE,2020,MATERIAL OTHER THAN CARBON STEEL
20220294,2022,OTHER,2022,MATERIAL OTHER THAN CARBON STEEL
20220295,2022,MECHANICAL_DAMAGE,2016,CARBON STEEL
20220296,2022,INTERNAL_CORROSION,UNKNOWN,CARBON STEEL
20230001,2022,MATERIAL_FAILURE,2022,CARBON STEEL
20230002,2022,MECHANICAL_DAMAGE,2018,MATERIAL OTHER THAN CARBON STEEL
20230003,2022,INTERNAL_CORROSION,2017,CARBON STEEL
20230004,2022,MATERIAL_FAILURE,2010,CARBON STEEL
20230005,2022,MECHANICAL_DAMAGE,2009,MATERIAL OTHER THAN CARBON STEEL
20230006,2022,OTHER,UNKNOWN,CARBON STEEL
20230007,2022,EXTERNAL_CORROSION,1954,CARBON STEEL
20230008,2022,EXTERNAL_CORROSION,1949,CARBON STEEL
20230009,2022,MECHANICAL_DAMAGE,2014,CARBON STEEL
20230010,2022,INTERNAL_CORROSION,2016,CARBON STEEL
20230011,2022,MECHANICAL_DAMAGE,2020,MATERIAL OTHER THAN CARBON STEEL
20230013,2022,OTHER,2022,CARBON STEEL
20230014,2022,MATERIAL_FAILURE,1949,CARBON STEEL
20230015,2022,INTERNAL_CORROSION,2016,CARBON STEEL
20230016,2022,MATERIAL_FAILURE,UNKNOWN,CARBON STEEL
20230017,2022,MECHANICAL_DAMAGE,2014,CARBON STEEL
20230018,2022,MECHANICAL_DAMAGE,2022,MATERIAL OTHER THAN CARBON STEEL
20230019,2022,INTERNAL_CORROSION,2002,CARBON STEEL
20230020,2022,MECHANICAL_DAMAGE,2019,CARBON STEEL
20230021,2022,OTHER,1969,CARBON STEEL
20230022,2022,MECHANICAL_DAMAGE,2016,CARBON STEEL
20230023,2023,MECHANICAL_DAMAGE,2018,CARBON STEEL
20230024,2022,MECHANICAL_DAMAGE,2007,CARBON STEEL
20230025,2023,OTHER,UNKNOWN,CARBON STEEL
20230026,2023,MECHANICAL_DAMAGE,2015,CARBON STEEL
20230027,2023,MECHANICAL_DAMAGE,1961,CARBON STEEL
20230028,2023,OTHER,1998,CARBON STEEL
20230029,2023,MECHANICAL_DAMAGE,1978,CARBON STEEL
20230030,2023,MECHANICAL_DAMAGE,2016,MATERIAL OTHER THAN CARBON STEEL
20230031,2023,MECHANICAL_DAMAGE,1986,CARBON STEEL
20230032,2023,MECHANICAL_DAMAGE,1997,CARBON STEEL
20230033,2023,OTHER,1965,CARBON STEEL
20230034,2023,EXTERNAL_CORROSION,1957,CARBON STEEL
20230035,2023,MECHANICAL_DAMAGE,1981,CARBON STEEL
20230037,2023,OTHER,2023,CARBON STEEL
20230038,2023,MECHANICAL_DAMAGE,2015,CARBON STEEL
20230040,2023,MECHANICAL_DAMAGE,2011,MATERIAL OTHER THAN CARBON STEEL
20230041,2023,INTERNAL_CORROSION,1949,CARBON STEEL
20230042,2023,MECHANICAL_DAMAGE,1997,MATERIAL OTHER THAN CARBON STEEL
20230043,2023,MECHANICAL_DAMAGE,1942,CARBON STEEL
20230044,2022,EXTERNAL_CORROSION,1983,CARBON STEEL
20230045,2023,MECHANICAL_DAMAGE,2020,CARBON STEEL
20230046,2023,MECHANICAL_DAMAGE,1998,CARBON STEEL
20230047,2023,OTHER,UNKNOWN,CARBON STEEL
20230048,2023,OTHER,2023,CARBON STEEL
20230049,2023,MECHANICAL_DAMAGE,UNKNOWN,CARBON STEEL
20230050,2023,INTERNAL_CORROSION,2012,CARBON STEEL
20230051,2023,MECHANICAL_DAMAGE,2019,MATERIAL OTHER THAN CARBON STEEL
20230052,2023,MECHANICAL_DAMAGE,2019,MATERIAL OTHER THAN CARBON STEEL
20230053,2023,OTHER,UNKNOWN,CARBON STEEL
20230054,2023,MECHANICAL_DAMAGE,UNKNOWN,CARBON STEEL
20230055,2023,MECHANICAL_DAMAGE,UNKNOWN,CARBON STEEL
20230056,2023,MECHANICAL_DAMAGE,UNKNOWN,CARBON STEEL
20230057,2023,OTHER,1971,CARBON STEEL
20230058,2023,MECHANICAL_DAMAGE,2022,CARBON STEEL
20230059,2023,MATERIAL_FAILURE,2014,CARBON STEEL
20230060,2023,MECHANICAL_DAMAGE,UNKNOWN,CARBON STEEL
20230061,2023,MECHANICAL_DAMAGE,1977,CARBON STEEL
20230062,2023,OTHER,1957,CARBON STEEL
20230063,2023,MECHANICAL_DAMAGE,UNKNOWN,CARBON STEEL
20230064,2023,EXTERNAL_CORROSION,1941,CARBON STEEL
20230065,2023,MECHANICAL_DAMAGE,UNKNOWN,MATERIAL OTHER THAN CARBON STEEL
20230066,2023,MECHANICAL_DAMAGE,1943,CARBON STEEL
20230067,2023,MECHANICAL_DAMAGE,2023,CARBON STEEL
20230068,2023,MECHANICAL_DAMAGE,UNKNOWN,MATERIAL OTHER THAN CARBON STEEL
20230069,2023,INTERNAL_CORROSION,2018,CARBON STEEL
20230070,2023,OTHER,2022,MATERIAL OTHER THAN CARBON STEEL
20230071,2023,EXTERNAL_CORROSION,1982,CARBON STEEL
20230072,2023,MECHANICAL_DAMAGE,2019,MATERIAL OTHER THAN CARBON STEEL
20230074,2023,MECHANICAL_DAMAGE,1988,MATERIAL OTHER THAN CARBON STEEL
20230075,2023,MECHANICAL_DAMAGE,1977,MATERIAL OTHER THAN CARBON STEEL
20230076,2023,INTERNAL_CORROSION,1969,CARBON STEEL
20230077,2023,INTERNAL_CORROSION,2013,CARBON STEEL
20230078,2023,MECHANICAL_DAMAGE,UNKNOWN,CARBON STEEL
20230079,2023,MECHANICAL_DAMAGE,2015,CARBON STEEL
20230080,2023,MECHANICAL_DAMAGE,UNKNOWN,MATERIAL OTHER THAN CARBON STEEL
20230081,2023,INTERNAL_CORROSION,2007,CARBON STEEL
20230082,2023,MECHANICAL_DAMAGE,1978,CARBON STEEL
20230083,2023,INTERNAL_CORROSION,1999,CARBON STEEL
20230084,2021,MECHANICAL_DAMAGE,1999,CARBON STEEL
20230085,2023,MECHANICAL_DAMAGE,1962,CARBON STEEL
20230086,2023,MECHANICAL_DAMAGE,1969,CARBON STEEL
20230087,2023,MECHANICAL_DAMAGE,2022,MATERIAL OTHER THAN CARBON STEEL
20230088,2023,INTERNAL_CORROSION,UNKNOWN,CARBON STEEL
20230089,2023,MECHANICAL_DAMAGE,2023,CARBON STEEL
20230090,2023,MECHANICAL_DAMAGE,1970,CARBON STEEL
20230091,2023,INTERNAL_CORROSION,2012,CARBON STEEL
20230092,2021,MECHANICAL_DAMAGE,UNKNOWN,MATERIAL OTHER THAN CARBON STEEL
20230093,2022,MECHANICAL_DAMAGE,UNKNOWN,MATERIAL OTHER THAN CARBON STEEL
20230094,2023,MECHANICAL_DAMAGE,2022,MATERIAL OTHER THAN CARBON STEEL
20230095,2023,OTHER,2017,CARBON STEEL
20230096,2023,MECHANICAL_DAMAGE,2023,MATERIAL OTHER THAN CARBON STEEL
20230097,2023,OTHER,2015,MATERIAL OTHER THAN CARBON STEEL
20230098,2023,OTHER,2018,MATERIAL OTHER THAN CARBON STEEL
20230099,2023,INTERNAL_CORROSION,2013,CARBON STEEL
20230100,2023,INTERNAL_CORROSION,UNKNOWN,CARBON STEEL
20230102,2023,INTERNAL_CORROSION,2014,CARBON STEEL
20230103,2023,EXTERNAL_CORROSION,1952,CARBON STEEL
20230104,2023,OTHER,1992,CARBON STEEL
20230105,2023,MECHANICAL_DAMAGE,2007,MATERIAL OTHER THAN CARBON STEEL
20230106,2023,OTHER,1952,CARBON STEEL
20230107,2023,MECHANICAL_DAMAGE,1952,CARBON STEEL
20230108,2023,MECHANICAL_DAMAGE,UNKNOWN,CARBON STEEL
20230109,2023,INTERNAL_CORROSION,1968,CARBON STEEL
20230110,2023,OTHER,UNKNOWN,CARBON STEEL
20230111,2023,OTHER,UNKNOWN,CARBON STEEL
20230112,2023,OTHER,2023,MATERIAL OTHER THAN CARBON STEEL
20230113,2023,OTHER,UNKNOWN,CARBON STEEL
20230114,2023,MECHANICAL_DAMAGE,2020,MATERIAL OTHER THAN CARBON STEEL
20230115,2023,INTERNAL_CORROSION,2011,CARBON STEEL
20230116,2023,INTERNAL_CORROSION,2015,CARBON STEEL
20230117,2023,MECHANICAL_DAMAGE,1979,MATERIAL OTHER THAN CARBON STEEL
20230119,2023,EXTERNAL_CORROSION,UNKNOWN,CARBON STEEL
20230120,2023,EXTERNAL_CORROSION,1994,CARBON STEEL
20230121,2023,OTHER,2013,CARBON STEEL
20230122,2023,INTERNAL_CORROSION,2019,CARBON STEEL
20230123,2023,MECHANICAL_DAMAGE,2019,MATERIAL OTHER THAN CARBON STEEL
20230124,2023,EXTERNAL_CORROSION,1953,CARBON STEEL
20230125,2023,MECHANICAL_DAMAGE,2023,MATERIAL OTHER THAN CARBON STEEL
20230126,2023,INTERNAL_CORROSION,2016,CARBON STEEL
20230127,2023,INTERNAL_CORROSION,2004,CARBON STEEL
20230128,2023,MECHANICAL_DAMAGE,2023,CARBON STEEL
20230129,2023,MECHANICAL_DAMAGE,1954,CARBON STEEL
20230130,2023,EXTERNAL_CORROSION,1993,CARBON STEEL
20230131,2023,MECHANICAL_DAMAGE,2013,MATERIAL OTHER THAN CARBON STEEL
20230132,2023,INTERNAL_CORROSION,2004,CARBON STEEL
20230133,2023,MECHANICAL_DAMAGE,2010,CARBON STEEL
20230134,2023,MATERIAL_FAILURE,1967,CARBON STEEL
20230135,2023,INTERNAL_CORROSION,UNKNOWN,CARBON STEEL
20230136,2023,MECHANICAL_DAMAGE,UNKNOWN,MATERIAL OTHER THAN CARBON STEEL
20230137,2023,MECHANICAL_DAMAGE,UNKNOWN,CARBON STEEL
20230138,2023,INTERNAL_CORROSION,2011,CARBON STEEL
20230139,2023,EXTERNAL_CORROSION,2019,CARBON STEEL
20230140,2023,MECHANICAL_DAMAGE,2013,CARBON STEEL
20230141,2023,MECHANICAL_DAMAGE,2016,CARBON STEEL
20230142,2023,MECHANICAL_DAMAGE,2018,MATERIAL OTHER THAN CARBON STEEL
20230143,2023,EXTERNAL_CORROSION,1957,CARBON STEEL
20230144,2023,MECHANICAL_DAMAGE,2013,CARBON STEEL
20230145,2023,MECHANICAL_DAMAGE,1978,CARBON STEEL
20230146,2023,INTERNAL_CORROSION,2011,CARBON STEEL
20230147,2023,MECHANICAL_DAMAGE,UNKNOWN,MATERIAL OTHER THAN CARBON STEEL
20230148,2023,MECHANICAL_DAMAGE,UNKNOWN,CARBON STEEL
20230149,2023,MECHANICAL_DAMAGE,2014,CARBON STEEL
20230150,2023,MECHANICAL_DAMAGE,1984,CARBON STEEL
20230151,2023,OTHER,1957,CARBON STEEL
20230152,2023,EXTERNAL_CORROSION,1999,CARBON STEEL
20230153,2023,MECHANICAL_DAMAGE,2022,MATERIAL OTHER THAN CARBON STEEL
20230154,2023,MECHANICAL_DAMAGE,UNKNOWN,MATERIAL OTHER THAN CARBON STEEL
20230155,2023,INTERNAL_CORROSION,2018,CARBON STEEL
20230156,2023,MECHANICAL_DAMAGE,1965,CARBON STEEL
20230157,2023,MECHANICAL_DAMAGE,1968,CARBON STEEL
20230158,2023,MECHANICAL_DAMAGE,UNKNOWN,CARBON STEEL
20230159,2023,MECHANICAL_DAMAGE,UNKNOWN,MATERIAL OTHER THAN CARBON STEEL
20230160,2023,MECHANICAL_DAMAGE,UNKNOWN,MATERIAL OTHER THAN CARBON STEEL
20230162,2023,EXTERNAL_CORROSION,UNKNOWN,CARBON STEEL
20230163,2023,OTHER,2023,MATERIAL OTHER THAN CARBON STEEL
20230164,2023,MECHANICAL_DAMAGE,2017,CARBON STEEL
20230165,2023,INTERNAL_CORROSION,2018,CARBON STEEL
20230166,2023,MECHANICAL_DAMAGE,UNKNOWN,CARBON STEEL
20230167,2023,INTERNAL_CORROSION,2015,CARBON STEEL
20230168,2023,MECHANICAL_DAMAGE,1971,MATERIAL OTHER THAN CARBON STEEL
20230169,2023,OTHER,1956,CARBON STEEL
20230170,2023,MECHANICAL_DAMAGE,2017,CARBON STEEL
20230171,2023,MECHANICAL_DAMAGE,2014,MATERIAL OTHER THAN CARBON STEEL
20230172,2023,INTERNAL_CORROSION,2012,CARBON STEEL
20230173,2023,MECHANICAL_DAMAGE,1963,CARBON STEEL
20230174,2023,EXTERNAL_CORROSION,UNKNOWN,CARBON STEEL
20230175,2023,MATERIAL_FAILURE,1964,CARBON STEEL
20230176,2023,INTERNAL_CORROSION,2017,CARBON STEEL
20230177,2023,INTERNAL_CORROSION,UNKNOWN,CARBON STEEL
20230178,2023,MATERIAL_FAILURE,1949,CARBON STEEL
20230179,2023,OTHER,2017,CARBON STEEL
20230180,2023,OTHER,UNKNOWN,CARBON STEEL
20230181,2023,OTHER,2017,CARBON STEEL
20230182,2023,MECHANICAL_DAMAGE,UNKNOWN,MATERIAL OTHER THAN CARBON STEEL
20230183,2023,MECHANICAL_DAMAGE,2009,CARBON STEEL
20230184,2023,INTERNAL_CORROSION,1995,CARBON STEEL
20230185,2023,INTERNAL_CORROSION,UNKNOWN,CARBON STEEL
20230186,2023,OTHER,2013,CARBON STEEL
20230187,2023,MATERIAL_FAILURE,1976,CARBON STEEL
20230188,2023,MECHANICAL_DAMAGE,2014,MATERIAL OTHER THAN CARBON STEEL
20230189,2023,EXTERNAL_CORROSION,1965,CARBON STEEL
20230190,2023,MECHANICAL_DAMAGE,UNKNOWN,MATERIAL OTHER THAN CARBON STEEL
20230191,2023,MECHANICAL_DAMAGE,1968,CARBON STEEL
20230192,2023,EXTERNAL_CORROSION,1952,CARBON STEEL
20230193,2023,OTHER,UNKNOWN,CARBON STEEL
20230194,2023,MATERIAL_FAILURE,1969,CARBON STEEL
20230195,2023,EXTERNAL_CORROSION,UNKNOWN,CARBON STEEL
20230196,2023,INTERNAL_CORROSION,2006,CARBON STEEL
20230197,2023,INTERNAL_CORROSION,2014,CARBON STEEL
20230198,2023,INTERNAL_CORROSION,2011,CARBON STEEL
20230199,2023,OTHER,UNKNOWN,MATERIAL OTHER THAN CARBON STEEL
20230200,2023,MECHANICAL_DAMAGE,2014,MATERIAL OTHER THAN CARBON STEEL
20230201,2023,MECHANICAL_DAMAGE,2014,MATERIAL OTHER THAN CARBON STEEL
20230202,2023,EXTERNAL_CORROSION,1952,CARBON STEEL
20230203,2023,MECHANICAL_DAMAGE,2014,MATERIAL OTHER THAN CARBON STEEL
20230204,2023,MECHANICAL_DAMAGE,1971,CARBON STEEL
20230205,2023,EXTERNAL_CORROSION,2014,CARBON STEEL
20230206,2023,OTHER,1922,CARBON STEEL
20230207,2023,INTERNAL_CORROSION,2017,CARBON STEEL
20230208,2023,MECHANICAL_DAMAGE,2022,MATERIAL OTHER THAN CARBON STEEL
20230209,2023,INTERNAL_CORROSION,2014,CARBON STEEL
20230210,2023,MATERIAL_FAILURE,UNKNOWN,CARBON STEEL
20230211,2023,MATERIAL_FAILURE,2013,CARBON STEEL
20230212,2023,OTHER,1962,CARBON STEEL
20230213,2023,MATERIAL_FAILURE,1958,CARBON STEEL
20230214,2023,INTERNAL_CORROSION,2012,CARBON STEEL
20230215,2023,MECHANICAL_DAMAGE,1959,CARBON STEEL
20230216,2023,MECHANICAL_DAMAGE,2022,MATERIAL OTHER THAN CARBON STEEL
20230217,2023,MECHANICAL_DAMAGE,2023,MATERIAL OTHER THAN CARBON STEEL
20230218,2023,MATERIAL_FAILURE,1971,CARBON STEEL
20230219,2023,MATERIAL_FAILURE,1962,CARBON STEEL
20230220,2023,EXTERNAL_CORROSION,UNKNOWN,CARBON STEEL
20230221,2023,OTHER,1984,CARBON STEEL
20230222,2023,MECHANICAL_DAMAGE,2022,CARBON STEEL
20230223,2023,MECHANICAL_DAMAGE,2023,MATERIAL OTHER THAN CARBON STEEL
20230224,2023,MECHANICAL_DAMAGE,2023,MATERIAL OTHER THAN CARBON STEEL
20230225,2023,MECHANICAL_DAMAGE,2023,MATERIAL OTHER THAN CARBON STEEL
20230226,2023,INTERNAL_CORROSION,UNKNOWN,CARBON STEEL
20230227,2023,MECHANICAL_DAMAGE,1952,CARBON STEEL
20230228,2023,OTHER,1964,CARBON STEEL
20230229,2023,EXTERNAL_CORROSION,1955,CARBON STEEL
20230230,2023,MECHANICAL_DAMAGE,1978,CARBON STEEL
20230231,2023,MATERIAL_FAILURE,1958,CARBON STEEL
20230232,2023,MATERIAL_FAILURE,1963,CARBON STEEL
20230233,2023,MECHANICAL_DAMAGE,2020,CARBON STEEL
20230234,2023,INTERNAL_CORROSION,2019,CARBON STEEL
20230235,2023,INTERNAL_CORROSION,2011,CARBON STEEL
20230237,2023,INTERNAL_CORROSION,1992,CARBON STEEL
20230238,2023,MECHANICAL_DAMAGE,UNKNOWN,CARBON STEEL
20230239,2023,EXTERNAL_CORROSION,1990,CARBON STEEL
20230240,2023,MECHANICAL_DAMAGE,2013,CARBON STEEL
20230241,2023,MECHANICAL_DAMAGE,1963,MATERIAL OTHER THAN CARBON STEEL
20230242,2023,INTERNAL_CORROSION,2015,CARBON STEEL
20230243,2023,OTHER,2016,MATERIAL OTHER THAN CARBON STEEL
20230244,2023,INTERNAL_CORROSION,1965,CARBON STEEL
20230245,2023,MECHANICAL_DAMAGE,1943,CARBON STEEL
20230247,2023,MECHANICAL_DAMAGE,2017,MATERIAL OTHER THAN CARBON STEEL
20230248,2023,MECHANICAL_DAMAGE,UNKNOWN,MATERIAL OTHER THAN CARBON STEEL
20230249,2023,MECHANICAL_DAMAGE,UNKNOWN,CARBON STEEL
20230250,2023,OTHER,2016,MATERIAL OTHER THAN CARBON STEEL
20230251,2023,INTERNAL_CORROSION,2012,CARBON STEEL
20230252,2023,MATERIAL_FAILURE,2012,CARBON STEEL
20230253,2023,MECHANICAL_DAMAGE,2019,MATERIAL OTHER THAN CARBON STEEL
20230254,2023,OTHER,UNKNOWN,CARBON STEEL
20230255,2023,MATERIAL_FAILURE,1960,CARBON STEEL
20230257,2023,MATERIAL_FAILURE,1979,CARBON STEEL
20230258,2023,MECHANICAL_DAMAGE,2022,CARBON STEEL
20230259,2023,OTHER,2007,CARBON STEEL
20230260,2023,MECHANICAL_DAMAGE,2019,MATERIAL OTHER THAN CARBON STEEL
20230261,2023,MECHANICAL_DAMAGE,1950,MATERIAL OTHER THAN CARBON STEEL
20230262,2023,MECHANICAL_DAMAGE,2013,CARBON STEEL
20230263,2023,EXTERNAL_CORROSION,1982,CARBON STEEL
20230264,2023,MECHANICAL_DAMAGE,2023,MATERIAL OTHER THAN CARBON STEEL
20230265,2023,MECHANICAL_DAMAGE,2011,MATERIAL OTHER THAN CARBON STEEL
20230266,2023,OTHER,UNKNOWN,CARBON STEEL
20230267,2023,OTHER,2015,CARBON STEEL
20230268,2023,MECHANICAL_DAMAGE,1955,CARBON STEEL
20230269,2023,EXTERNAL_CORROSION,1966,CARBON STEEL
20230270,2023,MECHANICAL_DAMAGE,2022,MATERIAL OTHER THAN CARBON STEEL
20230271,2023,MECHANICAL_DAMAGE,2023,MATERIAL OTHER THAN CARBON STEEL
20230272,2023,INTERNAL_CORROSION,UNKNOWN,CARBON STEEL
20230273,2023,MECHANICAL_DAMAGE,1991,MATERIAL OTHER THAN CARBON STEEL
20230274,2023,INTERNAL_CORROSION,2019,CARBON STEEL
20230275,2023,INTERNAL_CORROSION,2019,CARBON STEEL
20230276,2023,MATERIAL_FAILURE,1971,CARBON STEEL
20230277,2023,MECHANICAL_DAMAGE,1993,CARBON STEEL
20230278,2023,OTHER,2020,CARBON STEEL
20230279,2023,MECHANICAL_DAMAGE,2018,MATERIAL OTHER THAN CARBON STEEL
20230280,2023,MECHANICAL_DAMAGE,UNKNOWN,CARBON STEEL
20230281,2023,OTHER,2020,CARBON STEEL
20230282,2023,MECHANICAL_DAMAGE,2014,CARBON STEEL
20230283,2023,MECHANICAL_DAMAGE,2023,MATERIAL OTHER THAN CARBON STEEL
20230284,2023,EXTERNAL_CORROSION,1973,CARBON STEEL
20230285,2023,INTERNAL_CORROSION,2002,CARBON STEEL
20230286,2023,MATERIAL_FAILURE,2017,CARBON STEEL
20230287,2023,EXTERNAL_CORROSION,UNKNOWN,CARBON STEEL
20230288,2023,MECHANICAL_DAMAGE,1952,CARBON STEEL
20230289,2023,EXTERNAL_CORROSION,1972,CARBON STEEL
20230290,2023,MECHANICAL_DAMAGE,2023,CARBON STEEL
20230291,2023,OTHER,2023,CARBON STEEL
20230292,2023,MECHANICAL_DAMAGE,2023,MATERIAL OTHER THAN CARBON STEEL
20230293,2023,MECHANICAL_DAMAGE,UNKNOWN,MATERIAL OTHER THAN CARBON STEEL
20230294,2023,MECHANICAL_DAMAGE,2015,CARBON STEEL
20230295,2023,MECHANICAL_DAMAGE,2023,MATERIAL OTHER THAN CARBON STEEL
20230297,2023,EXTERNAL_CORROSION,2014,CARBON STEEL
20230298,2023,OTHER,2022,MATERIAL OTHER THAN CARBON STEEL
20230299,2023,OTHER,1939,CARBON STEEL
20230300,2023,INTERNAL_CORROSION,1950,CARBON STEEL
20230301,2023,MECHANICAL_DAMAGE,2005,CARBON STEEL
20230302,2023,MECHANICAL_DAMAGE,2019,CARBON STEEL
20230303,2023,MECHANICAL_DAMAGE,UNKNOWN,CARBON STEEL
20230304,2023,EXTERNAL_CORROSION,1988,CARBON STEEL
20230305,2023,INTERNAL_CORROSION,UNKNOWN,CARBON STEEL
20230306,2023,MECHANICAL_DAMAGE,2019,CARBON STEEL
20230307,2023,EXTERNAL_CORROSION,UNKNOWN,CARBON STEEL
20230308,2023,MECHANICAL_DAMAGE,2014,CARBON STEEL
20230309,2023,OTHER,2023,CARBON STEEL
20230310,2023,OTHER,2023,MATERIAL OTHER THAN CARBON STEEL
20240001,2023,MECHANICAL_DAMAGE,UNKNOWN,CARBON STEEL
20240002,2023,OTHER,2023,CARBON STEEL
20240003,2023,OTHER,2019,CARBON STEEL
20240004,2023,INTERNAL_CORROSION,1988,CARBON STEEL
20240005,2023,MECHANICAL_DAMAGE,1957,CARBON STEEL
20240006,2023,MECHANICAL_DAMAGE,1990,CARBON STEEL
20240007,2023,MATERIAL_FAILURE,1963,CARBON STEEL
20240008,2023,EXTERNAL_CORROSION,1922,CARBON STEEL
20240009,2023,MECHANICAL_DAMAGE,UNKNOWN,MATERIAL OTHER THAN CARBON STEEL
20240010,2023,MECHANICAL_DAMAGE,UNKNOWN,MATERIAL OTHER THAN CARBON STEEL
20240011,2023,INTERNAL_CORROSION,UNKNOWN,CARBON STEEL
20240012,2023,INTERNAL_CORROSION,UNKNOWN,CARBON STEEL
20240013,2023,INTERNAL_CORROSION,2015,CARBON STEEL
20240014,2023,MECHANICAL_DAMAGE,UNKNOWN,MATERIAL OTHER THAN CARBON STEEL
20240015,2023,INTERNAL_CORROSION,1998,CARBON STEEL
20240016,2023,MECHANICAL_DAMAGE,2023,MATERIAL OTHER THAN CARBON STEEL
20240017,2023,MECHANICAL_DAMAGE,1984,CARBON STEEL
20240018,2023,MECHANICAL_DAMAGE,2016,MATERIAL OTHER THAN CARBON STEEL
20240019,2023,MECHANICAL_DAMAGE,1965,CARBON STEEL
20240020,2023,INTERNAL_CORROSION,2016,CARBON STEEL
20240021,2023,EXTERNAL_CORROSION,1963,CARBON STEEL
20240022,2023,EXTERNAL_CORROSION,UNKNOWN,CARBON STEEL
20240023,2023,MECHANICAL_DAMAGE,2006,MATERIAL OTHER THAN CARBON STEEL
20240024,2023,INTERNAL_CORROSION,2014,CARBON STEEL
20240025,2024,MECHANICAL_DAMAGE,2022,CARBON STEEL
20240026,2024,MECHANICAL_DAMAGE,2009,CARBON STEEL
20240027,2024,MECHANICAL_DAMAGE,1972,CARBON STEEL
20240028,2024,INTERNAL_CORROSION,2018,CARBON STEEL
20240029,2024,MECHANICAL_DAMAGE,1980,MATERIAL OTHER THAN CARBON STEEL
20240030,2024,MECHANICAL_DAMAGE,2022,MATERIAL OTHER THAN CARBON STEEL
20240031,2024,MECHANICAL_DAMAGE,1972,CARBON STEEL
20240032,2024,MECHANICAL_DAMAGE,1972,CARBON STEEL
20240033,2024,OTHER,2023,MATERIAL OTHER THAN CARBON STEEL
20240034,2024,MATERIAL_FAILURE,2014,CARBON STEEL
20240035,2024,MECHANICAL_DAMAGE,2022,MATERIAL OTHER THAN CARBON STEEL
20240036,2024,INTERNAL_CORROSION,2016,CARBON STEEL
20240037,2024,MECHANICAL_DAMAGE,2016,CARBON STEEL
20240038,2024,EXTERNAL_CORROSION,1931,CARBON STEEL
20240039,2024,MECHANICAL_DAMAGE,UNKNOWN,CARBON STEEL
20240040,2024,OTHER,2023,CARBON STEEL
20240041,2024,MECHANICAL_DAMAGE,UNKNOWN,MATERIAL OTHER THAN CARBON STEEL
20240042,2024,INTERNAL_CORROSION,UNKNOWN,CARBON STEEL
20240043,2024,MATERIAL_FAILURE,1952,CARBON STEEL
20240044,2024,INTERNAL_CORROSION,1956,CARBON STEEL
20240045,2024,MECHANICAL_DAMAGE,1995,CARBON STEEL
20240046,2024,OTHER,2011,MATERIAL OTHER THAN CARBON STEEL
20240047,2024,OTHER,2018,MATERIAL OTHER THAN CARBON STEEL
20240048,2024,MECHANICAL_DAMAGE,2023,CARBON STEEL
20240049,2024,MECHANICAL_DAMAGE,UNKNOWN,MATERIAL OTHER THAN CARBON STEEL
20240050,2024,EXTERNAL_CORROSION,1945,CARBON STEEL
20240052,2024,OTHER,1959,CARBON STEEL
20240053,2024,MECHANICAL_DAMAGE,UNKNOWN,MATERIAL OTHER THAN CARBON STEEL
20240054,2024,OTHER,UNKNOWN,CARBON STEEL
20240055,2024,MECHANICAL_DAMAGE,2010,CARBON STEEL
20240056,2024,MATERIAL_FAILURE,1992,CARBON STEEL
20240057,2024,MATERIAL_FAILURE,1971,CARBON STEEL
20240058,2024,MECHANICAL_DAMAGE,UNKNOWN,CARBON STEEL
20240059,2024,MECHANICAL_DAMAGE,UNKNOWN,MATERIAL OTHER THAN CARBON STEEL
20240060,2024,MECHANICAL_DAMAGE,2020,CARBON STEEL
20240061,2024,INTERNAL_CORROSION,2013,CARBON STEEL
20240062,2024,MECHANICAL_DAMAGE,2021,CARBON STEEL
20240063,2024,MECHANICAL_DAMAGE,2019,CARBON STEEL
20240064,2024,OTHER,2004,CARBON STEEL
20240065,2024,MATERIAL_FAILURE,1982,CARBON STEEL
20240066,2024,MECHANICAL_DAMAGE,UNKNOWN,MATERIAL OTHER THAN CARBON STEEL
20240067,2024,MECHANICAL_DAMAGE,UNKNOWN,CARBON STEEL
20240068,2024,MECHANICAL_DAMAGE,2023,CARBON STEEL
20240069,2024,MATERIAL_FAILURE,1957,CARBON STEEL
20240070,2024,MECHANICAL_DAMAGE,2016,MATERIAL OTHER THAN CARBON STEEL
20240071,2024,MECHANICAL_DAMAGE,2014,MATERIAL OTHER THAN CARBON STEEL
20240073,2024,EXTERNAL_CORROSION,2014,CARBON STEEL
20240074,2024,EXTERNAL_CORROSION,1993,CARBON STEEL
20240075,2024,MECHANICAL_DAMAGE,2024,MATERIAL OTHER THAN CARBON STEEL
20240076,2024,OTHER,1957,CARBON STEEL
20240077,2024,MECHANICAL_DAMAGE,1968,CARBON STEEL
20240078,2024,MECHANICAL_DAMAGE,2013,CARBON STEEL
20240079,2024,OTHER,1996,CARBON STEEL
20240080,2024,INTERNAL_CORROSION,2014,CARBON STEEL
20240081,2024,MECHANICAL_DAMAGE,1969,CARBON STEEL
20240082,2024,MECHANICAL_DAMAGE,2005,CARBON STEEL
20240083,2024,INTERNAL_CORROSION,UNKNOWN,CARBON STEEL
20240084,2024,MECHANICAL_DAMAGE,UNKNOWN,MATERIAL OTHER THAN CARBON STEEL
20240085,2024,MECHANICAL_DAMAGE,UNKNOWN,MATERIAL OTHER THAN CARBON STEEL
20240086,2024,MECHANICAL_DAMAGE,2019,CARBON STEEL
20240087,2024,OTHER,2018,CARBON STEEL
20240088,2024,INTERNAL_CORROSION,1990,CARBON STEEL
20240089,2024,MECHANICAL_DAMAGE,UNKNOWN,CARBON STEEL
20240090,2024,EXTERNAL_CORROSION,1975,CARBON STEEL
20240091,2024,MATERIAL_FAILURE,2019,CARBON STEEL
20240092,2024,MECHANICAL_DAMAGE,2018,CARBON STEEL
20240093,2024,MECHANICAL_DAMAGE,2015,MATERIAL OTHER THAN CARBON STEEL
20240094,2024,MECHANICAL_DAMAGE,UNKNOWN,CARBON STEEL
20240095,2024,INTERNAL_CORROSION,1963,CARBON STEEL
20240096,2024,OTHER,1998,CARBON STEEL
20240097,2024,MECHANICAL_DAMAGE,2016,MATERIAL OTHER THAN CARBON STEEL
20240098,2024,INTERNAL_CORROSION,UNKNOWN,CARBON STEEL
20240099,2024,INTERNAL_CORROSION,2017,CARBON STEEL
20240100,2024,OTHER,UNKNOWN,CARBON STEEL
20240101,2024,OTHER,1998,CARBON STEEL
20240102,2024,MECHANICAL_DAMAGE,2023,MATERIAL OTHER THAN CARBON STEEL
20240103,2024,MECHANICAL_DAMAGE,1975,CARBON STEEL
20240104,2024,INTERNAL_CORROSION,2012,CARBON STEEL
20240105,2024,MECHANICAL_DAMAGE,1954,CARBON STEEL
20240106,2024,MECHANICAL_DAMAGE,2017,CARBON STEEL
20240107,2024,MECHANICAL_DAMAGE,2010,MATERIAL OTHER THAN CARBON STEEL
20240108,2024,MECHANICAL_DAMAGE,2024,MATERIAL OTHER THAN CARBON STEEL
20240109,2024,EXTERNAL_CORROSION,1949,CARBON STEEL
20240110,2024,OTHER,1944,CARBON STEEL
20240111,2024,MECHANICAL_DAMAGE,UNKNOWN,CARBON STEEL
20240112,2023,MECHANICAL_DAMAGE,1942,CARBON STEEL
20240113,2024,INTERNAL_CORROSION,2019,CARBON STEEL
20240114,2024,MECHANICAL_DAMAGE,UNKNOWN,CARBON STEEL
20240115,2024,INTERNAL_CORROSION,2018,CARBON STEEL
20240116,2024,MECHANICAL_DAMAGE,2019,MATERIAL OTHER THAN CARBON STEEL
20240117,2024,MECHANICAL_DAMAGE,UNKNOWN,CARBON STEEL
20240118,2024,INTERNAL_CORROSION,1977,CARBON STEEL
20240119,2024,OTHER,2018,CARBON STEEL
20240120,2024,EXTERNAL_CORROSION,1954,CARBON STEEL
20240122,2024,MECHANICAL_DAMAGE,1975,CARBON STEEL
20240123,2024,MECHANICAL_DAMAGE,2002,CARBON STEEL
20240124,2024,INTERNAL_CORROSION,2019,CARBON STEEL
20240125,2024,INTERNAL_CORROSION,2016,CARBON STEEL
20240126,2024,OTHER,1968,CARBON STEEL
20240127,2024,INTERNAL_CORROSION,2015,CARBON STEEL
20240128,2024,MECHANICAL_DAMAGE,2015,CARBON STEEL
20240129,2024,OTHER,UNKNOWN,CARBON STEEL
20240130,2024,MECHANICAL_DAMAGE,2024,CARBON STEEL
20240131,2024,INTERNAL_CORROSION,UNKNOWN,CARBON STEEL
20240132,2024,MECHANICAL_DAMAGE,2024,CARBON STEEL
20240133,2024,OTHER,1963,CARBON STEEL
20240135,2024,OTHER,1958,CARBON STEEL
20240136,2024,MECHANICAL_DAMAGE,2022,CARBON STEEL
20240137,2024,OTHER,2024,MATERIAL OTHER THAN CARBON STEEL
20240138,2024,MATERIAL_FAILURE,1933,CARBON STEEL
20240139,2024,INTERNAL_CORROSION,2012,CARBON STEEL
20240140,2024,EXTERNAL_CORROSION,1953,CARBON STEEL
20240141,2024,INTERNAL_CORROSION,1967,CARBON STEEL
20240142,2024,OTHER,2024,MATERIAL OTHER THAN CARBON STEEL
20240143,2024,INTERNAL_CORROSION,2020,CARBON STEEL
20240144,2024,MECHANICAL_DAMAGE,2009,MATERIAL OTHER THAN CARBON STEEL
20240145,2024,OTHER,UNKNOWN,CARBON STEEL
20240146,2024,MECHANICAL_DAMAGE,2024,MATERIAL OTHER THAN CARBON STEEL
20240147,2024,INTERNAL_CORROSION,2015,CARBON STEEL
20240148,2024,OTHER,2024,CARBON STEEL
20240149,2024,INTERNAL_CORROSION,2008,CARBON STEEL
20240150,2024,INTERNAL_CORROSION,1971,CARBON STEEL
20240151,2024,MECHANICAL_DAMAGE,2014,MATERIAL OTHER THAN CARBON STEEL
20240152,2024,MECHANICAL_DAMAGE,1984,CARBON STEEL
20240153,2024,MATERIAL_FAILURE,1985,CARBON STEEL
20240154,2024,MECHANICAL_DAMAGE,2022,CARBON STEEL
20240155,2024,OTHER,2024,MATERIAL OTHER THAN CARBON STEEL
20240156,2024,INTERNAL_CORROSION,2019,CARBON STEEL
20240157,2024,MECHANICAL_DAMAGE,2002,CARBON STEEL
20240158,2024,MECHANICAL_DAMAGE,1965,CARBON STEEL
20240159,2024,MECHANICAL_DAMAGE,2018,CARBON STEEL
20240160,2024,OTHER,2023,CARBON STEEL
20240161,2024,MECHANICAL_DAMAGE,1976,CARBON STEEL
20240162,2024,OTHER,2024,CARBON STEEL
20240163,2024,MECHANICAL_DAMAGE,2018,CARBON STEEL
20240164,2024,MECHANICAL_DAMAGE,UNKNOWN,MATERIAL OTHER THAN CARBON STEEL
20240165,2024,MECHANICAL_DAMAGE,1963,CARBON STEEL
20240166,2024,OTHER,1989,CARBON STEEL
20240167,2024,MECHANICAL_DAMAGE,2001,MATERIAL OTHER THAN CARBON STEEL
20240168,2024,INTERNAL_CORROSION,2015,CARBON STEEL
20240169,2024,MECHANICAL_DAMAGE,UNKNOWN,CARBON STEEL
20240170,2024,MECHANICAL_DAMAGE,2021,CARBON STEEL
20240171,2024,INTERNAL_CORROSION,1979,CARBON STEEL
20240172,2024,MECHANICAL_DAMAGE,2014,MATERIAL OTHER THAN CARBON STEEL
20240173,2024,MECHANICAL_DAMAGE,2009,CARBON STEEL
20240174,2024,INTERNAL_CORROSION,UNKNOWN,CARBON STEEL
20240175,2024,MECHANICAL_DAMAGE,UNKNOWN,MATERIAL OTHER THAN CARBON STEEL
20240176,2024,OTHER,2012,CARBON STEEL
20240177,2024,MECHANICAL_DAMAGE,2024,MATERIAL OTHER THAN CARBON STEEL
20240178,2024,INTERNAL_CORROSION,2020,CARBON STEEL
20240179,2024,INTERNAL_CORROSION,2016,CARBON STEEL
20240180,2024,OTHER,UNKNOWN,CARBON STEEL
20240181,2024,INTERNAL_CORROSION,UNKNOWN,CARBON STEEL
20240182,2024,OTHER,2022,MATERIAL OTHER THAN CARBON STEEL
20240183,2024,MECHANICAL_DAMAGE,UNKNOWN,CARBON STEEL
20240184,2024,MECHANICAL_DAMAGE,1999,CARBON STEEL
20240185,2024,MECHANICAL_DAMAGE,UNKNOWN,MATERIAL OTHER THAN CARBON STEEL
20240186,2024,INTERNAL_CORROSION,1972,CARBON STEEL
20240187,2024,INTERNAL_CORROSION,UNKNOWN,CARBON STEEL
20240188,2024,MECHANICAL_DAMAGE,UNKNOWN,CARBON STEEL
20240190,2024,OTHER,1994,CARBON STEEL
20240192,2024,EXTERNAL_CORROSION,1970,CARBON STEEL
20240194,2024,MECHANICAL_DAMAGE,2014,MATERIAL OTHER THAN CARBON STEEL
20240195,2024,EXTERNAL_CORROSION,1954,CARBON STEEL
20240196,2024,MECHANICAL_DAMAGE,2024,CARBON STEEL
20240198,2024,MECHANICAL_DAMAGE,2024,MATERIAL OTHER THAN CARBON STEEL
20240199,2024,INTERNAL_CORROSION,1951,CARBON STEEL
20240200,2024,OTHER,2024,CARBON STEEL
20240201,2024,MECHANICAL_DAMAGE,UNKNOWN,CARBON STEEL
20240202,2024,MECHANICAL_DAMAGE,UNKNOWN,MATERIAL OTHER THAN CARBON STEEL
20240203,2024,EXTERNAL_CORROSION,1963,CARBON STEEL
20240204,2024,MECHANICAL_DAMAGE,2012,MATERIAL OTHER THAN CARBON STEEL
20240205,2024,MECHANICAL_DAMAGE,UNKNOWN,CARBON STEEL
20240206,2024,EXTERNAL_CORROSION,1984,CARBON STEEL
20240207,2024,INTERNAL_CORROSION,UNKNOWN,CARBON STEEL
20240208,2024,INTERNAL_CORROSION,2012,CARBON STEEL
20240209,2024,MECHANICAL_DAMAGE,1951,CARBON STEEL
20240210,2024,INTERNAL_CORROSION,1950,CARBON STEEL
20240211,2024,OTHER,1969,CARBON STEEL
20240212,2024,EXTERNAL_CORROSION,1975,CARBON STEEL
20240213,2024,MECHANICAL_DAMAGE,1951,CARBON STEEL
20240214,2024,MATERIAL_FAILURE,1975,CARBON STEEL
20240215,2024,OTHER,UNKNOWN,CARBON STEEL
20240216,2024,OTHER,UNKNOWN,MATERIAL OTHER THAN CARBON STEEL
20240217,2024,OTHER,2006,MATERIAL OTHER THAN CARBON STEEL
20240218,2024,MECHANICAL_DAMAGE,1990,CARBON STEEL
20240219,2024,MATERIAL_FAILURE,1972,CARBON STEEL
20240220,2024,MECHANICAL_DAMAGE,2024,MATERIAL OTHER THAN CARBON STEEL
20240221,2024,OTHER,1994,CARBON STEEL
20240222,2024,OTHER,2019,CARBON STEEL
20240223,2024,MECHANICAL_DAMAGE,UNKNOWN,CARBON STEEL
20240224,2024,MECHANICAL_DAMAGE,2024,MATERIAL OTHER THAN CARBON STEEL
20240225,2024,MECHANICAL_DAMAGE,2017,CARBON STEEL
20240226,2024,MECHANICAL_DAMAGE,1967,CARBON STEEL
20240227,2024,MATERIAL_FAILURE,2018,CARBON STEEL
20240228,2024,MECHANICAL_DAMAGE,2019,CARBON STEEL
20240229,2024,INTERNAL_CORROSION,UNKNOWN,CARBON STEEL
20240230,2024,EXTERNAL_CORROSION,1928,CARBON STEEL
20240231,2024,INTERNAL_CORROSION,2015,CARBON STEEL
20240232,2024,EXTERNAL_CORROSION,1965,CARBON STEEL
20240233,2024,MECHANICAL_DAMAGE,UNKNOWN,CARBON STEEL
20240234,2024,INTERNAL_CORROSION,2013,CARBON STEEL
20240236,2024,OTHER,1967,CARBON STEEL
20240237,2024,MECHANICAL_DAMAGE,2018,CARBON STEEL
20240238,2024,MECHANICAL_DAMAGE,UNKNOWN,CARBON STEEL
20240239,2024,MECHANICAL_DAMAGE,2023,MATERIAL OTHER THAN CARBON STEEL
20240240,2024,EXTERNAL_CORROSION,1955,CARBON STEEL
20240241,2024,MECHANICAL_DAMAGE,UNKNOWN,CARBON STEEL
20240242,2024,INTERNAL_CORROSION,2016,CARBON STEEL
20240243,2024,MECHANICAL_DAMAGE,2016,CARBON STEEL
20240244,2024,INTERNAL_CORROSION,UNKNOWN,CARBON STEEL
20240245,2024,OTHER,2012,CARBON STEEL
20240246,2024,OTHER,UNKNOWN,CARBON STEEL
20240247,2024,MECHANICAL_DAMAGE,2022,MATERIAL OTHER THAN CARBON STEEL
20240248,2024,MECHANICAL_DAMAGE,2007,MATERIAL OTHER THAN CARBON STEEL
20240249,2024,INTERNAL_CORROSION,1980,CARBON STEEL
20240250,2024,MATERIAL_FAILURE,1958,CARBON STEEL
20240251,2024,MECHANICAL_DAMAGE,2023,MATERIAL OTHER THAN CARBON STEEL
20240252,2024,MECHANICAL_DAMAGE,2019,CARBON STEEL
20240255,2024,MECHANICAL_DAMAGE,2009,MATERIAL OTHER THAN CARBON STEEL
20240256,2024,EXTERNAL_CORROSION,UNKNOWN,CARBON STEEL
20240257,2024,EXTERNAL_CORROSION,2004,CARBON STEEL
20240258,2024,MATERIAL_FAILURE,2018,CARBON STEEL
20240259,2024,OTHER,2024,MATERIAL OTHER THAN CARBON STEEL
20240260,2024,MECHANICAL_DAMAGE,1974,CARBON STEEL
20240261,2024,INTERNAL_CORROSION,UNKNOWN,CARBON STEEL
20240262,2024,MECHANICAL_DAMAGE,2019,MATERIAL OTHER THAN CARBON STEEL
20240263,2024,MECHANICAL_DAMAGE,1980,CARBON STEEL
20240264,2024,MECHANICAL_DAMAGE,UNKNOWN,MATERIAL OTHER THAN CARBON STEEL
20240265,2024,MECHANICAL_DAMAGE,2024,CARBON STEEL
20240266,2024,MECHANICAL_DAMAGE,2019,MATERIAL OTHER THAN CARBON STEEL
20240267,2024,OTHER,1931,CARBON STEEL
20240268,2024,INTERNAL_CORROSION,1931,CARBON STEEL
20240269,2024,INTERNAL_CORROSION,2013,CARBON STEEL
20240271,2024,MATERIAL_FAILURE,2018,CARBON STEEL
20240272,2024,MECHANICAL_DAMAGE,1971,CARBON STEEL
20240273,2024,MECHANICAL_DAMAGE,UNKNOWN,CARBON STEEL
20240274,2024,EXTERNAL_CORROSION,1927,CARBON STEEL
20240275,2024,INTERNAL_CORROSION,2014,CARBON STEEL
20240276,2024,MECHANICAL_DAMAGE,1958,MATERIAL OTHER THAN CARBON STEEL
20240277,2024,MECHANICAL_DAMAGE,1988,CARBON STEEL
20240278,2024,MECHANICAL_DAMAGE,2014,CARBON STEEL
20240279,2024,MECHANICAL_DAMAGE,2020,CARBON STEEL
20240280,2024,MECHANICAL_DAMAGE,1963,CARBON STEEL
20240281,2024,INTERNAL_CORROSION,1931,CARBON STEEL
20240282,2024,INTERNAL_CORROSION,1960,CARBON STEEL
20240283,2024,MECHANICAL_DAMAGE,1989,CARBON STEEL
20240284,2024,MECHANICAL_DAMAGE,UNKNOWN,CARBON STEEL
20240285,2024,MECHANICAL_DAMAGE,1973,CARBON STEEL
20240286,2024,MECHANICAL_DAMAGE,2016,CARBON STEEL
20240287,2024,OTHER,1979,MATERIAL OTHER THAN CARBON STEEL
20240288,2024,MECHANICAL_DAMAGE,1973,CARBON STEEL
20240289,2024,INTERNAL_CORROSION,2014,CARBON STEEL
20240290,2024,MECHANICAL_DAMAGE,2023,CARBON STEEL
20240291,2024,MECHANICAL_DAMAGE,1998,CARBON STEEL
20240292,2024,EXTERNAL_CORROSION,2023,CARBON STEEL
20240293,2024,OTHER,UNKNOWN,CARBON STEEL
20240294,2024,MECHANICAL_DAMAGE,2007,MATERIAL OTHER THAN CARBON STEEL
20240296,2024,OTHER,UNKNOWN,CARBON STEEL
20240297,2024,MECHANICAL_DAMAGE,1987,MATERIAL OTHER THAN CARBON STEEL
20240298,2024,MECHANICAL_DAMAGE,UNKNOWN,MATERIAL OTHER THAN CARBON STEEL
20240299,2024,MECHANICAL_DAMAGE,2023,CARBON STEEL
20250002,2024,MECHANICAL_DAMAGE,UNKNOWN,CARBON STEEL
20250003,2024,MATERIAL_FAILURE,1980,CARBON STEEL
20250004,2024,MECHANICAL_DAMAGE,2022,MATERIAL OTHER THAN CARBON STEEL
20250005,2024,MECHANICAL_DAMAGE,2024,MATERIAL OTHER THAN CARBON STEEL
20250006,2024,INTERNAL_CORROSION,2017,CARBON STEEL
20250007,2024,MECHANICAL_DAMAGE,2019,CARBON STEEL
20250008,2024,MECHANICAL_DAMAGE,UNKNOWN,MATERIAL OTHER THAN CARBON STEEL
20250009,2024,INTERNAL_CORROSION,UNKNOWN,CARBON STEEL
20250010,2024,MECHANICAL_DAMAGE,1963,CARBON STEEL
20250011,2024,INTERNAL_CORROSION,2013,CARBON STEEL
20250012,2024,EXTERNAL_CORROSION,UNKNOWN,MATERIAL OTHER THAN CARBON STEEL
20250013,2024,MECHANICAL_DAMAGE,UNKNOWN,MATERIAL OTHER THAN CARBON STEEL
20250014,2024,MECHANICAL_DAMAGE,UNKNOWN,CARBON STEEL
20250015,2025,OTHER,2019,CARBON STEEL
20250016,2024,INTERNAL_CORROSION,2023,CARBON STEEL
20250017,2024,MECHANICAL_DAMAGE,2024,MATERIAL OTHER THAN CARBON STEEL
20250018,2024,MECHANICAL_DAMAGE,2024,CARBON STEEL
20250019,2024,MATERIAL_FAILURE,1941,CARBON STEEL
20250020,2024,OTHER,1992,CARBON STEEL
20250021,2024,EXTERNAL_CORROSION,1962,CARBON STEEL
20250022,2024,MECHANICAL_DAMAGE,UNKNOWN,CARBON STEEL
20250023,2024,MECHANICAL_DAMAGE,1957,CARBON STEEL
20250024,2024,INTERNAL_CORROSION,1939,CARBON STEEL
20250025,2024,INTERNAL_CORROSION,2010,CARBON STEEL
20250026,2024,INTERNAL_CORROSION,UNKNOWN,CARBON STEEL
20250027,2024,MECHANICAL_DAMAGE,2016,MATERIAL OTHER THAN CARBON STEEL
20250028,2024,MECHANICAL_DAMAGE,2014,CARBON STEEL
20250029,2025,MECHANICAL_DAMAGE,2022,MATERIAL OTHER THAN CARBON STEEL
20250030,2025,INTERNAL_CORROSION,2013,MATERIAL OTHER THAN CARBON STEEL
20250031,2025,MECHANICAL_DAMAGE,UNKNOWN,MATERIAL OTHER THAN CARBON STEEL
20250032,2025,MECHANICAL_DAMAGE,1971,CARBON STEEL
20250033,2025,INTERNAL_CORROSION,2015,CARBON STEEL
20250035,2025,OTHER,2014,CARBON STEEL
20250036,2025,MECHANICAL_DAMAGE,UNKNOWN,CARBON STEEL
20250037,2025,MATERIAL_FAILURE,1963,CARBON STEEL
20250039,2025,MECHANICAL_DAMAGE,UNKNOWN,MATERIAL OTHER THAN CARBON STEEL
20250040,2025,OTHER,UNKNOWN,CARBON STEEL
20250041,2025,MECHANICAL_DAMAGE,2009,CARBON STEEL
20250042,2025,MATERIAL_FAILURE,1953,CARBON STEEL
20250043,2025,EXTERNAL_CORROSION,1996,CARBON STEEL
20250044,2025,MECHANICAL_DAMAGE,1962,CARBON STEEL
20250045,2025,MECHANICAL_DAMAGE,2012,CARBON STEEL
20250046,2025,MECHANICAL_DAMAGE,2016,CARBON STEEL
20250047,2025,MECHANICAL_DAMAGE,2012,CARBON STEEL
20250048,2025,MECHANICAL_DAMAGE,2025,MATERIAL OTHER THAN CARBON STEEL
20250049,2025,MECHANICAL_DAMAGE,2020,CARBON STEEL
20250050,2025,MECHANICAL_DAMAGE,2025,MATERIAL OTHER THAN CARBON STEEL
20250051,2025,MATERIAL_FAILURE,1956,CARBON STEEL
20250052,2025,OTHER,2023,CARBON STEEL
20250053,2025,OTHER,UNKNOWN,MATERIAL OTHER THAN CARBON STEEL
20250054,2025,MECHANICAL_DAMAGE,UNKNOWN,MATERIAL OTHER THAN CARBON STEEL
20250057,2025,MATERIAL_FAILURE,UNKNOWN,MATERIAL OTHER THAN CARBON STEEL
20250058,2025,INTERNAL_CORROSION,2018,CARBON STEEL
20250059,2025,MECHANICAL_DAMAGE,2011,MATERIAL OTHER THAN CARBON STEEL
20250060,2025,MATERIAL_FAILURE,2015,CARBON STEEL
20250061,2025,OTHER,2000,MATERIAL OTHER THAN CARBON STEEL
20250062,2025,INTERNAL_CORROSION,2025,CARBON STEEL
20250063,2025,MECHANICAL_DAMAGE,UNKNOWN,MATERIAL OTHER THAN CARBON STEEL
20250064,2025,MECHANICAL_DAMAGE,2012,MATERIAL OTHER THAN CARBON STEEL
20250065,2025,OTHER,2025,MATERIAL OTHER THAN CARBON STEEL
20250066,2025,MECHANICAL_DAMAGE,UNKNOWN,CARBON STEEL
20250067,2025,MATERIAL_FAILURE,1980,CARBON STEEL
20250068,2025,MECHANICAL_DAMAGE,2024,CARBON STEEL
20250069,2025,INTERNAL_CORROSION,1981,CARBON STEEL
20250070,2025,MECHANICAL_DAMAGE,2024,MATERIAL OTHER THAN CARBON STEEL
20250071,2025,OTHER,2015,CARBON STEEL
20250072,2025,INTERNAL_CORROSION,2017,CARBON STEEL
20250073,2025,INTERNAL_CORROSION,2012,CARBON STEEL
20250074,2025,OTHER,2018,CARBON STEEL
20250075,2025,MECHANICAL_DAMAGE,UNKNOWN,CARBON STEEL
20250076,2025,MECHANICAL_DAMAGE,UNKNOWN,CARBON STEEL
20250077,2025,MECHANICAL_DAMAGE,1930,CARBON STEEL
20250078,2025,OTHER,UNKNOWN,CARBON STEEL
20250079,2025,EXTERNAL_CORROSION,1997,CARBON STEEL
20250080,2025,OTHER,UNKNOWN,CARBON STEEL
20250081,2025,OTHER,UNKNOWN,CARBON STEEL
20250082,2025,MECHANICAL_DAMAGE,2022,MATERIAL OTHER THAN CARBON STEEL
20250083,2025,EXTERNAL_CORROSION,1963,CARBON STEEL
20250084,2025,MECHANICAL_DAMAGE,2016,MATERIAL OTHER THAN CARBON STEEL
20250085,2025,OTHER,1989,CARBON STEEL
20250086,2025,OTHER,2025,CARBON STEEL
20250087,2025,MECHANICAL_DAMAGE,UNKNOWN,MATERIAL OTHER THAN CARBON STEEL
20250088,2025,MECHANICAL_DAMAGE,2014,MATERIAL OTHER THAN CARBON STEEL
20250089,2025,EXTERNAL_CORROSION,1966,CARBON STEEL
20250090,2025,INTERNAL_CORROSION,UNKNOWN,CARBON STEEL
20250091,2025,INTERNAL_CORROSION,1971,CARBON STEEL
20250092,2025,MECHANICAL_DAMAGE,UNKNOWN,CARBON STEEL
20250093,2025,MECHANICAL_DAMAGE,UNKNOWN,CARBON STEEL
20250094,2025,MECHANICAL_DAMAGE,UNKNOWN,CARBON STEEL
20250095,2025,MATERIAL_FAILURE,1960,CARBON STEEL
20250096,2025,MATERIAL_FAILURE,1965,CARBON STEEL
20250097,2025,MECHANICAL_DAMAGE,2025,MATERIAL OTHER THAN CARBON STEEL
20250098,2025,MECHANICAL_DAMAGE,UNKNOWN,CARBON STEEL
20250099,2025,MECHANICAL_DAMAGE,1981,CARBON STEEL
20250100,2025,INTERNAL_CORROSION,1980,CARBON STEEL
20250101,2025,INTERNAL_CORROSION,1998,CARBON STEEL
20250102,2025,INTERNAL_CORROSION,2017,CARBON STEEL
20250103,2025,MATERIAL_FAILURE,2019,CARBON STEEL
20250104,2025,MECHANICAL_DAMAGE,1994,CARBON STEEL
20250105,2025,MECHANICAL_DAMAGE,2025,MATERIAL OTHER THAN CARBON STEEL
20250106,2025,MECHANICAL_DAMAGE,2021,CARBON STEEL
20250107,2025,INTERNAL_CORROSION,2014,CARBON STEEL
20250108,2025,MECHANICAL_DAMAGE,UNKNOWN,CARBON STEEL
20250109,2025,MECHANICAL_DAMAGE,1967,CARBON STEEL
20250110,2025,MECHANICAL_DAMAGE,2011,CARBON STEEL
20250111,2025,MECHANICAL_DAMAGE,2019,CARBON STEEL
20250112,2025,MATERIAL_FAILURE,2008,CARBON STEEL
20250113,2025,MECHANICAL_DAMAGE,2013,MATERIAL OTHER THAN CARBON STEEL
20250114,2025,INTERNAL_CORROSION,2019,CARBON STEEL
20250115,2025,MECHANICAL_DAMAGE,2011,CARBON STEEL
20250116,2025,MECHANICAL_DAMAGE,1965,MATERIAL OTHER THAN CARBON STEEL
20250117,2025,INTERNAL_CORROSION,1963,CARBON STEEL
20250118,2025,OTHER,2025,CARBON STEEL
20250119,2025,INTERNAL_CORROSION,2018,CARBON STEEL
20250120,2025,OTHER,2015,CARBON STEEL
20250121,2025,MECHANICAL_DAMAGE,1986,MATERIAL OTHER THAN CARBON STEEL
20250122,2025,MECHANICAL_DAMAGE,2023,MATERIAL OTHER THAN CARBON STEEL
20250124,2025,MECHANICAL_DAMAGE,1997,CARBON STEEL
20250125,2025,MECHANICAL_DAMAGE,2017,CARBON STEEL
20250126,2025,MECHANICAL_DAMAGE,2022,CARBON STEEL
20250127,2025,INTERNAL_CORROSION,1981,CARBON STEEL
20250128,2025,OTHER,1989,CARBON STEEL
20250129,2025,MECHANICAL_DAMAGE,UNKNOWN,CARBON STEEL
20250130,2025,MECHANICAL_DAMAGE,UNKNOWN,MATERIAL OTHER THAN CARBON STEEL
20250131,2025,MECHANICAL_DAMAGE,2008,CARBON STEEL
20250132,2025,MECHANICAL_DAMAGE,1966,CARBON STEEL
20250133,2025,MECHANICAL_DAMAGE,2017,MATERIAL OTHER THAN CARBON STEEL
20250135,2025,MECHANICAL_DAMAGE,2025,CARBON STEEL
20250136,2025,MECHANICAL_DAMAGE,2014,MATERIAL OTHER THAN CARBON STEEL
20250137,2025,EXTERNAL_CORROSION,1996,CARBON STEEL
20250138,2025,MECHANICAL_DAMAGE,2014,MATERIAL OTHER THAN CARBON STEEL
20250139,2025,EXTERNAL_CORROSION,1953,CARBON STEEL
20250140,2025,MECHANICAL_DAMAGE,UNKNOWN,CARBON STEEL
20250141,2025,MATERIAL_FAILURE,1944,CARBON STEEL
20250142,2025,INTERNAL_CORROSION,UNKNOWN,CARBON STEEL
20250143,2025,OTHER,2011,CARBON STEEL
20250144,2025,MECHANICAL_DAMAGE,2007,CARBON STEEL
20250145,2025,MECHANICAL_DAMAGE,UNKNOWN,CARBON STEEL
20250146,2025,EXTERNAL_CORROSION,1958,CARBON STEEL
20250147,2025,MECHANICAL_DAMAGE,2013,CARBON STEEL
20250148,2025,INTERNAL_CORROSION,2018,CARBON STEEL
20250149,2025,MECHANICAL_DAMAGE,1977,MATERIAL OTHER THAN CARBON STEEL
20250150,2025,OTHER,2017,MATERIAL OTHER THAN CARBON STEEL
20250151,2025,OTHER,2012,CARBON STEEL
20250152,2025,EXTERNAL_CORROSION,1968,CARBON STEEL
20250153,2025,OTHER,2005,CARBON STEEL
20250154,2025,MECHANICAL_DAMAGE,UNKNOWN,CARBON STEEL
20250155,2025,INTERNAL_CORROSION,2017,CARBON STEEL
20250156,2025,OTHER,1931,MATERIAL OTHER THAN CARBON STEEL
20250157,2025,MATERIAL_FAILURE,2011,CARBON STEEL
20250158,2025,MECHANICAL_DAMAGE,2018,CARBON STEEL
20250159,2025,INTERNAL_CORROSION,UNKNOWN,CARBON STEEL
20250160,2025,MECHANICAL_DAMAGE,1980,CARBON STEEL
20250162,2025,INTERNAL_CORROSION,UNKNOWN,CARBON STEEL
20250163,2025,MATERIAL_FAILURE,2015,CARBON STEEL
20250164,2025,MECHANICAL_DAMAGE,1967,CARBON STEEL
20250165,2025,INTERNAL_CORROSION,1967,CARBON STEEL
20250166,2025,MECHANICAL_DAMAGE,2025,MATERIAL OTHER THAN CARBON STEEL
20250167,2025,OTHER,2009,CARBON STEEL
20250168,2025,MECHANICAL_DAMAGE,2024,MATERIAL OTHER THAN CARBON STEEL
20250169,2025,MECHANICAL_DAMAGE,1997,CARBON STEEL
20250170,2025,OTHER,2019,CARBON STEEL
20250171,2025,INTERNAL_CORROSION,2013,CARBON STEEL
20250172,2025,MECHANICAL_DAMAGE,2025,CARBON STEEL
20250173,2025,MECHANICAL_DAMAGE,2020,CARBON STEEL
20250174,2025,INTERNAL_CORROSION,2018,CARBON STEEL
20250175,2025,MECHANICAL_DAMAGE,2024,CARBON STEEL
20250176,2025,MECHANICAL_DAMAGE,2011,CARBON STEEL
20250177,2025,OTHER,2025,CARBON STEEL
20250178,2025,MECHANICAL_DAMAGE,2024,CARBON STEEL
20250179,2021,INTERNAL_CORROSION,2015,CARBON STEEL
20250181,2025,INTERNAL_CORROSION,2014,CARBON STEEL
20250183,2025,MECHANICAL_DAMAGE,UNKNOWN,MATERIAL OTHER THAN CARBON STEEL
20250184,2025,OTHER,1997,CARBON STEEL
20250185,2025,OTHER,1948,CARBON STEEL
20250186,2025,INTERNAL_CORROSION,1963,CARBON STEEL
20250187,2025,MECHANICAL_DAMAGE,2024,CARBON STEEL
20250188,2025,OTHER,UNKNOWN,CARBON STEEL
20250189,2025,INTERNAL_CORROSION,UNKNOWN,CARBON STEEL
20250190,2025,OTHER,2014,CARBON STEEL
20250191,2025,INTERNAL_CORROSION,2013,CARBON STEEL
20250192,2025,INTERNAL_CORROSION,1960,CARBON STEEL
20250193,2025,INTERNAL_CORROSION,1960,CARBON STEEL
20250194,2025,MECHANICAL_DAMAGE,1980,MATERIAL OTHER THAN CARBON STEEL
20250196,2025,OTHER,2017,CARBON STEEL
20250197,2025,OTHER,2015,CARBON STEEL
20250198,2025,MECHANICAL_DAMAGE,2018,CARBON STEEL
20250199,2025,INTERNAL_CORROSION,2019,CARBON STEEL
20250200,2025,MECHANICAL_DAMAGE,UNKNOWN,MATERIAL OTHER THAN CARBON STEEL
20250201,2025,MECHANICAL_DAMAGE,2025,MATERIAL OTHER THAN CARBON STEEL
20250202,2025,MATERIAL_FAILURE,1981,CARBON STEEL
20250203,2025,MECHANICAL_DAMAGE,2015,MATERIAL OTHER THAN CARBON STEEL
20250204,2025,MECHANICAL_DAMAGE,2018,MATERIAL OTHER THAN CARBON STEEL
20250205,2025,INTERNAL_CORROSION,2014,CARBON STEEL
20250206,2025,MECHANICAL_DAMAGE,2015,CARBON STEEL
20250207,2025,INTERNAL_CORROSION,2012,CARBON STEEL
20250208,2025,MECHANICAL_DAMAGE,2025,MATERIAL OTHER THAN CARBON STEEL
20250209,2025,MECHANICAL_DAMAGE,2021,CARBON STEEL
20250210,2025,MECHANICAL_DAMAGE,2022,CARBON STEEL
20250211,2025,OTHER,1997,CARBON STEEL
20250212,2025,OTHER,UNKNOWN,CARBON STEEL
20250213,2025,INTERNAL_CORROSION,2015,CARBON STEEL
20250214,2025,MECHANICAL_DAMAGE,2017,CARBON STEEL
20250215,2025,INTERNAL_CORROSION,2015,CARBON STEEL
20250216,2025,INTERNAL_CORROSION,2017,CARBON STEEL
20250217,2025,INTERNAL_CORROSION,2010,CARBON STEEL
20250218,2025,MECHANICAL_DAMAGE,2024,MATERIAL OTHER THAN CARBON STEEL
20250219,2025,INTERNAL_CORROSION,2015,CARBON STEEL
20250220,2025,MECHANICAL_DAMAGE,UNKNOWN,MATERIAL OTHER THAN CARBON STEEL
20250221,2025,MATERIAL_FAILURE,1950,CARBON STEEL
20250222,2025,MECHANICAL_DAMAGE,UNKNOWN,MATERIAL OTHER THAN CARBON STEEL
20250223,2025,EXTERNAL_CORROSION,UNKNOWN,CARBON STEEL
20250224,2025,INTERNAL_CORROSION,2010,CARBON STEEL
20250225,2025,EXTERNAL_CORROSION,1952,CARBON STEEL
20250226,2025,EXTERNAL_CORROSION,1984,CARBON STEEL
20250227,2025,MECHANICAL_DAMAGE,1928,CARBON STEEL
20250228,2025,MECHANICAL_DAMAGE,1998,CARBON STEEL
20250229,2025,OTHER,2025,MATERIAL OTHER THAN CARBON STEEL
20250230,2025,MECHANICAL_DAMAGE,1997,CARBON STEEL
20250231,2025,OTHER,2015,CARBON STEEL
20250232,2025,MECHANICAL_DAMAGE,2024,MATERIAL OTHER THAN CARBON STEEL
20250233,2025,OTHER,2015,CARBON STEEL
20250235,2025,INTERNAL_CORROSION,2018,CARBON STEEL
20250236,2025,MECHANICAL_DAMAGE,UNKNOWN,MATERIAL OTHER THAN CARBON STEEL
20250237,2025,MECHANICAL_DAMAGE,2010,MATERIAL OTHER THAN CARBON STEEL
20250238,2025,INTERNAL_CORROSION,2022,CARBON STEEL
20250239,2025,INTERNAL_CORROSION,UNKNOWN,CARBON STEEL
20250240,2025,OTHER,UNKNOWN,CARBON STEEL
20250241,2025,INTERNAL_CORROSION,2017,CARBON STEEL
20250242,2025,OTHER,1991,CARBON STEEL
20250243,2025,MECHANICAL_DAMAGE,2023,CARBON STEEL
20250244,2025,MECHANICAL_DAMAGE,UNKNOWN,CARBON STEEL
20250245,2025,OTHER,1953,CARBON STEEL
20250246,2025,EXTERNAL_CORROSION,1941,CARBON STEEL
20250247,2025,MECHANICAL_DAMAGE,UNKNOWN,CARBON STEEL
20250248,2025,INTERNAL_CORROSION,2015,CARBON STEEL
20250249,2025,INTERNAL_CORROSION,UNKNOWN,CARBON STEEL
20250250,2025,OTHER,UNKNOWN,MATERIAL OTHER THAN CARBON STEEL
20250251,2025,MECHANICAL_DAMAGE,UNKNOWN,MATERIAL OTHER THAN CARBON STEEL
20250252,2025,MECHANICAL_DAMAGE,2014,CARBON STEEL
20250253,2025,MECHANICAL_DAMAGE,UNKNOWN,CARBON STEEL
20250254,2025,MATERIAL_FAILURE,2018,CARBON STEEL
20250255,2025,MECHANICAL_DAMAGE,1966,CARBON STEEL
20250256,2025,MECHANICAL_DAMAGE,2012,MATERIAL OTHER THAN CARBON STEEL
20250257,2025,MECHANICAL_DAMAGE,1946,CARBON STEEL
20250258,2025,INTERNAL_CORROSION,2012,CARBON STEEL
20250259,2025,MATERIAL_FAILURE,1979,CARBON STEEL
20250260,2025,MECHANICAL_DAMAGE,2018,CARBON STEEL
20250262,2025,MATERIAL_FAILURE,2019,CARBON STEEL
20250263,2025,MECHANICAL_DAMAGE,2019,MATERIAL OTHER THAN CARBON STEEL
20250264,2025,MECHANICAL_DAMAGE,1985,CARBON STEEL
20250265,2025,OTHER,2025,CARBON STEEL
20250266,2025,MECHANICAL_DAMAGE,2020,MATERIAL OTHER THAN CARBON STEEL
20250267,2025,OTHER,1976,CARBON STEEL
20250268,2025,MECHANICAL_DAMAGE,1950,CARBON STEEL
20250269,2025,INTERNAL_CORROSION,1946,CARBON STEEL
20250270,2025,MECHANICAL_DAMAGE,2016,CARBON STEEL
20250271,2025,MECHANICAL_DAMAGE,1928,CARBON STEEL
20250272,2025,OTHER,1951,CARBON STEEL
20250273,2025,INTERNAL_CORROSION,2015,CARBON STEEL
20250274,2025,MATERIAL_FAILURE,1973,CARBON STEEL
20250275,2025,OTHER,2019,CARBON STEEL
20250276,2025,MECHANICAL_DAMAGE,1988,CARBON STEEL
20250277,2025,MECHANICAL_DAMAGE,1958,CARBON STEEL
20250278,2025,MECHANICAL_DAMAGE,2025,CARBON STEEL
20250279,2025,MECHANICAL_DAMAGE,1960,CARBON STEEL
20250280,2025,MECHANICAL_DAMAGE,UNKNOWN,CARBON STEEL
20250281,2025,MECHANICAL_DAMAGE,UNKNOWN,MATERIAL OTHER THAN CARBON STEEL
20250282,2025,MECHANICAL_DAMAGE,1969,CARBON STEEL
20250283,2025,MECHANICAL_DAMAGE,2024,CARBON STEEL
20250284,2025,MECHANICAL_DAMAGE,2025,CARBON STEEL
20250285,2025,EXTERNAL_CORROSION,1961,CARBON STEEL
20250286,2025,MECHANICAL_DAMAGE,UNKNOWN,MATERIAL OTHER THAN CARBON STEEL
20250287,2025,MECHANICAL_DAMAGE,2017,CARBON STEEL
20250288,2025,EXTERNAL_CORROSION,2013,CARBON STEEL
20250289,2025,OTHER,1960,CARBON STEEL
20250290,2025,EXTERNAL_CORROSION,2002,CARBON STEEL
20250291,2025,EXTERNAL_CORROSION,2012,CARBON STEEL
20260001,2025,EXTERNAL_CORROSION,1980,CARBON STEEL
20260002,2025,EXTERNAL_CORROSION,1956,CARBON STEEL
20260003,2025,MECHANICAL_DAMAGE,1982,CARBON STEEL
20260004,2025,EXTERNAL_CORROSION,1927,CARBON STEEL
20260005,2025,INTERNAL_CORROSION,2008,CARBON STEEL
20260006,2025,MECHANICAL_DAMAGE,2025,CARBON STEEL
20260007,2025,MECHANICAL_DAMAGE,2025,CARBON STEEL
20260008,2025,OTHER,UNKNOWN,MATERIAL OTHER THAN CARBON STEEL
20260009,2025,MECHANICAL_DAMAGE,1996,CARBON STEEL
20260010,2025,OTHER,2020,MATERIAL OTHER THAN CARBON STEEL
20260011,2025,OTHER,2025,CARBON STEEL
20260012,2025,INTERNAL_CORROSION,2013,CARBON STEEL
20260013,2025,MECHANICAL_DAMAGE,UNKNOWN,CARBON STEEL
20260014,2025,OTHER,2025,CARBON STEEL
20260015,2025,EXTERNAL_CORROSION,1947,CARBON STEEL
20260016,2025,MECHANICAL_DAMAGE,2023,MATERIAL OTHER THAN CARBON STEEL
20260018,2025,MECHANICAL_DAMAGE,2025,MATERIAL OTHER THAN CARBON STEEL
20260019,2026,MECHANICAL_DAMAGE,1964,CARBON STEEL
20260020,2026,MECHANICAL_DAMAGE,UNKNOWN,MATERIAL OTHER THAN CARBON STEEL
20260021,2026,EXTERNAL_CORROSION,UNKNOWN,CARBON STEEL
20260022,2026,MECHANICAL_DAMAGE,1998,CARBON STEEL
20260023,2026,OTHER,UNKNOWN,CARBON STEEL
20260024,2026,INTERNAL_CORROSION,1980,CARBON STEEL
20260025,2026,INTERNAL_CORROSION,1947,CARBON STEEL
20260026,2026,INTERNAL_CORROSION,1952,CARBON STEEL
20260027,2026,OTHER,2019,CARBON STEEL
20260028,2026,MATERIAL_FAILURE,2018,CARBON STEEL
20260029,2026,MECHANICAL_DAMAGE,1996,CARBON STEEL
20260030,2026,OTHER,2023,CARBON STEEL
20260031,2026,MECHANICAL_DAMAGE,1962,MATERIAL OTHER THAN CARBON STEEL
20260032,2026,OTHER,UNKNOWN,CARBON STEEL
20260033,2026,MECHANICAL_DAMAGE,2019,CARBON STEEL
20260034,2026,MECHANICAL_DAMAGE,2007,CARBON STEEL
20260035,2026,OTHER,UNKNOWN,MATERIAL OTHER THAN CARBON STEEL
20260036,2026,MECHANICAL_DAMAGE,UNKNOWN,MATERIAL OTHER THAN CARBON STEEL
20260037,2026,OTHER,2015,CARBON STEEL
20260038,2026,OTHER,UNKNOWN,CARBON STEEL
20260039,2026,OTHER,UNKNOWN,MATERIAL OTHER THAN CARBON STEEL
20260040,2026,MECHANICAL_DAMAGE,UNKNOWN,MATERIAL OTHER THAN CARBON STEEL
20260041,2026,OTHER,UNKNOWN,CARBON STEEL
20260042,2026,OTHER,1994,CARBON STEEL
20260043,2025,OTHER,1964,CARBON STEEL
20260044,2026,OTHER,UNKNOWN,CARBON STEEL
20260045,2026,OTHER,UNKNOWN,MATERIAL OTHER THAN CARBON STEEL
20260046,2026,MECHANICAL_DAMAGE,2013,CARBON STEEL
20260047,2026,MECHANICAL_DAMAGE,2016,MATERIAL OTHER THAN CARBON STEEL
20260048,2026,INTERNAL_CORROSION,2019,CARBON STEEL
20260049,2026,MATERIAL_FAILURE,2019,CARBON STEEL
20260050,2026,MECHANICAL_DAMAGE,2018,CARBON STEEL
20260051,2026,MECHANICAL_DAMAGE,UNKNOWN,CARBON STEEL
20260052,2026,OTHER,UNKNOWN,MATERIAL OTHER THAN CARBON STEEL
20260053,2026,MECHANICAL_DAMAGE,UNKNOWN,CARBON STEEL
20260054,2026,OTHER,2022,MATERIAL OTHER THAN CARBON STEEL
20260055,2026,MECHANICAL_DAMAGE,2013,MATERIAL OTHER THAN CARBON STEEL
20260056,2026,MECHANICAL_DAMAGE,2025,CARBON STEEL
20260057,2026,MECHANICAL_DAMAGE,2025,MATERIAL OTHER THAN CARBON STEEL
20260058,2026,MATERIAL_FAILURE,1972,CARBON STEEL
20260059,2026,MECHANICAL_DAMAGE,1998,CARBON STEEL
20260060,2026,INTERNAL_CORROSION,2022,CARBON STEEL
20260061,2026,INTERNAL_CORROSION,UNKNOWN,CARBON STEEL
20260062,2026,MECHANICAL_DAMAGE,2020,CARBON STEEL
20260063,2026,MECHANICAL_DAMAGE,1992,CARBON STEEL
20260064,2026,MECHANICAL_DAMAGE,UNKNOWN,MATERIAL OTHER THAN CARBON STEEL
20260065,2026,EXTERNAL_CORROSION,1964,CARBON STEEL
20260066,2026,MECHANICAL_DAMAGE,1963,MATERIAL OTHER THAN CARBON STEEL
20260067,2026,INTERNAL_CORROSION,2019,CARBON STEEL
20260068,2026,MATERIAL_FAILURE,2006,CARBON STEEL
20260069,2026,MATERIAL_FAILURE,2014,CARBON STEEL
20260070,2026,OTHER,UNKNOWN,CARBON STEEL
20260071,2026,MECHANICAL_DAMAGE,2019,CARBON STEEL
20260072,2026,OTHER,2026,MATERIAL OTHER THAN CARBON STEEL
20260073,2026,OTHER,2026,CARBON STEEL
20260074,2026,MECHANICAL_DAMAGE,2023,CARBON STEEL
20260075,2026,MECHANICAL_DAMAGE,2026,CARBON STEEL
20260076,2026,MECHANICAL_DAMAGE,2025,CARBON STEEL
20260077,2026,MECHANICAL_DAMAGE,UNKNOWN,MATERIAL OTHER THAN CARBON STEEL
20260078,2026,OTHER,2023,CARBON STEEL
20260079,2026,MECHANICAL_DAMAGE,2026,MATERIAL OTHER THAN CARBON STEEL
20260080,2026,MATERIAL_FAILURE,1962,MATERIAL OTHER THAN CARBON STEEL
20260081,2026,OTHER,2025,CARBON STEEL
20260082,2026,OTHER,2025,CARBON STEEL
20260083,2026,MECHANICAL_DAMAGE,1972,CARBON STEEL
20260084,2026,MECHANICAL_DAMAGE,1957,CARBON STEEL
20260085,2026,MECHANICAL_DAMAGE,2022,MATERIAL OTHER THAN CARBON STEEL
20260086,2026,OTHER,1967,CARBON STEEL
20260087,2026,INTERNAL_CORROSION,UNKNOWN,CARBON STEEL
20260088,2026,MATERIAL_FAILURE,1951,CARBON STEEL
20260089,2026,OTHER,UNKNOWN,CARBON STEEL
20260090,2023,MECHANICAL_DAMAGE,UNKNOWN,CARBON STEEL
20260091,2026,OTHER,2019,CARBON STEEL
20260092,2026,OTHER,2008,CARBON STEEL
20260093,2026,INTERNAL_CORROSION,UNKNOWN,CARBON STEEL
20260094,2026,MECHANICAL_DAMAGE,2007,CARBON STEEL
20260095,2026,INTERNAL_CORROSION,2020,CARBON STEEL
20260096,2026,OTHER,2009,CARBON STEEL
20260097,2026,MECHANICAL_DAMAGE,UNKNOWN,CARBON STEEL
20260098,2026,MECHANICAL_DAMAGE,1947,CARBON STEEL
20260099,2026,EXTERNAL_CORROSION,UNKNOWN,CARBON STEEL
20260100,2026,EXTERNAL_CORROSION,1991,CARBON STEEL
20260101,2026,MECHANICAL_DAMAGE,2013,MATERIAL OTHER THAN CARBON STEEL
20260102,2026,MECHANICAL_DAMAGE,2016,CARBON STEEL
20260103,2026,OTHER,2021,CARBON STEEL
20260104,2026,MECHANICAL_DAMAGE,1962,CARBON STEEL
20260105,2026,MECHANICAL_DAMAGE,2023,MATERIAL OTHER THAN CARBON STEEL
20260106,2026,OTHER,UNKNOWN,CARBON STEEL
20260107,2026,MECHANICAL_DAMAGE,1979,CARBON STEEL
20260108,2026,OTHER,2021,MATERIAL OTHER THAN CARBON STEEL
20260109,2026,OTHER,2009,CARBON STEEL
20260110,2026,OTHER,UNKNOWN,CARBON STEEL
20260111,2026,OTHER,2019,CARBON STEEL
20260112,2026,OTHER,2025,CARBON STEEL
20260113,2026,INTERNAL_CORROSION,UNKNOWN,CARBON STEEL
20260114,2026,OTHER,2016,CARBON STEEL
20260115,2026,OTHER,UNKNOWN,CARBON STEEL
20260116,2026,MECHANICAL_DAMAGE,1967,CARBON STEEL
20260117,2026,OTHER,2015,CARBON STEEL
20260118,2026,MECHANICAL_DAMAGE,1974,CARBON STEEL
20260119,2026,EXTERNAL_CORROSION,1958,CARBON STEEL
20260120,2026,EXTERNAL_CORROSION,1958,CARBON STEEL
20260121,2026,MECHANICAL_DAMAGE,UNKNOWN,CARBON STEEL
20260122,2026,OTHER,UNKNOWN,CARBON STEEL
20260123,2026,MECHANICAL_DAMAGE,UNKNOWN,MATERIAL OTHER THAN CARBON STEEL
20260124,2026,INTERNAL_CORROSION,2012,CARBON STEEL
20260125,2026,INTERNAL_CORROSION,1964,CARBON STEEL
20260126,2026,OTHER,UNKNOWN,MATERIAL OTHER THAN CARBON STEEL
20260127,2026,MECHANICAL_DAMAGE,UNKNOWN,MATERIAL OTHER THAN CARBON STEEL
20260128,2026,INTERNAL_CORROSION,1960,CARBON STEEL
20260129,2026,OTHER,UNKNOWN,CARBON STEEL
20260130,2026,OTHER,2019,MATERIAL OTHER THAN CARBON STEEL
20260131,2026,MECHANICAL_DAMAGE,2013,CARBON STEEL
20260132,2026,OTHER,2023,CARBON STEEL
20260133,2026,OTHER,2019,CARBON STEEL
20260134,2026,MECHANICAL_DAMAGE,2003,CARBON STEEL
20260135,2026,MECHANICAL_DAMAGE,2014,CARBON STEEL
20260136,2026,INTERNAL_CORROSION,2009,CARBON STEEL
20260137,2026,OTHER,2023,CARBON STEEL
20260138,2026,INTERNAL_CORROSION,UNKNOWN,CARBON STEEL
20260139,2026,INTERNAL_CORROSION,2006,CARBON STEEL
20260140,2026,MECHANICAL_DAMAGE,UNKNOWN,CARBON STEEL
20260141,2026,MECHANICAL_DAMAGE,1999,CARBON STEEL
20260142,2026,INTERNAL_CORROSION,2020,CARBON STEEL
20260143,2026,MECHANICAL_DAMAGE,2020,CARBON STEEL
20260144,2026,MECHANICAL_DAMAGE,UNKNOWN,MATERIAL OTHER THAN CARBON STEEL
20260145,2026,OTHER,1950,CARBON STEEL
20260146,2026,OTHER,UNKNOWN,CARBON STEEL
20260147,2026,OTHER,2010,CARBON STEEL
20260148,2026,EXTERNAL_CORROSION,1977,CARBON STEEL
20260149,2026,INTERNAL_CORROSION,2019,CARBON STEEL
